atspi-check	Set up job	﻿2026-09-05T15:00:59.3684674Z Current runner version: '2.337.0'
atspi-check	Set up job	2026-09-05T15:00:59.3724050Z ##[group]Runner Image Provisioner
atspi-check	Set up job	2026-09-05T15:00:59.3725533Z Hosted Compute Agent
atspi-check	Set up job	2026-09-05T15:00:59.3726601Z Version: 20260828.587
atspi-check	Set up job	2026-09-05T15:00:59.3727633Z Commit: abac92662cab4cc7352de4f9f9d2e2419aad9c29
atspi-check	Set up job	2026-09-05T15:00:59.3728867Z Build Date: 2026-08-28T16:44:25Z
atspi-check	Set up job	2026-09-05T15:00:59.3730397Z Worker ID: {2db5a3cb-f5a0-440e-91cb-8339fc27b8b5}
atspi-check	Set up job	2026-09-05T15:00:59.3731657Z Azure Region: eastus
atspi-check	Set up job	2026-09-05T15:00:59.3732672Z ##[endgroup]
atspi-check	Set up job	2026-09-05T15:00:59.3735129Z ##[group]Operating System
atspi-check	Set up job	2026-09-05T15:00:59.3736712Z Ubuntu
atspi-check	Set up job	2026-09-05T15:00:59.3737788Z 24.04.4
atspi-check	Set up job	2026-09-05T15:00:59.3738680Z LTS
atspi-check	Set up job	2026-09-05T15:00:59.3739919Z ##[endgroup]
atspi-check	Set up job	2026-09-05T15:00:59.3740848Z ##[group]Runner Image
atspi-check	Set up job	2026-09-05T15:00:59.3741859Z Image: ubuntu-24.04
atspi-check	Set up job	2026-09-05T15:00:59.3742936Z Version: 20260831.293.1
atspi-check	Set up job	2026-09-05T15:00:59.3744796Z Included Software: https://github.com/actions/runner-images/blob/ubuntu24/20260831.293/images/ubuntu/Ubuntu2404-Readme.md
atspi-check	Set up job	2026-09-05T15:00:59.3747935Z Image Release: https://github.com/actions/runner-images/releases/tag/ubuntu24%2F20260831.293
atspi-check	Set up job	2026-09-05T15:00:59.3749964Z ##[endgroup]
atspi-check	Set up job	2026-09-05T15:00:59.3752082Z ##[group]GITHUB_TOKEN Permissions
atspi-check	Set up job	2026-09-05T15:00:59.3755178Z Contents: read
atspi-check	Set up job	2026-09-05T15:00:59.3756164Z Metadata: read
atspi-check	Set up job	2026-09-05T15:00:59.3757086Z Packages: read
atspi-check	Set up job	2026-09-05T15:00:59.3758088Z ##[endgroup]
atspi-check	Set up job	2026-09-05T15:00:59.3761690Z Secret source: Actions
atspi-check	Set up job	2026-09-05T15:00:59.3763795Z Prepare workflow directory
atspi-check	Set up job	2026-09-05T15:00:59.5064980Z Prepare all required actions
atspi-check	Set up job	2026-09-05T15:00:59.5123130Z Getting action download info
atspi-check	Set up job	2026-09-05T15:00:59.6483473Z Download action repository 'actions/checkout@v4' (SHA:11d5960a326750d5838078e36cf38b85af677262)
atspi-check	Set up job	2026-09-05T15:00:59.8410388Z Download action repository 'actions/upload-artifact@v4' (SHA:ea165f8d65b6e75b540449e92b4886f43607fa02)
atspi-check	Set up job	2026-09-05T15:01:00.1683852Z Complete job name: atspi-check
atspi-check	Checkout code	﻿2026-09-05T15:01:00.4065989Z Node 20 is being deprecated. This workflow is running with Node 24 by default. If you need to temporarily use Node 20, you can set the ACTIONS_ALLOW_USE_UNSECURE_NODE_VERSION=true environment variable. For more information see: https://github.blog/changelog/2025-09-19-deprecation-of-node-20-on-github-actions-runners/
atspi-check	Checkout code	2026-09-05T15:01:00.4075403Z ##[group]Run actions/checkout@v4
atspi-check	Checkout code	2026-09-05T15:01:00.4076177Z with:
atspi-check	Checkout code	2026-09-05T15:01:00.4076628Z   repository: mtigzoe/keepassxc
atspi-check	Checkout code	2026-09-05T15:01:00.4081005Z   token: ***
atspi-check	Checkout code	2026-09-05T15:01:00.4081460Z   ssh-strict: true
atspi-check	Checkout code	2026-09-05T15:01:00.4081906Z   ssh-user: git
atspi-check	Checkout code	2026-09-05T15:01:00.4082368Z   persist-credentials: true
atspi-check	Checkout code	2026-09-05T15:01:00.4082865Z   clean: true
atspi-check	Checkout code	2026-09-05T15:01:00.4083327Z   sparse-checkout-cone-mode: true
atspi-check	Checkout code	2026-09-05T15:01:00.4083844Z   fetch-depth: 1
atspi-check	Checkout code	2026-09-05T15:01:00.4084271Z   fetch-tags: false
atspi-check	Checkout code	2026-09-05T15:01:00.4084712Z   show-progress: true
atspi-check	Checkout code	2026-09-05T15:01:00.4085157Z   lfs: false
atspi-check	Checkout code	2026-09-05T15:01:00.4085569Z   submodules: false
atspi-check	Checkout code	2026-09-05T15:01:00.4086056Z   set-safe-directory: true
atspi-check	Checkout code	2026-09-05T15:01:00.4086565Z   allow-unsafe-pr-checkout: false
atspi-check	Checkout code	2026-09-05T15:01:00.4087492Z ##[endgroup]
atspi-check	Checkout code	2026-09-05T15:01:00.5246507Z Syncing repository: mtigzoe/keepassxc
atspi-check	Checkout code	2026-09-05T15:01:00.5249223Z ##[group]Getting Git version info
atspi-check	Checkout code	2026-09-05T15:01:00.5250453Z Working directory is '/home/runner/work/keepassxc/keepassxc'
atspi-check	Checkout code	2026-09-05T15:01:00.5252158Z [command]/usr/bin/git version
atspi-check	Checkout code	2026-09-05T15:01:00.5357539Z git version 2.55.0
atspi-check	Checkout code	2026-09-05T15:01:00.5384532Z ##[endgroup]
atspi-check	Checkout code	2026-09-05T15:01:00.5402435Z Temporarily overriding HOME='/home/runner/work/_temp/63dc4d99-1574-41c0-b4b0-915f014e6ee7' before making global git config changes
atspi-check	Checkout code	2026-09-05T15:01:00.5404747Z Adding repository directory to the temporary git global config as a safe directory
atspi-check	Checkout code	2026-09-05T15:01:00.5409976Z [command]/usr/bin/git config --global --add safe.directory /home/runner/work/keepassxc/keepassxc
atspi-check	Checkout code	2026-09-05T15:01:00.5486792Z Deleting the contents of '/home/runner/work/keepassxc/keepassxc'
atspi-check	Checkout code	2026-09-05T15:01:00.5491858Z ##[group]Initializing the repository
atspi-check	Checkout code	2026-09-05T15:01:00.5500635Z [command]/usr/bin/git init /home/runner/work/keepassxc/keepassxc
atspi-check	Checkout code	2026-09-05T15:01:00.5627185Z hint: Using 'master' as the name for the initial branch. This default branch name
atspi-check	Checkout code	2026-09-05T15:01:00.5629271Z hint: will change to "main" in Git 3.0. To configure the initial branch name
atspi-check	Checkout code	2026-09-05T15:01:00.5631698Z hint: to use in all of your new repositories, which will suppress this warning,
atspi-check	Checkout code	2026-09-05T15:01:00.5634428Z hint: call:
atspi-check	Checkout code	2026-09-05T15:01:00.5635281Z hint:
atspi-check	Checkout code	2026-09-05T15:01:00.5636283Z hint: 	git config --global init.defaultBranch <name>
atspi-check	Checkout code	2026-09-05T15:01:00.5637567Z hint:
atspi-check	Checkout code	2026-09-05T15:01:00.5638696Z hint: Names commonly chosen instead of 'master' are 'main', 'trunk' and
atspi-check	Checkout code	2026-09-05T15:01:00.5640848Z hint: 'development'. The just-created branch can be renamed via this command:
atspi-check	Checkout code	2026-09-05T15:01:00.5652262Z hint:
atspi-check	Checkout code	2026-09-05T15:01:00.5653592Z hint: 	git branch -m <name>
atspi-check	Checkout code	2026-09-05T15:01:00.5654675Z hint:
atspi-check	Checkout code	2026-09-05T15:01:00.5656042Z hint: Disable this message with "git config set advice.defaultBranchName false"
atspi-check	Checkout code	2026-09-05T15:01:00.5658158Z Initialized empty Git repository in /home/runner/work/keepassxc/keepassxc/.git/
atspi-check	Checkout code	2026-09-05T15:01:00.5662318Z [command]/usr/bin/git remote add origin https://github.com/mtigzoe/keepassxc
atspi-check	Checkout code	2026-09-05T15:01:00.5706206Z ##[endgroup]
atspi-check	Checkout code	2026-09-05T15:01:00.5714195Z ##[group]Disabling automatic garbage collection
atspi-check	Checkout code	2026-09-05T15:01:00.5715511Z [command]/usr/bin/git config --local gc.auto 0
atspi-check	Checkout code	2026-09-05T15:01:00.5754145Z ##[endgroup]
atspi-check	Checkout code	2026-09-05T15:01:00.5755491Z ##[group]Setting up auth
atspi-check	Checkout code	2026-09-05T15:01:00.5763565Z [command]/usr/bin/git config --local --name-only --get-regexp core\.sshCommand
atspi-check	Checkout code	2026-09-05T15:01:00.5810113Z [command]/usr/bin/git submodule foreach --recursive sh -c "git config --local --name-only --get-regexp 'core\.sshCommand' && git config --local --unset-all 'core.sshCommand' || :"
atspi-check	Checkout code	2026-09-05T15:01:00.6257054Z [command]/usr/bin/git config --local --name-only --get-regexp http\.https\:\/\/github\.com\/\.extraheader
atspi-check	Checkout code	2026-09-05T15:01:00.6301459Z [command]/usr/bin/git submodule foreach --recursive sh -c "git config --local --name-only --get-regexp 'http\.https\:\/\/github\.com\/\.extraheader' && git config --local --unset-all 'http.https://github.com/.extraheader' || :"
atspi-check	Checkout code	2026-09-05T15:01:00.6544232Z [command]/usr/bin/git config --local --name-only --get-regexp ^includeIf\.gitdir:
atspi-check	Checkout code	2026-09-05T15:01:00.6587399Z [command]/usr/bin/git submodule foreach --recursive git config --local --show-origin --name-only --get-regexp remote.origin.url
atspi-check	Checkout code	2026-09-05T15:01:00.6840945Z [command]/usr/bin/git config --local http.https://github.com/.extraheader AUTHORIZATION: basic ***
atspi-check	Checkout code	2026-09-05T15:01:00.6884959Z ##[endgroup]
atspi-check	Checkout code	2026-09-05T15:01:00.6895111Z ##[group]Fetching the repository
atspi-check	Checkout code	2026-09-05T15:01:00.6897422Z [command]/usr/bin/git -c protocol.version=2 fetch --no-tags --prune --no-recurse-submodules --depth=1 origin +5eb4ff99c8960862b695368a60f59b69626941f2:refs/remotes/origin/feature/gui-accessibility
atspi-check	Checkout code	2026-09-05T15:01:01.9023129Z From https://github.com/mtigzoe/keepassxc
atspi-check	Checkout code	2026-09-05T15:01:01.9026662Z  * [new ref]         5eb4ff99c8960862b695368a60f59b69626941f2 -> origin/feature/gui-accessibility
atspi-check	Checkout code	2026-09-05T15:01:01.9033069Z ##[endgroup]
atspi-check	Checkout code	2026-09-05T15:01:01.9035019Z ##[group]Determining the checkout info
atspi-check	Checkout code	2026-09-05T15:01:01.9037000Z ##[endgroup]
atspi-check	Checkout code	2026-09-05T15:01:01.9037828Z [command]/usr/bin/git sparse-checkout disable
atspi-check	Checkout code	2026-09-05T15:01:01.9103916Z [command]/usr/bin/git config --local --unset-all extensions.worktreeConfig
atspi-check	Checkout code	2026-09-05T15:01:01.9146694Z ##[group]Checking out the ref
atspi-check	Checkout code	2026-09-05T15:01:01.9150078Z [command]/usr/bin/git checkout --progress --force -B feature/gui-accessibility refs/remotes/origin/feature/gui-accessibility
atspi-check	Checkout code	2026-09-05T15:01:02.0985084Z Switched to a new branch 'feature/gui-accessibility'
atspi-check	Checkout code	2026-09-05T15:01:02.0990075Z branch 'feature/gui-accessibility' set up to track 'origin/feature/gui-accessibility'.
atspi-check	Checkout code	2026-09-05T15:01:02.1007704Z ##[endgroup]
atspi-check	Checkout code	2026-09-05T15:01:02.1063751Z [command]/usr/bin/git log -1 --format=%H
atspi-check	Checkout code	2026-09-05T15:01:02.1100315Z 5eb4ff99c8960862b695368a60f59b69626941f2
atspi-check	Install build + accessibility deps	﻿2026-09-05T15:01:02.1714091Z ##[group]Run sudo apt-get update
atspi-check	Install build + accessibility deps	2026-09-05T15:01:02.1715577Z ^[[36;1msudo apt-get update^[[0m
atspi-check	Install build + accessibility deps	2026-09-05T15:01:02.1717022Z ^[[36;1msudo apt-get install -y --no-install-recommends \^[[0m
atspi-check	Install build + accessibility deps	2026-09-05T15:01:02.1718790Z ^[[36;1m  build-essential cmake ninja-build pkg-config git \^[[0m
atspi-check	Install build + accessibility deps	2026-09-05T15:01:02.1721068Z ^[[36;1m  qt6-base-dev qt6-tools-dev qt6-tools-dev-tools qt6-l10n-tools libqt6svg6-dev \^[[0m
atspi-check	Install build + accessibility deps	2026-09-05T15:01:02.1723740Z ^[[36;1m  libbotan-2-dev zlib1g-dev libminizip-dev libargon2-dev libqrencode-dev libreadline-dev \^[[0m
atspi-check	Install build + accessibility deps	2026-09-05T15:01:02.1726033Z ^[[36;1m  libpcsclite-dev libusb-1.0-0-dev libkeyutils-dev \^[[0m
atspi-check	Install build + accessibility deps	2026-09-05T15:01:02.1728050Z ^[[36;1m  libxkbcommon-dev libxkbcommon-x11-dev libxi-dev libxtst-dev libx11-dev \^[[0m
atspi-check	Install build + accessibility deps	2026-09-05T15:01:02.1730412Z ^[[36;1m  xvfb fluxbox dbus-x11 at-spi2-core python3-dogtail python3-pyatspi^[[0m
atspi-check	Install build + accessibility deps	2026-09-05T15:01:02.1773386Z shell: /usr/bin/bash -e {0}
atspi-check	Install build + accessibility deps	2026-09-05T15:01:02.1774548Z ##[endgroup]
atspi-check	Install build + accessibility deps	2026-09-05T15:01:02.3791241Z Get:1 file:/etc/apt/apt-mirrors.txt Mirrorlist [144 B]
atspi-check	Install build + accessibility deps	2026-09-05T15:01:02.3995141Z Get:6 https://packages.microsoft.com/ubuntu/24.04/prod noble InRelease [3600 B]
atspi-check	Install build + accessibility deps	2026-09-05T15:01:02.4330761Z Hit:2 http://azure.archive.ubuntu.com/ubuntu noble InRelease
atspi-check	Install build + accessibility deps	2026-09-05T15:01:02.4345445Z Get:3 http://azure.archive.ubuntu.com/ubuntu noble-updates InRelease [126 kB]
atspi-check	Install build + accessibility deps	2026-09-05T15:01:02.4458164Z Get:4 http://azure.archive.ubuntu.com/ubuntu noble-backports InRelease [126 kB]
atspi-check	Install build + accessibility deps	2026-09-05T15:01:02.4486987Z Get:5 http://azure.archive.ubuntu.com/ubuntu noble-security InRelease [126 kB]
atspi-check	Install build + accessibility deps	2026-09-05T15:01:02.4552007Z Get:7 https://dl.google.com/linux/chrome-stable/deb stable InRelease [2548 B]
atspi-check	Install build + accessibility deps	2026-09-05T15:01:02.5755490Z Get:8 https://packages.microsoft.com/ubuntu/24.04/prod noble/main amd64 Packages [441 kB]
atspi-check	Install build + accessibility deps	2026-09-05T15:01:02.5893691Z Get:9 https://packages.microsoft.com/ubuntu/24.04/prod noble/main arm64 Packages [394 kB]
atspi-check	Install build + accessibility deps	2026-09-05T15:01:02.7084215Z Get:10 http://azure.archive.ubuntu.com/ubuntu noble-updates/main amd64 Packages [1260 kB]
atspi-check	Install build + accessibility deps	2026-09-05T15:01:02.7187610Z Get:11 http://azure.archive.ubuntu.com/ubuntu noble-updates/main Translation-en [292 kB]
atspi-check	Install build + accessibility deps	2026-09-05T15:01:02.7211432Z Get:12 http://azure.archive.ubuntu.com/ubuntu noble-updates/main amd64 Components [180 kB]
atspi-check	Install build + accessibility deps	2026-09-05T15:01:02.7228677Z Get:13 http://azure.archive.ubuntu.com/ubuntu noble-updates/universe amd64 Packages [1690 kB]
atspi-check	Install build + accessibility deps	2026-09-05T15:01:02.7326751Z Get:14 http://azure.archive.ubuntu.com/ubuntu noble-updates/universe Translation-en [339 kB]
atspi-check	Install build + accessibility deps	2026-09-05T15:01:02.7356582Z Get:15 http://azure.archive.ubuntu.com/ubuntu noble-updates/universe amd64 Components [388 kB]
atspi-check	Install build + accessibility deps	2026-09-05T15:01:02.7392485Z Get:16 http://azure.archive.ubuntu.com/ubuntu noble-updates/restricted amd64 Packages [1536 kB]
atspi-check	Install build + accessibility deps	2026-09-05T15:01:02.7501610Z Get:17 http://azure.archive.ubuntu.com/ubuntu noble-updates/restricted Translation-en [352 kB]
atspi-check	Install build + accessibility deps	2026-09-05T15:01:02.7525670Z Get:18 http://azure.archive.ubuntu.com/ubuntu noble-updates/multiverse amd64 Components [940 B]
atspi-check	Install build + accessibility deps	2026-09-05T15:01:02.7770623Z Get:19 http://azure.archive.ubuntu.com/ubuntu noble-backports/main amd64 Components [5740 B]
atspi-check	Install build + accessibility deps	2026-09-05T15:01:02.8312717Z Get:20 http://azure.archive.ubuntu.com/ubuntu noble-backports/universe amd64 Components [12.6 kB]
atspi-check	Install build + accessibility deps	2026-09-05T15:01:02.8468312Z Get:21 http://azure.archive.ubuntu.com/ubuntu noble-security/main amd64 Packages [1002 kB]
atspi-check	Install build + accessibility deps	2026-09-05T15:01:02.8544374Z Get:22 http://azure.archive.ubuntu.com/ubuntu noble-security/main Translation-en [212 kB]
atspi-check	Install build + accessibility deps	2026-09-05T15:01:02.8574711Z Get:23 http://azure.archive.ubuntu.com/ubuntu noble-security/main amd64 Components [46.4 kB]
atspi-check	Install build + accessibility deps	2026-09-05T15:01:02.8597408Z Get:24 http://azure.archive.ubuntu.com/ubuntu noble-security/universe amd64 Packages [1206 kB]
atspi-check	Install build + accessibility deps	2026-09-05T15:01:02.8692565Z Get:25 http://azure.archive.ubuntu.com/ubuntu noble-security/universe Translation-en [241 kB]
atspi-check	Install build + accessibility deps	2026-09-05T15:01:02.8719313Z Get:26 http://azure.archive.ubuntu.com/ubuntu noble-security/universe amd64 Components [76.3 kB]
atspi-check	Install build + accessibility deps	2026-09-05T15:01:02.8732388Z Get:27 http://azure.archive.ubuntu.com/ubuntu noble-security/restricted amd64 Packages [1437 kB]
atspi-check	Install build + accessibility deps	2026-09-05T15:01:02.8819345Z Get:28 http://azure.archive.ubuntu.com/ubuntu noble-security/restricted Translation-en [334 kB]
atspi-check	Install build + accessibility deps	2026-09-05T15:01:02.9481935Z Get:29 https://dl.google.com/linux/chrome-stable/deb stable/main amd64 Packages [1401 B]
atspi-check	Install build + accessibility deps	2026-09-05T15:01:10.7410224Z Fetched 11.8 MB in 1s (8087 kB/s)
atspi-check	Install build + accessibility deps	2026-09-05T15:01:11.5994028Z Reading package lists...
atspi-check	Install build + accessibility deps	2026-09-05T15:01:11.6311768Z Reading package lists...
atspi-check	Install build + accessibility deps	2026-09-05T15:01:11.8478092Z Building dependency tree...
atspi-check	Install build + accessibility deps	2026-09-05T15:01:11.8487102Z Reading state information...
atspi-check	Install build + accessibility deps	2026-09-05T15:01:12.0410897Z pkg-config is already the newest version (1.8.1-2build1).
atspi-check	Install build + accessibility deps	2026-09-05T15:01:12.0412312Z git is already the newest version (1:2.55.0-0ppa1~ubuntu24.04.2).
atspi-check	Install build + accessibility deps	2026-09-05T15:01:12.0413256Z git set to manually installed.
atspi-check	Install build + accessibility deps	2026-09-05T15:01:12.0414159Z zlib1g-dev is already the newest version (1:1.3.dfsg-3.1ubuntu2.2).
atspi-check	Install build + accessibility deps	2026-09-05T15:01:12.0415456Z xvfb is already the newest version (2:21.1.12-1ubuntu1.6).
atspi-check	Install build + accessibility deps	2026-09-05T15:01:12.0416887Z The following additional packages will be installed:
atspi-check	Install build + accessibility deps	2026-09-05T15:01:12.0418052Z   assistant-qt6 cmake-data designer-qt6 fonts-urw-base35 gir1.2-atk-1.0
atspi-check	Install build + accessibility deps	2026-09-05T15:01:12.0419689Z   gir1.2-atspi-2.0 gir1.2-freedesktop gir1.2-gdkpixbuf-2.0 gir1.2-gtk-3.0
atspi-check	Install build + accessibility deps	2026-09-05T15:01:12.0421032Z   gir1.2-harfbuzz-0.0 gir1.2-pango-1.0 gsettings-desktop-schemas
atspi-check	Install build + accessibility deps	2026-09-05T15:01:12.0422277Z   libatk-adaptor libb2-1 libbotan-2-19 libclang-cpp15t64 libclang1-15t64
atspi-check	Install build + accessibility deps	2026-09-05T15:01:12.0423482Z   libdouble-conversion3 libegl-mesa0 libegl1 libgif7 libgl-dev libglx-dev
atspi-check	Install build + accessibility deps	2026-09-05T15:01:12.0424512Z   libgs-common libgs10 libgs10-common libgumbo2 libharfbuzz-gobject0
atspi-check	Install build + accessibility deps	2026-09-05T15:01:12.0425523Z   libhwy1t64 libid3tag0 libidn12 libijs-0.35 libimlib2t64 libinput-bin
atspi-check	Install build + accessibility deps	2026-09-05T15:01:12.0426539Z   libinput10 libjbig2dec0 libjsoncpp25 libjxl0.7 liblitehtml0t64 libllvm15t64
atspi-check	Install build + accessibility deps	2026-09-05T15:01:12.0427518Z   libmd4c0 libminizip1t64 libmtdev1t64 libopengl-dev libopengl0
atspi-check	Install build + accessibility deps	2026-09-05T15:01:12.0428533Z   libpangoxft-1.0-0 libpaper1 libpcsclite1 libproxy1v5 libpthread-stubs0-dev
atspi-check	Install build + accessibility deps	2026-09-05T15:01:12.0430347Z   libqrencode4 libqt6concurrent6t64 libqt6core6t64 libqt6dbus6t64
atspi-check	Install build + accessibility deps	2026-09-05T15:01:12.0431502Z   libqt6designer6 libqt6designercomponents6 libqt6gui6t64 libqt6help6
atspi-check	Install build + accessibility deps	2026-09-05T15:01:12.0432462Z   libqt6network6t64 libqt6opengl6t64 libqt6openglwidgets6t64
atspi-check	Install build + accessibility deps	2026-09-05T15:01:12.0433291Z   libqt6printsupport6t64 libqt6qml6 libqt6qmlmodels6 libqt6quick6
atspi-check	Install build + accessibility deps	2026-09-05T15:01:12.0434104Z   libqt6quickwidgets6 libqt6sql6-sqlite libqt6sql6t64 libqt6svg6
atspi-check	Install build + accessibility deps	2026-09-05T15:01:12.0434890Z   libqt6svgwidgets6 libqt6test6t64 libqt6uitools6 libqt6widgets6t64
atspi-check	Install build + accessibility deps	2026-09-05T15:01:12.0435841Z   libqt6xml6t64 librhash0 librsvg2-2 libspectre1 libts0t64 libtspi1
atspi-check	Install build + accessibility deps	2026-09-05T15:01:12.0436859Z   libvulkan-dev libwacom-common libwacom9 libxau-dev libxcb-icccm4
atspi-check	Install build + accessibility deps	2026-09-05T15:01:12.0437955Z   libxcb-image0 libxcb-keysyms1 libxcb-render-util0 libxcb-shape0 libxcb-util1
atspi-check	Install build + accessibility deps	2026-09-05T15:01:12.0438941Z   libxcb-xkb-dev libxcb-xkb1 libxcb1-dev libxdmcp-dev libxext-dev
atspi-check	Install build + accessibility deps	2026-09-05T15:01:12.0440132Z   libxfixes-dev libxkbcommon-x11-0 linguist-qt6 menu poppler-data
atspi-check	Install build + accessibility deps	2026-09-05T15:01:12.0440963Z   python3-cairo python3-gi-cairo qdbus-qt6 qmake6 qmake6-bin
atspi-check	Install build + accessibility deps	2026-09-05T15:01:12.0441867Z   qt6-base-dev-tools qt6-documentation-tools qt6-qpa-plugins session-migration
atspi-check	Install build + accessibility deps	2026-09-05T15:01:12.0442874Z   x11proto-dev xfonts-encodings xfonts-utils xorg-sgml-doctools xtrans-dev
atspi-check	Install build + accessibility deps	2026-09-05T15:01:12.0445173Z Suggested packages:
atspi-check	Install build + accessibility deps	2026-09-05T15:01:12.0445819Z   cmake-doc cmake-format elpa-cmake-mode fbpager fbdesk fbautostart
atspi-check	Install build + accessibility deps	2026-09-05T15:01:12.0446622Z   fonts-freefont-otf | fonts-freefont-ttf fonts-texgyre pcscd
atspi-check	Install build + accessibility deps	2026-09-05T15:01:12.0447202Z   qt6-qmltooling-plugins readline-doc librsvg2-bin libwacom-bin libx11-doc
atspi-check	Install build + accessibility deps	2026-09-05T15:01:12.0447809Z   libxcb-doc libxext-doc menu-l10n gksu | kde-cli-tools | ktsuss poppler-utils
atspi-check	Install build + accessibility deps	2026-09-05T15:01:12.0448361Z   ghostscript fonts-japanese-mincho | fonts-ipafont-mincho
atspi-check	Install build + accessibility deps	2026-09-05T15:01:12.0448862Z   fonts-japanese-gothic | fonts-ipafont-gothic fonts-arphic-ukai
atspi-check	Install build + accessibility deps	2026-09-05T15:01:12.0450439Z   fonts-arphic-uming fonts-nanum
atspi-check	Install build + accessibility deps	2026-09-05T15:01:12.0451363Z Recommended packages:
atspi-check	Install build + accessibility deps	2026-09-05T15:01:12.0451913Z   xfonts-terminus feh | eterm | hsetroot | xloadimage fonts-droid-fallback
atspi-check	Install build + accessibility deps	2026-09-05T15:01:12.0452543Z   libpaper-utils qt6-translations-l10n qt6-gtk-platformtheme qt6-wayland
atspi-check	Install build + accessibility deps	2026-09-05T15:01:12.0453017Z   librsvg2-common libusb-1.0-doc imagemagick
atspi-check	Install build + accessibility deps	2026-09-05T15:01:12.1509256Z The following NEW packages will be installed:
atspi-check	Install build + accessibility deps	2026-09-05T15:01:12.1510628Z   assistant-qt6 at-spi2-core build-essential cmake cmake-data dbus-x11
atspi-check	Install build + accessibility deps	2026-09-05T15:01:12.1511788Z   designer-qt6 fluxbox fonts-urw-base35 gir1.2-atk-1.0 gir1.2-atspi-2.0
atspi-check	Install build + accessibility deps	2026-09-05T15:01:12.1512988Z   gir1.2-freedesktop gir1.2-gdkpixbuf-2.0 gir1.2-gtk-3.0 gir1.2-harfbuzz-0.0
atspi-check	Install build + accessibility deps	2026-09-05T15:01:12.1514235Z   gir1.2-pango-1.0 gsettings-desktop-schemas libargon2-dev libatk-adaptor
atspi-check	Install build + accessibility deps	2026-09-05T15:01:12.1515706Z   libb2-1 libbotan-2-19 libbotan-2-dev libclang-cpp15t64 libclang1-15t64
atspi-check	Install build + accessibility deps	2026-09-05T15:01:12.1516975Z   libdouble-conversion3 libegl-mesa0 libegl1 libgif7 libgl-dev libglx-dev
atspi-check	Install build + accessibility deps	2026-09-05T15:01:12.1518202Z   libgs-common libgs10 libgs10-common libgumbo2 libharfbuzz-gobject0
atspi-check	Install build + accessibility deps	2026-09-05T15:01:12.1519254Z   libhwy1t64 libid3tag0 libidn12 libijs-0.35 libimlib2t64 libinput-bin
atspi-check	Install build + accessibility deps	2026-09-05T15:01:12.1520366Z   libinput10 libjbig2dec0 libjsoncpp25 libjxl0.7 libkeyutils-dev
atspi-check	Install build + accessibility deps	2026-09-05T15:01:12.1521285Z   liblitehtml0t64 libllvm15t64 libmd4c0 libminizip-dev libminizip1t64
atspi-check	Install build + accessibility deps	2026-09-05T15:01:12.1522218Z   libmtdev1t64 libopengl-dev libopengl0 libpangoxft-1.0-0 libpaper1
atspi-check	Install build + accessibility deps	2026-09-05T15:01:12.1523118Z   libpcsclite-dev libpcsclite1 libproxy1v5 libpthread-stubs0-dev
atspi-check	Install build + accessibility deps	2026-09-05T15:01:12.1523947Z   libqrencode-dev libqrencode4 libqt6concurrent6t64 libqt6core6t64
atspi-check	Install build + accessibility deps	2026-09-05T15:01:12.1524873Z   libqt6dbus6t64 libqt6designer6 libqt6designercomponents6 libqt6gui6t64
atspi-check	Install build + accessibility deps	2026-09-05T15:01:12.1525935Z   libqt6help6 libqt6network6t64 libqt6opengl6t64 libqt6openglwidgets6t64
atspi-check	Install build + accessibility deps	2026-09-05T15:01:12.1526963Z   libqt6printsupport6t64 libqt6qml6 libqt6qmlmodels6 libqt6quick6
atspi-check	Install build + accessibility deps	2026-09-05T15:01:12.1528016Z   libqt6quickwidgets6 libqt6sql6-sqlite libqt6sql6t64 libqt6svg6
atspi-check	Install build + accessibility deps	2026-09-05T15:01:12.1528891Z   libqt6svgwidgets6 libqt6test6t64 libqt6uitools6 libqt6widgets6t64
atspi-check	Install build + accessibility deps	2026-09-05T15:01:12.1530016Z   libqt6xml6t64 libreadline-dev librhash0 librsvg2-2 libspectre1 libts0t64
atspi-check	Install build + accessibility deps	2026-09-05T15:01:12.1531000Z   libtspi1 libusb-1.0-0-dev libvulkan-dev libwacom-common libwacom9 libx11-dev
atspi-check	Install build + accessibility deps	2026-09-05T15:01:12.1531961Z   libxau-dev libxcb-icccm4 libxcb-image0 libxcb-keysyms1 libxcb-render-util0
atspi-check	Install build + accessibility deps	2026-09-05T15:01:12.1532921Z   libxcb-shape0 libxcb-util1 libxcb-xkb-dev libxcb-xkb1 libxcb1-dev
atspi-check	Install build + accessibility deps	2026-09-05T15:01:12.1533773Z   libxdmcp-dev libxext-dev libxfixes-dev libxi-dev libxkbcommon-dev
atspi-check	Install build + accessibility deps	2026-09-05T15:01:12.1534737Z   libxkbcommon-x11-0 libxkbcommon-x11-dev libxtst-dev linguist-qt6 menu
atspi-check	Install build + accessibility deps	2026-09-05T15:01:12.1535823Z   ninja-build poppler-data python3-cairo python3-dogtail python3-gi-cairo
atspi-check	Install build + accessibility deps	2026-09-05T15:01:12.1536847Z   python3-pyatspi qdbus-qt6 qmake6 qmake6-bin qt6-base-dev qt6-base-dev-tools
atspi-check	Install build + accessibility deps	2026-09-05T15:01:12.1537945Z   qt6-documentation-tools qt6-l10n-tools qt6-qpa-plugins qt6-svg-dev
atspi-check	Install build + accessibility deps	2026-09-05T15:01:12.1538829Z   qt6-tools-dev qt6-tools-dev-tools session-migration x11proto-dev
atspi-check	Install build + accessibility deps	2026-09-05T15:01:12.1539853Z   xfonts-encodings xfonts-utils xorg-sgml-doctools xtrans-dev
atspi-check	Install build + accessibility deps	2026-09-05T15:01:12.1783907Z 0 upgraded, 139 newly installed, 0 to remove and 38 not upgraded.
atspi-check	Install build + accessibility deps	2026-09-05T15:01:12.1784699Z Need to get 116 MB of archives.
atspi-check	Install build + accessibility deps	2026-09-05T15:01:12.1785330Z After this operation, 498 MB of additional disk space will be used.
atspi-check	Install build + accessibility deps	2026-09-05T15:01:12.1786064Z Get:1 file:/etc/apt/apt-mirrors.txt Mirrorlist [144 B]
atspi-check	Install build + accessibility deps	2026-09-05T15:01:12.2134137Z Get:2 http://azure.archive.ubuntu.com/ubuntu noble/main amd64 poppler-data all 0.4.12-1 [2060 kB]
atspi-check	Install build + accessibility deps	2026-09-05T15:01:12.2391283Z Get:3 http://azure.archive.ubuntu.com/ubuntu noble/universe amd64 libgumbo2 amd64 0.12.0+dfsg-2build1 [126 kB]
atspi-check	Install build + accessibility deps	2026-09-05T15:01:12.2478037Z Get:4 http://azure.archive.ubuntu.com/ubuntu noble/universe amd64 liblitehtml0t64 amd64 0.6-1.2ubuntu2 [208 kB]
atspi-check	Install build + accessibility deps	2026-09-05T15:01:12.2569336Z Get:5 http://azure.archive.ubuntu.com/ubuntu noble/universe amd64 libb2-1 amd64 0.98.1-1.1build1 [45.0 kB]
atspi-check	Install build + accessibility deps	2026-09-05T15:01:12.2651187Z Get:6 http://azure.archive.ubuntu.com/ubuntu noble/universe amd64 libdouble-conversion3 amd64 3.3.0-1build1 [40.3 kB]
atspi-check	Install build + accessibility deps	2026-09-05T15:01:12.2732030Z Get:7 http://azure.archive.ubuntu.com/ubuntu noble/universe amd64 libqt6core6t64 amd64 6.4.2+dfsg-21.1build5 [1789 kB]
atspi-check	Install build + accessibility deps	2026-09-05T15:01:12.2942551Z Get:8 http://azure.archive.ubuntu.com/ubuntu noble-updates/main amd64 libegl-mesa0 amd64 25.2.8-0ubuntu0.24.04.2 [117 kB]
atspi-check	Install build + accessibility deps	2026-09-05T15:01:12.3031135Z Get:9 http://azure.archive.ubuntu.com/ubuntu noble/main amd64 libegl1 amd64 1.7.0-1build1 [28.7 kB]
atspi-check	Install build + accessibility deps	2026-09-05T15:01:12.3112967Z Get:10 http://azure.archive.ubuntu.com/ubuntu noble/main amd64 libmtdev1t64 amd64 1.1.6-1.1build1 [14.4 kB]
atspi-check	Install build + accessibility deps	2026-09-05T15:01:12.3190694Z Get:11 http://azure.archive.ubuntu.com/ubuntu noble/main amd64 libwacom-common all 2.10.0-2 [63.4 kB]
atspi-check	Install build + accessibility deps	2026-09-05T15:01:12.3270712Z Get:12 http://azure.archive.ubuntu.com/ubuntu noble/main amd64 libwacom9 amd64 2.10.0-2 [23.9 kB]
atspi-check	Install build + accessibility deps	2026-09-05T15:01:12.3349081Z Get:13 http://azure.archive.ubuntu.com/ubuntu noble-updates/main amd64 libinput-bin amd64 1.25.0-1ubuntu3.6 [23.2 kB]
atspi-check	Install build + accessibility deps	2026-09-05T15:01:12.3427879Z Get:14 http://azure.archive.ubuntu.com/ubuntu noble-updates/main amd64 libinput10 amd64 1.25.0-1ubuntu3.6 [133 kB]
atspi-check	Install build + accessibility deps	2026-09-05T15:01:12.3516342Z Get:15 http://azure.archive.ubuntu.com/ubuntu noble/universe amd64 libmd4c0 amd64 0.4.8-1build1 [42.3 kB]
atspi-check	Install build + accessibility deps	2026-09-05T15:01:12.3594350Z Get:16 http://azure.archive.ubuntu.com/ubuntu noble/main amd64 libopengl0 amd64 1.7.0-1build1 [32.8 kB]
atspi-check	Install build + accessibility deps	2026-09-05T15:01:12.3680081Z Get:17 http://azure.archive.ubuntu.com/ubuntu noble/universe amd64 libqt6dbus6t64 amd64 6.4.2+dfsg-21.1build5 [267 kB]
atspi-check	Install build + accessibility deps	2026-09-05T15:01:12.3773997Z Get:18 http://azure.archive.ubuntu.com/ubuntu noble/universe amd64 libts0t64 amd64 1.22-1.1build1 [63.8 kB]
atspi-check	Install build + accessibility deps	2026-09-05T15:01:12.3852841Z Get:19 http://azure.archive.ubuntu.com/ubuntu noble/main amd64 libxcb-icccm4 amd64 0.4.1-1.1build3 [10.8 kB]
atspi-check	Install build + accessibility deps	2026-09-05T15:01:12.4511037Z Get:20 http://azure.archive.ubuntu.com/ubuntu noble/main amd64 libxcb-util1 amd64 0.4.0-1build3 [10.7 kB]
atspi-check	Install build + accessibility deps	2026-09-05T15:01:12.4596534Z Get:21 http://azure.archive.ubuntu.com/ubuntu noble/main amd64 libxcb-image0 amd64 0.4.0-2build1 [10.8 kB]
atspi-check	Install build + accessibility deps	2026-09-05T15:01:12.4895796Z Get:22 http://azure.archive.ubuntu.com/ubuntu noble/main amd64 libxcb-keysyms1 amd64 0.4.0-1build4 [7956 B]
atspi-check	Install build + accessibility deps	2026-09-05T15:01:12.4976339Z Get:23 http://azure.archive.ubuntu.com/ubuntu noble/main amd64 libxcb-render-util0 amd64 0.3.9-1build4 [9608 B]
atspi-check	Install build + accessibility deps	2026-09-05T15:01:12.5053544Z Get:24 http://azure.archive.ubuntu.com/ubuntu noble/main amd64 libxcb-shape0 amd64 1.15-1ubuntu2 [6100 B]
atspi-check	Install build + accessibility deps	2026-09-05T15:01:12.5135334Z Get:25 http://azure.archive.ubuntu.com/ubuntu noble/main amd64 libxcb-xkb1 amd64 1.15-1ubuntu2 [32.3 kB]
atspi-check	Install build + accessibility deps	2026-09-05T15:01:12.5218506Z Get:26 http://azure.archive.ubuntu.com/ubuntu noble/main amd64 libxkbcommon-x11-0 amd64 1.6.0-1build1 [14.5 kB]
atspi-check	Install build + accessibility deps	2026-09-05T15:01:12.5294292Z Get:27 http://azure.archive.ubuntu.com/ubuntu noble/universe amd64 libqt6gui6t64 amd64 6.4.2+dfsg-21.1build5 [3119 kB]
atspi-check	Install build + accessibility deps	2026-09-05T15:01:12.5565166Z Get:28 http://azure.archive.ubuntu.com/ubuntu noble/universe amd64 libqt6sql6t64 amd64 6.4.2+dfsg-21.1build5 [141 kB]
atspi-check	Install build + accessibility deps	2026-09-05T15:01:12.5651579Z Get:29 http://azure.archive.ubuntu.com/ubuntu noble/universe amd64 libqt6widgets6t64 amd64 6.4.2+dfsg-21.1build5 [2648 kB]
atspi-check	Install build + accessibility deps	2026-09-05T15:01:12.5892049Z Get:30 http://azure.archive.ubuntu.com/ubuntu noble/universe amd64 libqt6help6 amd64 6.4.2-3build3 [189 kB]
atspi-check	Install build + accessibility deps	2026-09-05T15:01:12.5980147Z Get:31 http://azure.archive.ubuntu.com/ubuntu noble/universe amd64 libqt6printsupport6t64 amd64 6.4.2+dfsg-21.1build5 [222 kB]
atspi-check	Install build + accessibility deps	2026-09-05T15:01:12.6071128Z Get:32 http://azure.archive.ubuntu.com/ubuntu noble/universe amd64 assistant-qt6 amd64 6.4.2-3build3 [272 kB]
atspi-check	Install build + accessibility deps	2026-09-05T15:01:12.6165011Z Get:33 http://azure.archive.ubuntu.com/ubuntu noble/main amd64 session-migration amd64 0.3.9build1 [9034 B]
atspi-check	Install build + accessibility deps	2026-09-05T15:01:12.6245085Z Get:34 http://azure.archive.ubuntu.com/ubuntu noble-updates/main amd64 gsettings-desktop-schemas all 46.1-0ubuntu1 [35.6 kB]
atspi-check	Install build + accessibility deps	2026-09-05T15:01:12.6326551Z Get:35 http://azure.archive.ubuntu.com/ubuntu noble/main amd64 at-spi2-core amd64 2.52.0-1build1 [56.6 kB]
atspi-check	Install build + accessibility deps	2026-09-05T15:01:12.6406788Z Get:36 http://azure.archive.ubuntu.com/ubuntu noble/main amd64 build-essential amd64 12.10ubuntu1 [4928 B]
atspi-check	Install build + accessibility deps	2026-09-05T15:01:12.6491025Z Get:37 http://azure.archive.ubuntu.com/ubuntu noble/main amd64 libjsoncpp25 amd64 1.9.5-6build1 [82.8 kB]
atspi-check	Install build + accessibility deps	2026-09-05T15:01:12.6576497Z Get:38 http://azure.archive.ubuntu.com/ubuntu noble/main amd64 librhash0 amd64 1.4.3-3build1 [129 kB]
atspi-check	Install build + accessibility deps	2026-09-05T15:01:12.7106264Z Get:39 http://azure.archive.ubuntu.com/ubuntu noble/main amd64 cmake-data all 3.28.3-1build7 [2155 kB]
atspi-check	Install build + accessibility deps	2026-09-05T15:01:12.7313234Z Get:40 http://azure.archive.ubuntu.com/ubuntu noble/main amd64 cmake amd64 3.28.3-1build7 [11.2 MB]
atspi-check	Install build + accessibility deps	2026-09-05T15:01:12.8130189Z Get:41 http://azure.archive.ubuntu.com/ubuntu noble-updates/main amd64 dbus-x11 amd64 1.14.10-4ubuntu4.1 [23.3 kB]
atspi-check	Install build + accessibility deps	2026-09-05T15:01:12.8207299Z Get:42 http://azure.archive.ubuntu.com/ubuntu noble/universe amd64 libqt6opengl6t64 amd64 6.4.2+dfsg-21.1build5 [420 kB]
atspi-check	Install build + accessibility deps	2026-09-05T15:01:12.8311161Z Get:43 http://azure.archive.ubuntu.com/ubuntu noble/universe amd64 libqt6openglwidgets6t64 amd64 6.4.2+dfsg-21.1build5 [40.4 kB]
atspi-check	Install build + accessibility deps	2026-09-05T15:01:12.8389281Z Get:44 http://azure.archive.ubuntu.com/ubuntu noble/universe amd64 libqt6xml6t64 amd64 6.4.2+dfsg-21.1build5 [75.9 kB]
atspi-check	Install build + accessibility deps	2026-09-05T15:01:12.8471073Z Get:45 http://azure.archive.ubuntu.com/ubuntu noble/universe amd64 libqt6designer6 amd64 6.4.2-3build3 [2923 kB]
atspi-check	Install build + accessibility deps	2026-09-05T15:01:12.8734140Z Get:46 http://azure.archive.ubuntu.com/ubuntu noble/universe amd64 libqt6designercomponents6 amd64 6.4.2-3build3 [878 kB]
atspi-check	Install build + accessibility deps	2026-09-05T15:01:12.8864129Z Get:47 http://azure.archive.ubuntu.com/ubuntu noble/main amd64 libproxy1v5 amd64 0.5.4-4build1 [26.5 kB]
atspi-check	Install build + accessibility deps	2026-09-05T15:01:12.8941574Z Get:48 http://azure.archive.ubuntu.com/ubuntu noble/universe amd64 libqt6network6t64 amd64 6.4.2+dfsg-21.1build5 [740 kB]
atspi-check	Install build + accessibility deps	2026-09-05T15:01:12.9065059Z Get:49 http://azure.archive.ubuntu.com/ubuntu noble/universe amd64 libqt6qml6 amd64 6.4.2+dfsg-4build3 [1619 kB]
atspi-check	Install build + accessibility deps	2026-09-05T15:01:12.9353715Z Get:50 http://azure.archive.ubuntu.com/ubuntu noble/universe amd64 libqt6qmlmodels6 amd64 6.4.2+dfsg-4build3 [267 kB]
atspi-check	Install build + accessibility deps	2026-09-05T15:01:12.9458885Z Get:51 http://azure.archive.ubuntu.com/ubuntu noble/universe amd64 libqt6quick6 amd64 6.4.2+dfsg-4build3 [2001 kB]
atspi-check	Install build + accessibility deps	2026-09-05T15:01:12.9780545Z Get:52 http://azure.archive.ubuntu.com/ubuntu noble/universe amd64 libqt6quickwidgets6 amd64 6.4.2+dfsg-4build3 [43.8 kB]
atspi-check	Install build + accessibility deps	2026-09-05T15:01:12.9864152Z Get:53 http://azure.archive.ubuntu.com/ubuntu noble/universe amd64 designer-qt6 amd64 6.4.2-3build3 [175 kB]
atspi-check	Install build + accessibility deps	2026-09-05T15:01:12.9963580Z Get:54 http://azure.archive.ubuntu.com/ubuntu noble/universe amd64 menu amd64 2.1.50 [377 kB]
atspi-check	Install build + accessibility deps	2026-09-05T15:01:13.0073271Z Get:55 http://azure.archive.ubuntu.com/ubuntu noble-updates/main amd64 libgif7 amd64 5.2.2-1ubuntu1.2 [35.6 kB]
atspi-check	Install build + accessibility deps	2026-09-05T15:01:13.0151249Z Get:56 http://azure.archive.ubuntu.com/ubuntu noble/universe amd64 libid3tag0 amd64 0.15.1b-14build1 [33.6 kB]
atspi-check	Install build + accessibility deps	2026-09-05T15:01:13.0657747Z Get:57 http://azure.archive.ubuntu.com/ubuntu noble/universe amd64 libhwy1t64 amd64 1.0.7-8.1build1 [584 kB]
atspi-check	Install build + accessibility deps	2026-09-05T15:01:13.0803265Z Get:58 http://azure.archive.ubuntu.com/ubuntu noble-updates/universe amd64 libjxl0.7 amd64 0.7.0-10.2ubuntu6.1 [1001 kB]
atspi-check	Install build + accessibility deps	2026-09-05T15:01:13.0984767Z Get:59 http://azure.archive.ubuntu.com/ubuntu noble/main amd64 librsvg2-2 amd64 2.58.0+dfsg-1build1 [2135 kB]
atspi-check	Install build + accessibility deps	2026-09-05T15:01:13.1218350Z Get:60 http://azure.archive.ubuntu.com/ubuntu noble/main amd64 xfonts-encodings all 1:1.0.5-0ubuntu2 [578 kB]
atspi-check	Install build + accessibility deps	2026-09-05T15:01:13.1326256Z Get:61 http://azure.archive.ubuntu.com/ubuntu noble/main amd64 xfonts-utils amd64 1:7.7+6build3 [94.4 kB]
atspi-check	Install build + accessibility deps	2026-09-05T15:01:13.1406798Z Get:62 http://azure.archive.ubuntu.com/ubuntu noble/main amd64 fonts-urw-base35 all 20200910-8 [11.0 MB]
atspi-check	Install build + accessibility deps	2026-09-05T15:01:13.2177234Z Get:63 http://azure.archive.ubuntu.com/ubuntu noble-updates/main amd64 libgs-common all 10.02.1~dfsg1-0ubuntu7.8 [176 kB]
atspi-check	Install build + accessibility deps	2026-09-05T15:01:13.2271399Z Get:64 http://azure.archive.ubuntu.com/ubuntu noble-updates/main amd64 libgs10-common all 10.02.1~dfsg1-0ubuntu7.8 [488 kB]
atspi-check	Install build + accessibility deps	2026-09-05T15:01:13.2376961Z Get:65 http://azure.archive.ubuntu.com/ubuntu noble-updates/main amd64 libidn12 amd64 1.42-1ubuntu0.1 [56.1 kB]
atspi-check	Install build + accessibility deps	2026-09-05T15:01:13.2457659Z Get:66 http://azure.archive.ubuntu.com/ubuntu noble/main amd64 libijs-0.35 amd64 0.35-15.1build1 [15.3 kB]
atspi-check	Install build + accessibility deps	2026-09-05T15:01:13.2536980Z Get:67 http://azure.archive.ubuntu.com/ubuntu noble-updates/main amd64 libjbig2dec0 amd64 0.20-1ubuntu0.24.04.1 [65.2 kB]
atspi-check	Install build + accessibility deps	2026-09-05T15:01:13.2616500Z Get:68 http://azure.archive.ubuntu.com/ubuntu noble/main amd64 libpaper1 amd64 1.1.29build1 [13.4 kB]
atspi-check	Install build + accessibility deps	2026-09-05T15:01:13.2696769Z Get:69 http://azure.archive.ubuntu.com/ubuntu noble-updates/main amd64 libgs10 amd64 10.02.1~dfsg1-0ubuntu7.8 [3897 kB]
atspi-check	Install build + accessibility deps	2026-09-05T15:01:13.3046426Z Get:70 http://azure.archive.ubuntu.com/ubuntu noble/main amd64 libspectre1 amd64 0.2.12-1build2 [30.9 kB]
atspi-check	Install build + accessibility deps	2026-09-05T15:01:13.3128843Z Get:71 http://azure.archive.ubuntu.com/ubuntu noble/universe amd64 libimlib2t64 amd64 1.12.1-1.1build2 [208 kB]
atspi-check	Install build + accessibility deps	2026-09-05T15:01:13.3221215Z Get:72 http://azure.archive.ubuntu.com/ubuntu noble/universe amd64 fluxbox amd64 1.3.7-1build2 [823 kB]
atspi-check	Install build + accessibility deps	2026-09-05T15:01:13.3350758Z Get:73 http://azure.archive.ubuntu.com/ubuntu noble/main amd64 gir1.2-atk-1.0 amd64 2.52.0-1build1 [23.1 kB]
atspi-check	Install build + accessibility deps	2026-09-05T15:01:13.3428524Z Get:74 http://azure.archive.ubuntu.com/ubuntu noble/main amd64 gir1.2-freedesktop amd64 1.80.1-1 [49.7 kB]
atspi-check	Install build + accessibility deps	2026-09-05T15:01:13.3983468Z Get:75 http://azure.archive.ubuntu.com/ubuntu noble/main amd64 gir1.2-atspi-2.0 amd64 2.52.0-1build1 [19.8 kB]
atspi-check	Install build + accessibility deps	2026-09-05T15:01:13.4067940Z Get:76 http://azure.archive.ubuntu.com/ubuntu noble-updates/main amd64 gir1.2-gdkpixbuf-2.0 amd64 2.42.10+dfsg-3ubuntu3.3 [9482 B]
atspi-check	Install build + accessibility deps	2026-09-05T15:01:13.4153351Z Get:77 http://azure.archive.ubuntu.com/ubuntu noble/main amd64 libharfbuzz-gobject0 amd64 8.3.0-2build2 [34.3 kB]
atspi-check	Install build + accessibility deps	2026-09-05T15:01:13.4236773Z Get:78 http://azure.archive.ubuntu.com/ubuntu noble/main amd64 gir1.2-harfbuzz-0.0 amd64 8.3.0-2build2 [44.5 kB]
atspi-check	Install build + accessibility deps	2026-09-05T15:01:13.4321939Z Get:79 http://azure.archive.ubuntu.com/ubuntu noble/main amd64 libpangoxft-1.0-0 amd64 1.52.1+ds-1build1 [20.3 kB]
atspi-check	Install build + accessibility deps	2026-09-05T15:01:13.4414046Z Get:80 http://azure.archive.ubuntu.com/ubuntu noble/main amd64 gir1.2-pango-1.0 amd64 1.52.1+ds-1build1 [34.8 kB]
atspi-check	Install build + accessibility deps	2026-09-05T15:01:13.4496100Z Get:81 http://azure.archive.ubuntu.com/ubuntu noble-updates/main amd64 gir1.2-gtk-3.0 amd64 3.24.41-4ubuntu1.3 [245 kB]
atspi-check	Install build + accessibility deps	2026-09-05T15:01:13.4590570Z Get:82 http://azure.archive.ubuntu.com/ubuntu noble/main amd64 libargon2-dev amd64 0~20190702+dfsg-4build1 [25.0 kB]
atspi-check	Install build + accessibility deps	2026-09-05T15:01:13.4679840Z Get:83 http://azure.archive.ubuntu.com/ubuntu noble/main amd64 libatk-adaptor amd64 2.52.0-1build1 [6032 B]
atspi-check	Install build + accessibility deps	2026-09-05T15:01:13.4756563Z Get:84 http://azure.archive.ubuntu.com/ubuntu noble/universe amd64 libtspi1 amd64 0.3.15-0.3build2 [156 kB]
atspi-check	Install build + accessibility deps	2026-09-05T15:01:13.4856311Z Get:85 http://azure.archive.ubuntu.com/ubuntu noble/universe amd64 libbotan-2-19 amd64 2.19.3+dfsg-1ubuntu2 [1584 kB]
atspi-check	Install build + accessibility deps	2026-09-05T15:01:13.5041097Z Get:86 http://azure.archive.ubuntu.com/ubuntu noble/universe amd64 libbotan-2-dev amd64 2.19.3+dfsg-1ubuntu2 [2717 kB]
atspi-check	Install build + accessibility deps	2026-09-05T15:01:13.5291100Z Get:87 http://azure.archive.ubuntu.com/ubuntu noble/universe amd64 libllvm15t64 amd64 1:15.0.7-14build3 [25.5 MB]
atspi-check	Install build + accessibility deps	2026-09-05T15:01:13.6994936Z Get:88 http://azure.archive.ubuntu.com/ubuntu noble/universe amd64 libclang-cpp15t64 amd64 1:15.0.7-14build3 [12.6 MB]
atspi-check	Install build + accessibility deps	2026-09-05T15:01:13.9767855Z Get:89 http://azure.archive.ubuntu.com/ubuntu noble/universe amd64 libclang1-15t64 amd64 1:15.0.7-14build3 [6958 kB]
atspi-check	Install build + accessibility deps	2026-09-05T15:01:14.0351633Z Get:90 http://azure.archive.ubuntu.com/ubuntu noble/main amd64 xorg-sgml-doctools all 1:1.11-1.1 [10.9 kB]
atspi-check	Install build + accessibility deps	2026-09-05T15:01:14.0426787Z Get:91 http://azure.archive.ubuntu.com/ubuntu noble/main amd64 x11proto-dev all 2023.2-1 [602 kB]
atspi-check	Install build + accessibility deps	2026-09-05T15:01:14.0545285Z Get:92 http://azure.archive.ubuntu.com/ubuntu noble/main amd64 libxau-dev amd64 1:1.0.9-1build6 [9570 B]
atspi-check	Install build + accessibility deps	2026-09-05T15:01:14.0621810Z Get:93 http://azure.archive.ubuntu.com/ubuntu noble/main amd64 libxdmcp-dev amd64 1:1.1.3-0ubuntu6 [26.5 kB]
atspi-check	Install build + accessibility deps	2026-09-05T15:01:14.1145258Z Get:94 http://azure.archive.ubuntu.com/ubuntu noble/main amd64 xtrans-dev all 1.4.0-1 [68.9 kB]
atspi-check	Install build + accessibility deps	2026-09-05T15:01:14.1226911Z Get:95 http://azure.archive.ubuntu.com/ubuntu noble/main amd64 libpthread-stubs0-dev amd64 0.4-1build3 [4746 B]
atspi-check	Install build + accessibility deps	2026-09-05T15:01:14.1304499Z Get:96 http://azure.archive.ubuntu.com/ubuntu noble/main amd64 libxcb1-dev amd64 1.15-1ubuntu2 [85.8 kB]
atspi-check	Install build + accessibility deps	2026-09-05T15:01:14.1387254Z Get:97 http://azure.archive.ubuntu.com/ubuntu noble/main amd64 libx11-dev amd64 2:1.8.7-1build1 [732 kB]
atspi-check	Install build + accessibility deps	2026-09-05T15:01:14.1517770Z Get:98 http://azure.archive.ubuntu.com/ubuntu noble/main amd64 libglx-dev amd64 1.7.0-1build1 [14.2 kB]
atspi-check	Install build + accessibility deps	2026-09-05T15:01:14.1593795Z Get:99 http://azure.archive.ubuntu.com/ubuntu noble/main amd64 libgl-dev amd64 1.7.0-1build1 [102 kB]
atspi-check	Install build + accessibility deps	2026-09-05T15:01:14.1679133Z Get:100 http://azure.archive.ubuntu.com/ubuntu noble/main amd64 libkeyutils-dev amd64 1.6.3-3build1 [48.0 kB]
atspi-check	Install build + accessibility deps	2026-09-05T15:01:14.1763500Z Get:101 http://azure.archive.ubuntu.com/ubuntu noble-updates/universe amd64 libminizip1t64 amd64 1:1.3.dfsg-3.1ubuntu2.2 [22.2 kB]
atspi-check	Install build + accessibility deps	2026-09-05T15:01:14.1843170Z Get:102 http://azure.archive.ubuntu.com/ubuntu noble-updates/universe amd64 libminizip-dev amd64 1:1.3.dfsg-3.1ubuntu2.2 [30.2 kB]
atspi-check	Install build + accessibility deps	2026-09-05T15:01:14.1949307Z Get:103 http://azure.archive.ubuntu.com/ubuntu noble/main amd64 libopengl-dev amd64 1.7.0-1build1 [3454 B]
atspi-check	Install build + accessibility deps	2026-09-05T15:01:14.2028521Z Get:104 http://azure.archive.ubuntu.com/ubuntu noble/main amd64 libpcsclite1 amd64 2.0.3-1build1 [21.4 kB]
atspi-check	Install build + accessibility deps	2026-09-05T15:01:14.2116624Z Get:105 http://azure.archive.ubuntu.com/ubuntu noble/universe amd64 libqrencode4 amd64 4.1.1-1build2 [25.0 kB]
atspi-check	Install build + accessibility deps	2026-09-05T15:01:14.2192289Z Get:106 http://azure.archive.ubuntu.com/ubuntu noble/universe amd64 libqrencode-dev amd64 4.1.1-1build2 [6496 B]
atspi-check	Install build + accessibility deps	2026-09-05T15:01:14.2270840Z Get:107 http://azure.archive.ubuntu.com/ubuntu noble/universe amd64 libqt6concurrent6t64 amd64 6.4.2+dfsg-21.1build5 [33.4 kB]
atspi-check	Install build + accessibility deps	2026-09-05T15:01:14.2353941Z Get:108 http://azure.archive.ubuntu.com/ubuntu noble/universe amd64 libqt6sql6-sqlite amd64 6.4.2+dfsg-21.1build5 [57.8 kB]
atspi-check	Install build + accessibility deps	2026-09-05T15:01:14.2441746Z Get:109 http://azure.archive.ubuntu.com/ubuntu noble/universe amd64 libqt6svg6 amd64 6.4.2-4ubuntu3 [156 kB]
atspi-check	Install build + accessibility deps	2026-09-05T15:01:14.2539216Z Get:110 http://azure.archive.ubuntu.com/ubuntu noble/universe amd64 libqt6svgwidgets6 amd64 6.4.2-4ubuntu3 [17.1 kB]
atspi-check	Install build + accessibility deps	2026-09-05T15:01:14.2630342Z Get:111 http://azure.archive.ubuntu.com/ubuntu noble/universe amd64 libqt6test6t64 amd64 6.4.2+dfsg-21.1build5 [167 kB]
atspi-check	Install build + accessibility deps	2026-09-05T15:01:14.2754317Z Get:112 http://azure.archive.ubuntu.com/ubuntu noble/universe amd64 libqt6uitools6 amd64 6.4.2-3build3 [173 kB]
atspi-check	Install build + accessibility deps	2026-09-05T15:01:14.2984348Z Get:113 http://azure.archive.ubuntu.com/ubuntu noble/main amd64 libreadline-dev amd64 8.2-4build1 [167 kB]
atspi-check	Install build + accessibility deps	2026-09-05T15:01:14.3080869Z Get:114 http://azure.archive.ubuntu.com/ubuntu noble/main amd64 libusb-1.0-0-dev amd64 2:1.0.27-1 [77.7 kB]
atspi-check	Install build + accessibility deps	2026-09-05T15:01:14.3176483Z Get:115 http://azure.archive.ubuntu.com/ubuntu noble/main amd64 libvulkan-dev amd64 1.3.275.0-1build1 [1239 kB]
atspi-check	Install build + accessibility deps	2026-09-05T15:01:14.3495009Z Get:116 http://azure.archive.ubuntu.com/ubuntu noble/main amd64 libxcb-xkb-dev amd64 1.15-1ubuntu2 [42.5 kB]
atspi-check	Install build + accessibility deps	2026-09-05T15:01:14.3573071Z Get:117 http://azure.archive.ubuntu.com/ubuntu noble/main amd64 libxext-dev amd64 2:1.3.4-1build2 [83.5 kB]
atspi-check	Install build + accessibility deps	2026-09-05T15:01:14.3661007Z Get:118 http://azure.archive.ubuntu.com/ubuntu noble/main amd64 libxfixes-dev amd64 1:6.0.0-2build1 [12.1 kB]
atspi-check	Install build + accessibility deps	2026-09-05T15:01:14.3805495Z Get:119 http://azure.archive.ubuntu.com/ubuntu noble/main amd64 libxi-dev amd64 2:1.8.1-1build1 [194 kB]
atspi-check	Install build + accessibility deps	2026-09-05T15:01:14.4116826Z Get:120 http://azure.archive.ubuntu.com/ubuntu noble/main amd64 libxkbcommon-dev amd64 1.6.0-1build1 [56.3 kB]
atspi-check	Install build + accessibility deps	2026-09-05T15:01:14.4647372Z Get:121 http://azure.archive.ubuntu.com/ubuntu noble/main amd64 libxtst-dev amd64 2:1.2.3-1.1build1 [15.9 kB]
atspi-check	Install build + accessibility deps	2026-09-05T15:01:14.4722251Z Get:122 http://azure.archive.ubuntu.com/ubuntu noble/universe amd64 linguist-qt6 amd64 6.4.2-3build3 [368 kB]
atspi-check	Install build + accessibility deps	2026-09-05T15:01:14.4895855Z Get:123 http://azure.archive.ubuntu.com/ubuntu noble/universe amd64 ninja-build amd64 1.11.1-2 [129 kB]
atspi-check	Install build + accessibility deps	2026-09-05T15:01:14.4982912Z Get:124 http://azure.archive.ubuntu.com/ubuntu noble/main amd64 python3-cairo amd64 1.25.1-2build2 [119 kB]
atspi-check	Install build + accessibility deps	2026-09-05T15:01:14.5072194Z Get:125 http://azure.archive.ubuntu.com/ubuntu noble/main amd64 python3-gi-cairo amd64 3.48.2-1 [8132 B]
atspi-check	Install build + accessibility deps	2026-09-05T15:01:14.5148542Z Get:126 http://azure.archive.ubuntu.com/ubuntu noble/universe amd64 python3-pyatspi all 2.46.1-1 [43.1 kB]
atspi-check	Install build + accessibility deps	2026-09-05T15:01:14.5237650Z Get:127 http://azure.archive.ubuntu.com/ubuntu noble/universe amd64 python3-dogtail all 0.9.11-12 [95.9 kB]
atspi-check	Install build + accessibility deps	2026-09-05T15:01:14.5324002Z Get:128 http://azure.archive.ubuntu.com/ubuntu noble/universe amd64 qdbus-qt6 amd64 6.4.2-3build3 [30.7 kB]
atspi-check	Install build + accessibility deps	2026-09-05T15:01:14.5396440Z Get:129 http://azure.archive.ubuntu.com/ubuntu noble/universe amd64 qmake6-bin amd64 6.4.2+dfsg-21.1build5 [624 kB]
atspi-check	Install build + accessibility deps	2026-09-05T15:01:14.5664580Z Get:130 http://azure.archive.ubuntu.com/ubuntu noble/universe amd64 qmake6 amd64 6.4.2+dfsg-21.1build5 [178 kB]
atspi-check	Install build + accessibility deps	2026-09-05T15:01:14.5820801Z Get:131 http://azure.archive.ubuntu.com/ubuntu noble/universe amd64 qt6-base-dev-tools amd64 6.4.2+dfsg-21.1build5 [970 kB]
atspi-check	Install build + accessibility deps	2026-09-05T15:01:14.6287321Z Get:132 http://azure.archive.ubuntu.com/ubuntu noble/universe amd64 qt6-qpa-plugins amd64 6.4.2+dfsg-21.1build5 [89.3 kB]
atspi-check	Install build + accessibility deps	2026-09-05T15:01:14.6390719Z Get:133 http://azure.archive.ubuntu.com/ubuntu noble/universe amd64 qt6-base-dev amd64 6.4.2+dfsg-21.1build5 [1458 kB]
atspi-check	Install build + accessibility deps	2026-09-05T15:01:14.6598297Z Get:134 http://azure.archive.ubuntu.com/ubuntu noble/universe amd64 qt6-documentation-tools amd64 6.4.2-3build3 [646 kB]
atspi-check	Install build + accessibility deps	2026-09-05T15:01:14.6746004Z Get:135 http://azure.archive.ubuntu.com/ubuntu noble/universe amd64 qt6-l10n-tools amd64 6.4.2-3build3 [486 kB]
atspi-check	Install build + accessibility deps	2026-09-05T15:01:14.6864851Z Get:136 http://azure.archive.ubuntu.com/ubuntu noble/universe amd64 qt6-svg-dev amd64 6.4.2-4ubuntu3 [17.7 kB]
atspi-check	Install build + accessibility deps	2026-09-05T15:01:14.6950955Z Get:137 http://azure.archive.ubuntu.com/ubuntu noble/universe amd64 qt6-tools-dev-tools amd64 6.4.2-3build3 [274 kB]
atspi-check	Install build + accessibility deps	2026-09-05T15:01:14.7093971Z Get:138 http://azure.archive.ubuntu.com/ubuntu noble/universe amd64 qt6-tools-dev amd64 6.4.2-3build3 [64.8 kB]
atspi-check	Install build + accessibility deps	2026-09-05T15:01:14.7177995Z Get:139 http://azure.archive.ubuntu.com/ubuntu noble/main amd64 libpcsclite-dev amd64 2.0.3-1build1 [37.8 kB]
atspi-check	Install build + accessibility deps	2026-09-05T15:01:14.7693489Z Get:140 http://azure.archive.ubuntu.com/ubuntu noble/main amd64 libxkbcommon-x11-dev amd64 1.6.0-1build1 [5586 B]
atspi-check	Install build + accessibility deps	2026-09-05T15:01:15.1821942Z Preconfiguring packages ...
atspi-check	Install build + accessibility deps	2026-09-05T15:01:15.2710962Z Fetched 116 MB in 3s (44.7 MB/s)
atspi-check	Install build + accessibility deps	2026-09-05T15:01:15.3625391Z Selecting previously unselected package poppler-data.
atspi-check	Install build + accessibility deps	2026-09-05T15:01:15.4170161Z (Reading database ... 
atspi-check	Install build + accessibility deps	2026-09-05T15:01:15.4171017Z (Reading database ... 5%
atspi-check	Install build + accessibility deps	2026-09-05T15:01:15.4171568Z (Reading database ... 10%
atspi-check	Install build + accessibility deps	2026-09-05T15:01:15.4172063Z (Reading database ... 15%
atspi-check	Install build + accessibility deps	2026-09-05T15:01:15.4172615Z (Reading database ... 20%
atspi-check	Install build + accessibility deps	2026-09-05T15:01:15.4173144Z (Reading database ... 25%
atspi-check	Install build + accessibility deps	2026-09-05T15:01:15.4173595Z (Reading database ... 30%
atspi-check	Install build + accessibility deps	2026-09-05T15:01:15.4174145Z (Reading database ... 35%
atspi-check	Install build + accessibility deps	2026-09-05T15:01:15.4174626Z (Reading database ... 40%
atspi-check	Install build + accessibility deps	2026-09-05T15:01:15.4175193Z (Reading database ... 45%
atspi-check	Install build + accessibility deps	2026-09-05T15:01:15.4175703Z (Reading database ... 50%
atspi-check	Install build + accessibility deps	2026-09-05T15:01:15.4653992Z (Reading database ... 55%
atspi-check	Install build + accessibility deps	2026-09-05T15:01:16.0033269Z (Reading database ... 60%
atspi-check	Install build + accessibility deps	2026-09-05T15:01:16.3630757Z (Reading database ... 65%
atspi-check	Install build + accessibility deps	2026-09-05T15:01:16.7203773Z (Reading database ... 70%
atspi-check	Install build + accessibility deps	2026-09-05T15:01:17.0652068Z (Reading database ... 75%
atspi-check	Install build + accessibility deps	2026-09-05T15:01:17.6224046Z (Reading database ... 80%
atspi-check	Install build + accessibility deps	2026-09-05T15:01:19.1643824Z (Reading database ... 85%
atspi-check	Install build + accessibility deps	2026-09-05T15:01:20.0245796Z (Reading database ... 90%
atspi-check	Install build + accessibility deps	2026-09-05T15:01:20.9671664Z (Reading database ... 95%
atspi-check	Install build + accessibility deps	2026-09-05T15:01:20.9672801Z (Reading database ... 100%
atspi-check	Install build + accessibility deps	2026-09-05T15:01:20.9673625Z (Reading database ... 201676 files and directories currently installed.)
atspi-check	Install build + accessibility deps	2026-09-05T15:01:20.9728776Z Preparing to unpack .../000-poppler-data_0.4.12-1_all.deb ...
atspi-check	Install build + accessibility deps	2026-09-05T15:01:20.9783520Z Unpacking poppler-data (0.4.12-1) ...
atspi-check	Install build + accessibility deps	2026-09-05T15:01:21.1232162Z Selecting previously unselected package libgumbo2:amd64.
atspi-check	Install build + accessibility deps	2026-09-05T15:01:21.1368985Z Preparing to unpack .../001-libgumbo2_0.12.0+dfsg-2build1_amd64.deb ...
atspi-check	Install build + accessibility deps	2026-09-05T15:01:21.1743508Z Unpacking libgumbo2:amd64 (0.12.0+dfsg-2build1) ...
atspi-check	Install build + accessibility deps	2026-09-05T15:01:21.2068607Z Selecting previously unselected package liblitehtml0t64:amd64.
atspi-check	Install build + accessibility deps	2026-09-05T15:01:21.2212040Z Preparing to unpack .../002-liblitehtml0t64_0.6-1.2ubuntu2_amd64.deb ...
atspi-check	Install build + accessibility deps	2026-09-05T15:01:21.2222675Z Unpacking liblitehtml0t64:amd64 (0.6-1.2ubuntu2) ...
atspi-check	Install build + accessibility deps	2026-09-05T15:01:21.2569901Z Selecting previously unselected package libb2-1:amd64.
atspi-check	Install build + accessibility deps	2026-09-05T15:01:21.2718368Z Preparing to unpack .../003-libb2-1_0.98.1-1.1build1_amd64.deb ...
atspi-check	Install build + accessibility deps	2026-09-05T15:01:21.2730784Z Unpacking libb2-1:amd64 (0.98.1-1.1build1) ...
atspi-check	Install build + accessibility deps	2026-09-05T15:01:21.2978870Z Selecting previously unselected package libdouble-conversion3:amd64.
atspi-check	Install build + accessibility deps	2026-09-05T15:01:21.3122160Z Preparing to unpack .../004-libdouble-conversion3_3.3.0-1build1_amd64.deb ...
atspi-check	Install build + accessibility deps	2026-09-05T15:01:21.3133894Z Unpacking libdouble-conversion3:amd64 (3.3.0-1build1) ...
atspi-check	Install build + accessibility deps	2026-09-05T15:01:21.3389026Z Selecting previously unselected package libqt6core6t64:amd64.
atspi-check	Install build + accessibility deps	2026-09-05T15:01:21.3548981Z Preparing to unpack .../005-libqt6core6t64_6.4.2+dfsg-21.1build5_amd64.deb ...
atspi-check	Install build + accessibility deps	2026-09-05T15:01:21.3560790Z Unpacking libqt6core6t64:amd64 (6.4.2+dfsg-21.1build5) ...
atspi-check	Install build + accessibility deps	2026-09-05T15:01:21.4060569Z Selecting previously unselected package libegl-mesa0:amd64.
atspi-check	Install build + accessibility deps	2026-09-05T15:01:21.4205523Z Preparing to unpack .../006-libegl-mesa0_25.2.8-0ubuntu0.24.04.2_amd64.deb ...
atspi-check	Install build + accessibility deps	2026-09-05T15:01:21.4225731Z Unpacking libegl-mesa0:amd64 (25.2.8-0ubuntu0.24.04.2) ...
atspi-check	Install build + accessibility deps	2026-09-05T15:01:21.4559368Z Selecting previously unselected package libegl1:amd64.
atspi-check	Install build + accessibility deps	2026-09-05T15:01:21.4714609Z Preparing to unpack .../007-libegl1_1.7.0-1build1_amd64.deb ...
atspi-check	Install build + accessibility deps	2026-09-05T15:01:21.4725284Z Unpacking libegl1:amd64 (1.7.0-1build1) ...
atspi-check	Install build + accessibility deps	2026-09-05T15:01:21.4978163Z Selecting previously unselected package libmtdev1t64:amd64.
atspi-check	Install build + accessibility deps	2026-09-05T15:01:21.5121994Z Preparing to unpack .../008-libmtdev1t64_1.1.6-1.1build1_amd64.deb ...
atspi-check	Install build + accessibility deps	2026-09-05T15:01:21.5131991Z Unpacking libmtdev1t64:amd64 (1.1.6-1.1build1) ...
atspi-check	Install build + accessibility deps	2026-09-05T15:01:21.5375344Z Selecting previously unselected package libwacom-common.
atspi-check	Install build + accessibility deps	2026-09-05T15:01:21.5508833Z Preparing to unpack .../009-libwacom-common_2.10.0-2_all.deb ...
atspi-check	Install build + accessibility deps	2026-09-05T15:01:21.5519051Z Unpacking libwacom-common (2.10.0-2) ...
atspi-check	Install build + accessibility deps	2026-09-05T15:01:21.6536937Z Selecting previously unselected package libwacom9:amd64.
atspi-check	Install build + accessibility deps	2026-09-05T15:01:21.6671392Z Preparing to unpack .../010-libwacom9_2.10.0-2_amd64.deb ...
atspi-check	Install build + accessibility deps	2026-09-05T15:01:21.6681870Z Unpacking libwacom9:amd64 (2.10.0-2) ...
atspi-check	Install build + accessibility deps	2026-09-05T15:01:21.6900308Z Selecting previously unselected package libinput-bin.
atspi-check	Install build + accessibility deps	2026-09-05T15:01:21.7038301Z Preparing to unpack .../011-libinput-bin_1.25.0-1ubuntu3.6_amd64.deb ...
atspi-check	Install build + accessibility deps	2026-09-05T15:01:21.7049821Z Unpacking libinput-bin (1.25.0-1ubuntu3.6) ...
atspi-check	Install build + accessibility deps	2026-09-05T15:01:21.7368012Z Selecting previously unselected package libinput10:amd64.
atspi-check	Install build + accessibility deps	2026-09-05T15:01:21.7504325Z Preparing to unpack .../012-libinput10_1.25.0-1ubuntu3.6_amd64.deb ...
atspi-check	Install build + accessibility deps	2026-09-05T15:01:21.7517582Z Unpacking libinput10:amd64 (1.25.0-1ubuntu3.6) ...
atspi-check	Install build + accessibility deps	2026-09-05T15:01:21.7773941Z Selecting previously unselected package libmd4c0:amd64.
atspi-check	Install build + accessibility deps	2026-09-05T15:01:21.7913291Z Preparing to unpack .../013-libmd4c0_0.4.8-1build1_amd64.deb ...
atspi-check	Install build + accessibility deps	2026-09-05T15:01:21.7925685Z Unpacking libmd4c0:amd64 (0.4.8-1build1) ...
atspi-check	Install build + accessibility deps	2026-09-05T15:01:21.8169072Z Selecting previously unselected package libopengl0:amd64.
atspi-check	Install build + accessibility deps	2026-09-05T15:01:21.8321711Z Preparing to unpack .../014-libopengl0_1.7.0-1build1_amd64.deb ...
atspi-check	Install build + accessibility deps	2026-09-05T15:01:21.8333981Z Unpacking libopengl0:amd64 (1.7.0-1build1) ...
atspi-check	Install build + accessibility deps	2026-09-05T15:01:21.8595642Z Selecting previously unselected package libqt6dbus6t64:amd64.
atspi-check	Install build + accessibility deps	2026-09-05T15:01:21.8741589Z Preparing to unpack .../015-libqt6dbus6t64_6.4.2+dfsg-21.1build5_amd64.deb ...
atspi-check	Install build + accessibility deps	2026-09-05T15:01:21.8753471Z Unpacking libqt6dbus6t64:amd64 (6.4.2+dfsg-21.1build5) ...
atspi-check	Install build + accessibility deps	2026-09-05T15:01:21.9040620Z Selecting previously unselected package libts0t64:amd64.
atspi-check	Install build + accessibility deps	2026-09-05T15:01:21.9204433Z Preparing to unpack .../016-libts0t64_1.22-1.1build1_amd64.deb ...
atspi-check	Install build + accessibility deps	2026-09-05T15:01:21.9218747Z Unpacking libts0t64:amd64 (1.22-1.1build1) ...
atspi-check	Install build + accessibility deps	2026-09-05T15:01:22.0020418Z Selecting previously unselected package libxcb-icccm4:amd64.
atspi-check	Install build + accessibility deps	2026-09-05T15:01:22.0169932Z Preparing to unpack .../017-libxcb-icccm4_0.4.1-1.1build3_amd64.deb ...
atspi-check	Install build + accessibility deps	2026-09-05T15:01:22.0182458Z Unpacking libxcb-icccm4:amd64 (0.4.1-1.1build3) ...
atspi-check	Install build + accessibility deps	2026-09-05T15:01:22.0427498Z Selecting previously unselected package libxcb-util1:amd64.
atspi-check	Install build + accessibility deps	2026-09-05T15:01:22.0573300Z Preparing to unpack .../018-libxcb-util1_0.4.0-1build3_amd64.deb ...
atspi-check	Install build + accessibility deps	2026-09-05T15:01:22.0584383Z Unpacking libxcb-util1:amd64 (0.4.0-1build3) ...
atspi-check	Install build + accessibility deps	2026-09-05T15:01:22.0844754Z Selecting previously unselected package libxcb-image0:amd64.
atspi-check	Install build + accessibility deps	2026-09-05T15:01:22.0991141Z Preparing to unpack .../019-libxcb-image0_0.4.0-2build1_amd64.deb ...
atspi-check	Install build + accessibility deps	2026-09-05T15:01:22.1003875Z Unpacking libxcb-image0:amd64 (0.4.0-2build1) ...
atspi-check	Install build + accessibility deps	2026-09-05T15:01:22.1248109Z Selecting previously unselected package libxcb-keysyms1:amd64.
atspi-check	Install build + accessibility deps	2026-09-05T15:01:22.1383311Z Preparing to unpack .../020-libxcb-keysyms1_0.4.0-1build4_amd64.deb ...
atspi-check	Install build + accessibility deps	2026-09-05T15:01:22.1395675Z Unpacking libxcb-keysyms1:amd64 (0.4.0-1build4) ...
atspi-check	Install build + accessibility deps	2026-09-05T15:01:22.1636260Z Selecting previously unselected package libxcb-render-util0:amd64.
atspi-check	Install build + accessibility deps	2026-09-05T15:01:22.1778738Z Preparing to unpack .../021-libxcb-render-util0_0.3.9-1build4_amd64.deb ...
atspi-check	Install build + accessibility deps	2026-09-05T15:01:22.1790185Z Unpacking libxcb-render-util0:amd64 (0.3.9-1build4) ...
atspi-check	Install build + accessibility deps	2026-09-05T15:01:22.2021968Z Selecting previously unselected package libxcb-shape0:amd64.
atspi-check	Install build + accessibility deps	2026-09-05T15:01:22.2165299Z Preparing to unpack .../022-libxcb-shape0_1.15-1ubuntu2_amd64.deb ...
atspi-check	Install build + accessibility deps	2026-09-05T15:01:22.2174057Z Unpacking libxcb-shape0:amd64 (1.15-1ubuntu2) ...
atspi-check	Install build + accessibility deps	2026-09-05T15:01:22.2395692Z Selecting previously unselected package libxcb-xkb1:amd64.
atspi-check	Install build + accessibility deps	2026-09-05T15:01:22.2537838Z Preparing to unpack .../023-libxcb-xkb1_1.15-1ubuntu2_amd64.deb ...
atspi-check	Install build + accessibility deps	2026-09-05T15:01:22.2547552Z Unpacking libxcb-xkb1:amd64 (1.15-1ubuntu2) ...
atspi-check	Install build + accessibility deps	2026-09-05T15:01:22.2781551Z Selecting previously unselected package libxkbcommon-x11-0:amd64.
atspi-check	Install build + accessibility deps	2026-09-05T15:01:22.2926524Z Preparing to unpack .../024-libxkbcommon-x11-0_1.6.0-1build1_amd64.deb ...
atspi-check	Install build + accessibility deps	2026-09-05T15:01:22.2937681Z Unpacking libxkbcommon-x11-0:amd64 (1.6.0-1build1) ...
atspi-check	Install build + accessibility deps	2026-09-05T15:01:22.3173770Z Selecting previously unselected package libqt6gui6t64:amd64.
atspi-check	Install build + accessibility deps	2026-09-05T15:01:22.3309100Z Preparing to unpack .../025-libqt6gui6t64_6.4.2+dfsg-21.1build5_amd64.deb ...
atspi-check	Install build + accessibility deps	2026-09-05T15:01:22.3320706Z Unpacking libqt6gui6t64:amd64 (6.4.2+dfsg-21.1build5) ...
atspi-check	Install build + accessibility deps	2026-09-05T15:01:22.3926024Z Selecting previously unselected package libqt6sql6t64:amd64.
atspi-check	Install build + accessibility deps	2026-09-05T15:01:22.4059153Z Preparing to unpack .../026-libqt6sql6t64_6.4.2+dfsg-21.1build5_amd64.deb ...
atspi-check	Install build + accessibility deps	2026-09-05T15:01:22.4068582Z Unpacking libqt6sql6t64:amd64 (6.4.2+dfsg-21.1build5) ...
atspi-check	Install build + accessibility deps	2026-09-05T15:01:22.4318913Z Selecting previously unselected package libqt6widgets6t64:amd64.
atspi-check	Install build + accessibility deps	2026-09-05T15:01:22.4457465Z Preparing to unpack .../027-libqt6widgets6t64_6.4.2+dfsg-21.1build5_amd64.deb ...
atspi-check	Install build + accessibility deps	2026-09-05T15:01:22.4468185Z Unpacking libqt6widgets6t64:amd64 (6.4.2+dfsg-21.1build5) ...
atspi-check	Install build + accessibility deps	2026-09-05T15:01:22.4975655Z Selecting previously unselected package libqt6help6:amd64.
atspi-check	Install build + accessibility deps	2026-09-05T15:01:22.5119147Z Preparing to unpack .../028-libqt6help6_6.4.2-3build3_amd64.deb ...
atspi-check	Install build + accessibility deps	2026-09-05T15:01:22.5129423Z Unpacking libqt6help6:amd64 (6.4.2-3build3) ...
atspi-check	Install build + accessibility deps	2026-09-05T15:01:22.5390480Z Selecting previously unselected package libqt6printsupport6t64:amd64.
atspi-check	Install build + accessibility deps	2026-09-05T15:01:22.5541545Z Preparing to unpack .../029-libqt6printsupport6t64_6.4.2+dfsg-21.1build5_amd64.deb ...
atspi-check	Install build + accessibility deps	2026-09-05T15:01:22.5551270Z Unpacking libqt6printsupport6t64:amd64 (6.4.2+dfsg-21.1build5) ...
atspi-check	Install build + accessibility deps	2026-09-05T15:01:22.5806394Z Selecting previously unselected package assistant-qt6.
atspi-check	Install build + accessibility deps	2026-09-05T15:01:22.5952189Z Preparing to unpack .../030-assistant-qt6_6.4.2-3build3_amd64.deb ...
atspi-check	Install build + accessibility deps	2026-09-05T15:01:22.5962182Z Unpacking assistant-qt6 (6.4.2-3build3) ...
atspi-check	Install build + accessibility deps	2026-09-05T15:01:22.6226148Z Selecting previously unselected package session-migration.
atspi-check	Install build + accessibility deps	2026-09-05T15:01:22.6371339Z Preparing to unpack .../031-session-migration_0.3.9build1_amd64.deb ...
atspi-check	Install build + accessibility deps	2026-09-05T15:01:22.6380404Z Unpacking session-migration (0.3.9build1) ...
atspi-check	Install build + accessibility deps	2026-09-05T15:01:22.6601104Z Selecting previously unselected package gsettings-desktop-schemas.
atspi-check	Install build + accessibility deps	2026-09-05T15:01:22.6738895Z Preparing to unpack .../032-gsettings-desktop-schemas_46.1-0ubuntu1_all.deb ...
atspi-check	Install build + accessibility deps	2026-09-05T15:01:22.6748536Z Unpacking gsettings-desktop-schemas (46.1-0ubuntu1) ...
atspi-check	Install build + accessibility deps	2026-09-05T15:01:22.7223786Z Selecting previously unselected package at-spi2-core.
atspi-check	Install build + accessibility deps	2026-09-05T15:01:22.7368620Z Preparing to unpack .../033-at-spi2-core_2.52.0-1build1_amd64.deb ...
atspi-check	Install build + accessibility deps	2026-09-05T15:01:22.7377806Z Unpacking at-spi2-core (2.52.0-1build1) ...
atspi-check	Install build + accessibility deps	2026-09-05T15:01:22.7628758Z Selecting previously unselected package build-essential.
atspi-check	Install build + accessibility deps	2026-09-05T15:01:22.7777798Z Preparing to unpack .../034-build-essential_12.10ubuntu1_amd64.deb ...
atspi-check	Install build + accessibility deps	2026-09-05T15:01:22.7787343Z Unpacking build-essential (12.10ubuntu1) ...
atspi-check	Install build + accessibility deps	2026-09-05T15:01:22.8013352Z Selecting previously unselected package libjsoncpp25:amd64.
atspi-check	Install build + accessibility deps	2026-09-05T15:01:22.8155123Z Preparing to unpack .../035-libjsoncpp25_1.9.5-6build1_amd64.deb ...
atspi-check	Install build + accessibility deps	2026-09-05T15:01:22.8164707Z Unpacking libjsoncpp25:amd64 (1.9.5-6build1) ...
atspi-check	Install build + accessibility deps	2026-09-05T15:01:22.8398484Z Selecting previously unselected package librhash0:amd64.
atspi-check	Install build + accessibility deps	2026-09-05T15:01:22.8540715Z Preparing to unpack .../036-librhash0_1.4.3-3build1_amd64.deb ...
atspi-check	Install build + accessibility deps	2026-09-05T15:01:22.8550238Z Unpacking librhash0:amd64 (1.4.3-3build1) ...
atspi-check	Install build + accessibility deps	2026-09-05T15:01:22.8797617Z Selecting previously unselected package cmake-data.
atspi-check	Install build + accessibility deps	2026-09-05T15:01:22.8931270Z Preparing to unpack .../037-cmake-data_3.28.3-1build7_all.deb ...
atspi-check	Install build + accessibility deps	2026-09-05T15:01:22.9005074Z Unpacking cmake-data (3.28.3-1build7) ...
atspi-check	Install build + accessibility deps	2026-09-05T15:01:23.5088523Z Selecting previously unselected package cmake.
atspi-check	Install build + accessibility deps	2026-09-05T15:01:23.5245354Z Preparing to unpack .../038-cmake_3.28.3-1build7_amd64.deb ...
atspi-check	Install build + accessibility deps	2026-09-05T15:01:23.5254265Z Unpacking cmake (3.28.3-1build7) ...
atspi-check	Install build + accessibility deps	2026-09-05T15:01:23.7057645Z Selecting previously unselected package dbus-x11.
atspi-check	Install build + accessibility deps	2026-09-05T15:01:23.7216682Z Preparing to unpack .../039-dbus-x11_1.14.10-4ubuntu4.1_amd64.deb ...
atspi-check	Install build + accessibility deps	2026-09-05T15:01:23.7225618Z Unpacking dbus-x11 (1.14.10-4ubuntu4.1) ...
atspi-check	Install build + accessibility deps	2026-09-05T15:01:23.7467570Z Selecting previously unselected package libqt6opengl6t64:amd64.
atspi-check	Install build + accessibility deps	2026-09-05T15:01:23.7620924Z Preparing to unpack .../040-libqt6opengl6t64_6.4.2+dfsg-21.1build5_amd64.deb ...
atspi-check	Install build + accessibility deps	2026-09-05T15:01:23.7631643Z Unpacking libqt6opengl6t64:amd64 (6.4.2+dfsg-21.1build5) ...
atspi-check	Install build + accessibility deps	2026-09-05T15:01:23.7959989Z Selecting previously unselected package libqt6openglwidgets6t64:amd64.
atspi-check	Install build + accessibility deps	2026-09-05T15:01:23.8096061Z Preparing to unpack .../041-libqt6openglwidgets6t64_6.4.2+dfsg-21.1build5_amd64.deb ...
atspi-check	Install build + accessibility deps	2026-09-05T15:01:23.8106541Z Unpacking libqt6openglwidgets6t64:amd64 (6.4.2+dfsg-21.1build5) ...
atspi-check	Install build + accessibility deps	2026-09-05T15:01:23.8354528Z Selecting previously unselected package libqt6xml6t64:amd64.
atspi-check	Install build + accessibility deps	2026-09-05T15:01:23.8491764Z Preparing to unpack .../042-libqt6xml6t64_6.4.2+dfsg-21.1build5_amd64.deb ...
atspi-check	Install build + accessibility deps	2026-09-05T15:01:23.8501184Z Unpacking libqt6xml6t64:amd64 (6.4.2+dfsg-21.1build5) ...
atspi-check	Install build + accessibility deps	2026-09-05T15:01:23.8749398Z Selecting previously unselected package libqt6designer6:amd64.
atspi-check	Install build + accessibility deps	2026-09-05T15:01:23.8900323Z Preparing to unpack .../043-libqt6designer6_6.4.2-3build3_amd64.deb ...
atspi-check	Install build + accessibility deps	2026-09-05T15:01:23.8910742Z Unpacking libqt6designer6:amd64 (6.4.2-3build3) ...
atspi-check	Install build + accessibility deps	2026-09-05T15:01:23.9334897Z Selecting previously unselected package libqt6designercomponents6:amd64.
atspi-check	Install build + accessibility deps	2026-09-05T15:01:23.9475561Z Preparing to unpack .../044-libqt6designercomponents6_6.4.2-3build3_amd64.deb ...
atspi-check	Install build + accessibility deps	2026-09-05T15:01:23.9485748Z Unpacking libqt6designercomponents6:amd64 (6.4.2-3build3) ...
atspi-check	Install build + accessibility deps	2026-09-05T15:01:23.9815638Z Selecting previously unselected package libproxy1v5:amd64.
atspi-check	Install build + accessibility deps	2026-09-05T15:01:23.9964251Z Preparing to unpack .../045-libproxy1v5_0.5.4-4build1_amd64.deb ...
atspi-check	Install build + accessibility deps	2026-09-05T15:01:23.9973894Z Unpacking libproxy1v5:amd64 (0.5.4-4build1) ...
atspi-check	Install build + accessibility deps	2026-09-05T15:01:24.0216633Z Selecting previously unselected package libqt6network6t64:amd64.
atspi-check	Install build + accessibility deps	2026-09-05T15:01:24.0360857Z Preparing to unpack .../046-libqt6network6t64_6.4.2+dfsg-21.1build5_amd64.deb ...
atspi-check	Install build + accessibility deps	2026-09-05T15:01:24.0370614Z Unpacking libqt6network6t64:amd64 (6.4.2+dfsg-21.1build5) ...
atspi-check	Install build + accessibility deps	2026-09-05T15:01:24.0724689Z Selecting previously unselected package libqt6qml6:amd64.
atspi-check	Install build + accessibility deps	2026-09-05T15:01:24.0866084Z Preparing to unpack .../047-libqt6qml6_6.4.2+dfsg-4build3_amd64.deb ...
atspi-check	Install build + accessibility deps	2026-09-05T15:01:24.0879232Z Unpacking libqt6qml6:amd64 (6.4.2+dfsg-4build3) ...
atspi-check	Install build + accessibility deps	2026-09-05T15:01:24.1328443Z Selecting previously unselected package libqt6qmlmodels6:amd64.
atspi-check	Install build + accessibility deps	2026-09-05T15:01:24.1512837Z Preparing to unpack .../048-libqt6qmlmodels6_6.4.2+dfsg-4build3_amd64.deb ...
atspi-check	Install build + accessibility deps	2026-09-05T15:01:24.1815353Z Unpacking libqt6qmlmodels6:amd64 (6.4.2+dfsg-4build3) ...
atspi-check	Install build + accessibility deps	2026-09-05T15:01:24.2103720Z Selecting previously unselected package libqt6quick6:amd64.
atspi-check	Install build + accessibility deps	2026-09-05T15:01:24.2251703Z Preparing to unpack .../049-libqt6quick6_6.4.2+dfsg-4build3_amd64.deb ...
atspi-check	Install build + accessibility deps	2026-09-05T15:01:24.2261081Z Unpacking libqt6quick6:amd64 (6.4.2+dfsg-4build3) ...
atspi-check	Install build + accessibility deps	2026-09-05T15:01:24.2745369Z Selecting previously unselected package libqt6quickwidgets6:amd64.
atspi-check	Install build + accessibility deps	2026-09-05T15:01:24.2890993Z Preparing to unpack .../050-libqt6quickwidgets6_6.4.2+dfsg-4build3_amd64.deb ...
atspi-check	Install build + accessibility deps	2026-09-05T15:01:24.2899782Z Unpacking libqt6quickwidgets6:amd64 (6.4.2+dfsg-4build3) ...
atspi-check	Install build + accessibility deps	2026-09-05T15:01:24.3121778Z Selecting previously unselected package designer-qt6.
atspi-check	Install build + accessibility deps	2026-09-05T15:01:24.3259074Z Preparing to unpack .../051-designer-qt6_6.4.2-3build3_amd64.deb ...
atspi-check	Install build + accessibility deps	2026-09-05T15:01:24.3267513Z Unpacking designer-qt6 (6.4.2-3build3) ...
atspi-check	Install build + accessibility deps	2026-09-05T15:01:24.3533389Z Selecting previously unselected package menu.
atspi-check	Install build + accessibility deps	2026-09-05T15:01:24.3683503Z Preparing to unpack .../052-menu_2.1.50_amd64.deb ...
atspi-check	Install build + accessibility deps	2026-09-05T15:01:24.3696542Z Unpacking menu (2.1.50) ...
atspi-check	Install build + accessibility deps	2026-09-05T15:01:24.5980063Z Selecting previously unselected package libgif7:amd64.
atspi-check	Install build + accessibility deps	2026-09-05T15:01:24.6135745Z Preparing to unpack .../053-libgif7_5.2.2-1ubuntu1.2_amd64.deb ...
atspi-check	Install build + accessibility deps	2026-09-05T15:01:24.6145754Z Unpacking libgif7:amd64 (5.2.2-1ubuntu1.2) ...
atspi-check	Install build + accessibility deps	2026-09-05T15:01:24.6393347Z Selecting previously unselected package libid3tag0:amd64.
atspi-check	Install build + accessibility deps	2026-09-05T15:01:24.6544404Z Preparing to unpack .../054-libid3tag0_0.15.1b-14build1_amd64.deb ...
atspi-check	Install build + accessibility deps	2026-09-05T15:01:24.6556150Z Unpacking libid3tag0:amd64 (0.15.1b-14build1) ...
atspi-check	Install build + accessibility deps	2026-09-05T15:01:24.6795089Z Selecting previously unselected package libhwy1t64:amd64.
atspi-check	Install build + accessibility deps	2026-09-05T15:01:24.6947599Z Preparing to unpack .../055-libhwy1t64_1.0.7-8.1build1_amd64.deb ...
atspi-check	Install build + accessibility deps	2026-09-05T15:01:24.6957328Z Unpacking libhwy1t64:amd64 (1.0.7-8.1build1) ...
atspi-check	Install build + accessibility deps	2026-09-05T15:01:24.7336290Z Selecting previously unselected package libjxl0.7:amd64.
atspi-check	Install build + accessibility deps	2026-09-05T15:01:24.7474009Z Preparing to unpack .../056-libjxl0.7_0.7.0-10.2ubuntu6.1_amd64.deb ...
atspi-check	Install build + accessibility deps	2026-09-05T15:01:24.7484223Z Unpacking libjxl0.7:amd64 (0.7.0-10.2ubuntu6.1) ...
atspi-check	Install build + accessibility deps	2026-09-05T15:01:24.7854951Z Selecting previously unselected package librsvg2-2:amd64.
atspi-check	Install build + accessibility deps	2026-09-05T15:01:24.7992819Z Preparing to unpack .../057-librsvg2-2_2.58.0+dfsg-1build1_amd64.deb ...
atspi-check	Install build + accessibility deps	2026-09-05T15:01:24.8003035Z Unpacking librsvg2-2:amd64 (2.58.0+dfsg-1build1) ...
atspi-check	Install build + accessibility deps	2026-09-05T15:01:24.8521226Z Selecting previously unselected package xfonts-encodings.
atspi-check	Install build + accessibility deps	2026-09-05T15:01:24.8666159Z Preparing to unpack .../058-xfonts-encodings_1%3a1.0.5-0ubuntu2_all.deb ...
atspi-check	Install build + accessibility deps	2026-09-05T15:01:24.8675455Z Unpacking xfonts-encodings (1:1.0.5-0ubuntu2) ...
atspi-check	Install build + accessibility deps	2026-09-05T15:01:24.8994980Z Selecting previously unselected package xfonts-utils.
atspi-check	Install build + accessibility deps	2026-09-05T15:01:24.9147528Z Preparing to unpack .../059-xfonts-utils_1%3a7.7+6build3_amd64.deb ...
atspi-check	Install build + accessibility deps	2026-09-05T15:01:24.9156971Z Unpacking xfonts-utils (1:7.7+6build3) ...
atspi-check	Install build + accessibility deps	2026-09-05T15:01:24.9767651Z Selecting previously unselected package fonts-urw-base35.
atspi-check	Install build + accessibility deps	2026-09-05T15:01:24.9916776Z Preparing to unpack .../060-fonts-urw-base35_20200910-8_all.deb ...
atspi-check	Install build + accessibility deps	2026-09-05T15:01:25.0592902Z Unpacking fonts-urw-base35 (20200910-8) ...
atspi-check	Install build + accessibility deps	2026-09-05T15:01:25.1646422Z Selecting previously unselected package libgs-common.
atspi-check	Install build + accessibility deps	2026-09-05T15:01:25.1790031Z Preparing to unpack .../061-libgs-common_10.02.1~dfsg1-0ubuntu7.8_all.deb ...
atspi-check	Install build + accessibility deps	2026-09-05T15:01:25.1799759Z Unpacking libgs-common (10.02.1~dfsg1-0ubuntu7.8) ...
atspi-check	Install build + accessibility deps	2026-09-05T15:01:25.2055680Z Selecting previously unselected package libgs10-common.
atspi-check	Install build + accessibility deps	2026-09-05T15:01:25.2202006Z Preparing to unpack .../062-libgs10-common_10.02.1~dfsg1-0ubuntu7.8_all.deb ...
atspi-check	Install build + accessibility deps	2026-09-05T15:01:25.2214132Z Unpacking libgs10-common (10.02.1~dfsg1-0ubuntu7.8) ...
atspi-check	Install build + accessibility deps	2026-09-05T15:01:25.2931285Z Selecting previously unselected package libidn12:amd64.
atspi-check	Install build + accessibility deps	2026-09-05T15:01:25.3089177Z Preparing to unpack .../063-libidn12_1.42-1ubuntu0.1_amd64.deb ...
atspi-check	Install build + accessibility deps	2026-09-05T15:01:25.3097996Z Unpacking libidn12:amd64 (1.42-1ubuntu0.1) ...
atspi-check	Install build + accessibility deps	2026-09-05T15:01:25.3333505Z Selecting previously unselected package libijs-0.35:amd64.
atspi-check	Install build + accessibility deps	2026-09-05T15:01:25.3485754Z Preparing to unpack .../064-libijs-0.35_0.35-15.1build1_amd64.deb ...
atspi-check	Install build + accessibility deps	2026-09-05T15:01:25.3497844Z Unpacking libijs-0.35:amd64 (0.35-15.1build1) ...
atspi-check	Install build + accessibility deps	2026-09-05T15:01:25.3726797Z Selecting previously unselected package libjbig2dec0:amd64.
atspi-check	Install build + accessibility deps	2026-09-05T15:01:25.3874702Z Preparing to unpack .../065-libjbig2dec0_0.20-1ubuntu0.24.04.1_amd64.deb ...
atspi-check	Install build + accessibility deps	2026-09-05T15:01:25.3884763Z Unpacking libjbig2dec0:amd64 (0.20-1ubuntu0.24.04.1) ...
atspi-check	Install build + accessibility deps	2026-09-05T15:01:25.4139946Z Selecting previously unselected package libpaper1:amd64.
atspi-check	Install build + accessibility deps	2026-09-05T15:01:25.4286386Z Preparing to unpack .../066-libpaper1_1.1.29build1_amd64.deb ...
atspi-check	Install build + accessibility deps	2026-09-05T15:01:25.4296456Z Unpacking libpaper1:amd64 (1.1.29build1) ...
atspi-check	Install build + accessibility deps	2026-09-05T15:01:25.4536336Z Selecting previously unselected package libgs10:amd64.
atspi-check	Install build + accessibility deps	2026-09-05T15:01:25.4672319Z Preparing to unpack .../067-libgs10_10.02.1~dfsg1-0ubuntu7.8_amd64.deb ...
atspi-check	Install build + accessibility deps	2026-09-05T15:01:25.4681657Z Unpacking libgs10:amd64 (10.02.1~dfsg1-0ubuntu7.8) ...
atspi-check	Install build + accessibility deps	2026-09-05T15:01:25.5676109Z Selecting previously unselected package libspectre1:amd64.
atspi-check	Install build + accessibility deps	2026-09-05T15:01:25.5813657Z Preparing to unpack .../068-libspectre1_0.2.12-1build2_amd64.deb ...
atspi-check	Install build + accessibility deps	2026-09-05T15:01:25.5824408Z Unpacking libspectre1:amd64 (0.2.12-1build2) ...
atspi-check	Install build + accessibility deps	2026-09-05T15:01:25.6060031Z Selecting previously unselected package libimlib2t64:amd64.
atspi-check	Install build + accessibility deps	2026-09-05T15:01:25.6198797Z Preparing to unpack .../069-libimlib2t64_1.12.1-1.1build2_amd64.deb ...
atspi-check	Install build + accessibility deps	2026-09-05T15:01:25.6217105Z Unpacking libimlib2t64:amd64 (1.12.1-1.1build2) ...
atspi-check	Install build + accessibility deps	2026-09-05T15:01:25.6534338Z Selecting previously unselected package fluxbox.
atspi-check	Install build + accessibility deps	2026-09-05T15:01:25.6674800Z Preparing to unpack .../070-fluxbox_1.3.7-1build2_amd64.deb ...
atspi-check	Install build + accessibility deps	2026-09-05T15:01:25.6711519Z Unpacking fluxbox (1.3.7-1build2) ...
atspi-check	Install build + accessibility deps	2026-09-05T15:01:25.7583695Z Selecting previously unselected package gir1.2-atk-1.0:amd64.
atspi-check	Install build + accessibility deps	2026-09-05T15:01:25.7734938Z Preparing to unpack .../071-gir1.2-atk-1.0_2.52.0-1build1_amd64.deb ...
atspi-check	Install build + accessibility deps	2026-09-05T15:01:25.7745162Z Unpacking gir1.2-atk-1.0:amd64 (2.52.0-1build1) ...
atspi-check	Install build + accessibility deps	2026-09-05T15:01:25.7980583Z Selecting previously unselected package gir1.2-freedesktop:amd64.
atspi-check	Install build + accessibility deps	2026-09-05T15:01:25.8109098Z Preparing to unpack .../072-gir1.2-freedesktop_1.80.1-1_amd64.deb ...
atspi-check	Install build + accessibility deps	2026-09-05T15:01:25.8118448Z Unpacking gir1.2-freedesktop:amd64 (1.80.1-1) ...
atspi-check	Install build + accessibility deps	2026-09-05T15:01:25.8386488Z Selecting previously unselected package gir1.2-atspi-2.0:amd64.
atspi-check	Install build + accessibility deps	2026-09-05T15:01:25.8534652Z Preparing to unpack .../073-gir1.2-atspi-2.0_2.52.0-1build1_amd64.deb ...
atspi-check	Install build + accessibility deps	2026-09-05T15:01:25.8544606Z Unpacking gir1.2-atspi-2.0:amd64 (2.52.0-1build1) ...
atspi-check	Install build + accessibility deps	2026-09-05T15:01:25.8759875Z Selecting previously unselected package gir1.2-gdkpixbuf-2.0:amd64.
atspi-check	Install build + accessibility deps	2026-09-05T15:01:25.8900351Z Preparing to unpack .../074-gir1.2-gdkpixbuf-2.0_2.42.10+dfsg-3ubuntu3.3_amd64.deb ...
atspi-check	Install build + accessibility deps	2026-09-05T15:01:25.8909382Z Unpacking gir1.2-gdkpixbuf-2.0:amd64 (2.42.10+dfsg-3ubuntu3.3) ...
atspi-check	Install build + accessibility deps	2026-09-05T15:01:25.9141666Z Selecting previously unselected package libharfbuzz-gobject0:amd64.
atspi-check	Install build + accessibility deps	2026-09-05T15:01:25.9282200Z Preparing to unpack .../075-libharfbuzz-gobject0_8.3.0-2build2_amd64.deb ...
atspi-check	Install build + accessibility deps	2026-09-05T15:01:25.9292272Z Unpacking libharfbuzz-gobject0:amd64 (8.3.0-2build2) ...
atspi-check	Install build + accessibility deps	2026-09-05T15:01:25.9513000Z Selecting previously unselected package gir1.2-harfbuzz-0.0:amd64.
atspi-check	Install build + accessibility deps	2026-09-05T15:01:25.9658307Z Preparing to unpack .../076-gir1.2-harfbuzz-0.0_8.3.0-2build2_amd64.deb ...
atspi-check	Install build + accessibility deps	2026-09-05T15:01:25.9667444Z Unpacking gir1.2-harfbuzz-0.0:amd64 (8.3.0-2build2) ...
atspi-check	Install build + accessibility deps	2026-09-05T15:01:25.9896957Z Selecting previously unselected package libpangoxft-1.0-0:amd64.
atspi-check	Install build + accessibility deps	2026-09-05T15:01:26.0043271Z Preparing to unpack .../077-libpangoxft-1.0-0_1.52.1+ds-1build1_amd64.deb ...
atspi-check	Install build + accessibility deps	2026-09-05T15:01:26.0052995Z Unpacking libpangoxft-1.0-0:amd64 (1.52.1+ds-1build1) ...
atspi-check	Install build + accessibility deps	2026-09-05T15:01:26.0281350Z Selecting previously unselected package gir1.2-pango-1.0:amd64.
atspi-check	Install build + accessibility deps	2026-09-05T15:01:26.0430070Z Preparing to unpack .../078-gir1.2-pango-1.0_1.52.1+ds-1build1_amd64.deb ...
atspi-check	Install build + accessibility deps	2026-09-05T15:01:26.0438662Z Unpacking gir1.2-pango-1.0:amd64 (1.52.1+ds-1build1) ...
atspi-check	Install build + accessibility deps	2026-09-05T15:01:26.0671667Z Selecting previously unselected package gir1.2-gtk-3.0:amd64.
atspi-check	Install build + accessibility deps	2026-09-05T15:01:26.0816894Z Preparing to unpack .../079-gir1.2-gtk-3.0_3.24.41-4ubuntu1.3_amd64.deb ...
atspi-check	Install build + accessibility deps	2026-09-05T15:01:26.0826336Z Unpacking gir1.2-gtk-3.0:amd64 (3.24.41-4ubuntu1.3) ...
atspi-check	Install build + accessibility deps	2026-09-05T15:01:26.1082936Z Selecting previously unselected package libargon2-dev:amd64.
atspi-check	Install build + accessibility deps	2026-09-05T15:01:26.1220117Z Preparing to unpack .../080-libargon2-dev_0~20190702+dfsg-4build1_amd64.deb ...
atspi-check	Install build + accessibility deps	2026-09-05T15:01:26.1227990Z Unpacking libargon2-dev:amd64 (0~20190702+dfsg-4build1) ...
atspi-check	Install build + accessibility deps	2026-09-05T15:01:26.1653461Z Selecting previously unselected package libatk-adaptor:amd64.
atspi-check	Install build + accessibility deps	2026-09-05T15:01:26.1796547Z Preparing to unpack .../081-libatk-adaptor_2.52.0-1build1_amd64.deb ...
atspi-check	Install build + accessibility deps	2026-09-05T15:01:26.1807489Z Unpacking libatk-adaptor:amd64 (2.52.0-1build1) ...
atspi-check	Install build + accessibility deps	2026-09-05T15:01:26.2040231Z Selecting previously unselected package libtspi1.
atspi-check	Install build + accessibility deps	2026-09-05T15:01:26.2184823Z Preparing to unpack .../082-libtspi1_0.3.15-0.3build2_amd64.deb ...
atspi-check	Install build + accessibility deps	2026-09-05T15:01:26.2198311Z Unpacking libtspi1 (0.3.15-0.3build2) ...
atspi-check	Install build + accessibility deps	2026-09-05T15:01:26.2442739Z Selecting previously unselected package libbotan-2-19:amd64.
atspi-check	Install build + accessibility deps	2026-09-05T15:01:26.2579214Z Preparing to unpack .../083-libbotan-2-19_2.19.3+dfsg-1ubuntu2_amd64.deb ...
atspi-check	Install build + accessibility deps	2026-09-05T15:01:26.2587768Z Unpacking libbotan-2-19:amd64 (2.19.3+dfsg-1ubuntu2) ...
atspi-check	Install build + accessibility deps	2026-09-05T15:01:26.3086338Z Selecting previously unselected package libbotan-2-dev.
atspi-check	Install build + accessibility deps	2026-09-05T15:01:26.3222896Z Preparing to unpack .../084-libbotan-2-dev_2.19.3+dfsg-1ubuntu2_amd64.deb ...
atspi-check	Install build + accessibility deps	2026-09-05T15:01:26.3230611Z Unpacking libbotan-2-dev (2.19.3+dfsg-1ubuntu2) ...
atspi-check	Install build + accessibility deps	2026-09-05T15:01:26.4498939Z Selecting previously unselected package libllvm15t64:amd64.
atspi-check	Install build + accessibility deps	2026-09-05T15:01:26.4646838Z Preparing to unpack .../085-libllvm15t64_1%3a15.0.7-14build3_amd64.deb ...
atspi-check	Install build + accessibility deps	2026-09-05T15:01:26.4655342Z Unpacking libllvm15t64:amd64 (1:15.0.7-14build3) ...
atspi-check	Install build + accessibility deps	2026-09-05T15:01:26.8826057Z Selecting previously unselected package libclang-cpp15t64.
atspi-check	Install build + accessibility deps	2026-09-05T15:01:26.8965114Z Preparing to unpack .../086-libclang-cpp15t64_1%3a15.0.7-14build3_amd64.deb ...
atspi-check	Install build + accessibility deps	2026-09-05T15:01:26.8975079Z Unpacking libclang-cpp15t64 (1:15.0.7-14build3) ...
atspi-check	Install build + accessibility deps	2026-09-05T15:01:27.1207439Z Selecting previously unselected package libclang1-15t64.
atspi-check	Install build + accessibility deps	2026-09-05T15:01:27.1353883Z Preparing to unpack .../087-libclang1-15t64_1%3a15.0.7-14build3_amd64.deb ...
atspi-check	Install build + accessibility deps	2026-09-05T15:01:27.1362986Z Unpacking libclang1-15t64 (1:15.0.7-14build3) ...
atspi-check	Install build + accessibility deps	2026-09-05T15:01:27.2661007Z Selecting previously unselected package xorg-sgml-doctools.
atspi-check	Install build + accessibility deps	2026-09-05T15:01:27.2801588Z Preparing to unpack .../088-xorg-sgml-doctools_1%3a1.11-1.1_all.deb ...
atspi-check	Install build + accessibility deps	2026-09-05T15:01:27.2811372Z Unpacking xorg-sgml-doctools (1:1.11-1.1) ...
atspi-check	Install build + accessibility deps	2026-09-05T15:01:27.3123221Z Selecting previously unselected package x11proto-dev.
atspi-check	Install build + accessibility deps	2026-09-05T15:01:27.3268714Z Preparing to unpack .../089-x11proto-dev_2023.2-1_all.deb ...
atspi-check	Install build + accessibility deps	2026-09-05T15:01:27.3285978Z Unpacking x11proto-dev (2023.2-1) ...
atspi-check	Install build + accessibility deps	2026-09-05T15:01:27.3911604Z Selecting previously unselected package libxau-dev:amd64.
atspi-check	Install build + accessibility deps	2026-09-05T15:01:27.4064260Z Preparing to unpack .../090-libxau-dev_1%3a1.0.9-1build6_amd64.deb ...
atspi-check	Install build + accessibility deps	2026-09-05T15:01:27.4074735Z Unpacking libxau-dev:amd64 (1:1.0.9-1build6) ...
atspi-check	Install build + accessibility deps	2026-09-05T15:01:27.4305579Z Selecting previously unselected package libxdmcp-dev:amd64.
atspi-check	Install build + accessibility deps	2026-09-05T15:01:27.4463231Z Preparing to unpack .../091-libxdmcp-dev_1%3a1.1.3-0ubuntu6_amd64.deb ...
atspi-check	Install build + accessibility deps	2026-09-05T15:01:27.4473227Z Unpacking libxdmcp-dev:amd64 (1:1.1.3-0ubuntu6) ...
atspi-check	Install build + accessibility deps	2026-09-05T15:01:27.4703872Z Selecting previously unselected package xtrans-dev.
atspi-check	Install build + accessibility deps	2026-09-05T15:01:27.4847682Z Preparing to unpack .../092-xtrans-dev_1.4.0-1_all.deb ...
atspi-check	Install build + accessibility deps	2026-09-05T15:01:27.4856357Z Unpacking xtrans-dev (1.4.0-1) ...
atspi-check	Install build + accessibility deps	2026-09-05T15:01:27.5125299Z Selecting previously unselected package libpthread-stubs0-dev:amd64.
atspi-check	Install build + accessibility deps	2026-09-05T15:01:27.5272353Z Preparing to unpack .../093-libpthread-stubs0-dev_0.4-1build3_amd64.deb ...
atspi-check	Install build + accessibility deps	2026-09-05T15:01:27.5280342Z Unpacking libpthread-stubs0-dev:amd64 (0.4-1build3) ...
atspi-check	Install build + accessibility deps	2026-09-05T15:01:27.5498013Z Selecting previously unselected package libxcb1-dev:amd64.
atspi-check	Install build + accessibility deps	2026-09-05T15:01:27.5639769Z Preparing to unpack .../094-libxcb1-dev_1.15-1ubuntu2_amd64.deb ...
atspi-check	Install build + accessibility deps	2026-09-05T15:01:27.5647851Z Unpacking libxcb1-dev:amd64 (1.15-1ubuntu2) ...
atspi-check	Install build + accessibility deps	2026-09-05T15:01:27.5916309Z Selecting previously unselected package libx11-dev:amd64.
atspi-check	Install build + accessibility deps	2026-09-05T15:01:27.6060566Z Preparing to unpack .../095-libx11-dev_2%3a1.8.7-1build1_amd64.deb ...
atspi-check	Install build + accessibility deps	2026-09-05T15:01:27.6069309Z Unpacking libx11-dev:amd64 (2:1.8.7-1build1) ...
atspi-check	Install build + accessibility deps	2026-09-05T15:01:27.6405395Z Selecting previously unselected package libglx-dev:amd64.
atspi-check	Install build + accessibility deps	2026-09-05T15:01:27.6544495Z Preparing to unpack .../096-libglx-dev_1.7.0-1build1_amd64.deb ...
atspi-check	Install build + accessibility deps	2026-09-05T15:01:27.6552455Z Unpacking libglx-dev:amd64 (1.7.0-1build1) ...
atspi-check	Install build + accessibility deps	2026-09-05T15:01:27.6772468Z Selecting previously unselected package libgl-dev:amd64.
atspi-check	Install build + accessibility deps	2026-09-05T15:01:27.6912556Z Preparing to unpack .../097-libgl-dev_1.7.0-1build1_amd64.deb ...
atspi-check	Install build + accessibility deps	2026-09-05T15:01:27.6920204Z Unpacking libgl-dev:amd64 (1.7.0-1build1) ...
atspi-check	Install build + accessibility deps	2026-09-05T15:01:27.7183512Z Selecting previously unselected package libkeyutils-dev:amd64.
atspi-check	Install build + accessibility deps	2026-09-05T15:01:27.7333974Z Preparing to unpack .../098-libkeyutils-dev_1.6.3-3build1_amd64.deb ...
atspi-check	Install build + accessibility deps	2026-09-05T15:01:27.7342066Z Unpacking libkeyutils-dev:amd64 (1.6.3-3build1) ...
atspi-check	Install build + accessibility deps	2026-09-05T15:01:27.7645975Z Selecting previously unselected package libminizip1t64:amd64.
atspi-check	Install build + accessibility deps	2026-09-05T15:01:27.7787924Z Preparing to unpack .../099-libminizip1t64_1%3a1.3.dfsg-3.1ubuntu2.2_amd64.deb ...
atspi-check	Install build + accessibility deps	2026-09-05T15:01:27.7798239Z Unpacking libminizip1t64:amd64 (1:1.3.dfsg-3.1ubuntu2.2) ...
atspi-check	Install build + accessibility deps	2026-09-05T15:01:27.8027251Z Selecting previously unselected package libminizip-dev:amd64.
atspi-check	Install build + accessibility deps	2026-09-05T15:01:27.8167453Z Preparing to unpack .../100-libminizip-dev_1%3a1.3.dfsg-3.1ubuntu2.2_amd64.deb ...
atspi-check	Install build + accessibility deps	2026-09-05T15:01:27.8175306Z Unpacking libminizip-dev:amd64 (1:1.3.dfsg-3.1ubuntu2.2) ...
atspi-check	Install build + accessibility deps	2026-09-05T15:01:27.8403682Z Selecting previously unselected package libopengl-dev:amd64.
atspi-check	Install build + accessibility deps	2026-09-05T15:01:27.8546561Z Preparing to unpack .../101-libopengl-dev_1.7.0-1build1_amd64.deb ...
atspi-check	Install build + accessibility deps	2026-09-05T15:01:27.8554933Z Unpacking libopengl-dev:amd64 (1.7.0-1build1) ...
atspi-check	Install build + accessibility deps	2026-09-05T15:01:27.8786427Z Selecting previously unselected package libpcsclite1:amd64.
atspi-check	Install build + accessibility deps	2026-09-05T15:01:27.8929685Z Preparing to unpack .../102-libpcsclite1_2.0.3-1build1_amd64.deb ...
atspi-check	Install build + accessibility deps	2026-09-05T15:01:27.8938722Z Unpacking libpcsclite1:amd64 (2.0.3-1build1) ...
atspi-check	Install build + accessibility deps	2026-09-05T15:01:27.9162109Z Selecting previously unselected package libqrencode4:amd64.
atspi-check	Install build + accessibility deps	2026-09-05T15:01:27.9302908Z Preparing to unpack .../103-libqrencode4_4.1.1-1build2_amd64.deb ...
atspi-check	Install build + accessibility deps	2026-09-05T15:01:27.9312719Z Unpacking libqrencode4:amd64 (4.1.1-1build2) ...
atspi-check	Install build + accessibility deps	2026-09-05T15:01:27.9541161Z Selecting previously unselected package libqrencode-dev:amd64.
atspi-check	Install build + accessibility deps	2026-09-05T15:01:27.9680558Z Preparing to unpack .../104-libqrencode-dev_4.1.1-1build2_amd64.deb ...
atspi-check	Install build + accessibility deps	2026-09-05T15:01:27.9690096Z Unpacking libqrencode-dev:amd64 (4.1.1-1build2) ...
atspi-check	Install build + accessibility deps	2026-09-05T15:01:27.9924424Z Selecting previously unselected package libqt6concurrent6t64:amd64.
atspi-check	Install build + accessibility deps	2026-09-05T15:01:28.0077757Z Preparing to unpack .../105-libqt6concurrent6t64_6.4.2+dfsg-21.1build5_amd64.deb ...
atspi-check	Install build + accessibility deps	2026-09-05T15:01:28.0087415Z Unpacking libqt6concurrent6t64:amd64 (6.4.2+dfsg-21.1build5) ...
atspi-check	Install build + accessibility deps	2026-09-05T15:01:28.0352085Z Selecting previously unselected package libqt6sql6-sqlite:amd64.
atspi-check	Install build + accessibility deps	2026-09-05T15:01:28.0499251Z Preparing to unpack .../106-libqt6sql6-sqlite_6.4.2+dfsg-21.1build5_amd64.deb ...
atspi-check	Install build + accessibility deps	2026-09-05T15:01:28.0507709Z Unpacking libqt6sql6-sqlite:amd64 (6.4.2+dfsg-21.1build5) ...
atspi-check	Install build + accessibility deps	2026-09-05T15:01:28.0763624Z Selecting previously unselected package libqt6svg6:amd64.
atspi-check	Install build + accessibility deps	2026-09-05T15:01:28.0905473Z Preparing to unpack .../107-libqt6svg6_6.4.2-4ubuntu3_amd64.deb ...
atspi-check	Install build + accessibility deps	2026-09-05T15:01:28.0915676Z Unpacking libqt6svg6:amd64 (6.4.2-4ubuntu3) ...
atspi-check	Install build + accessibility deps	2026-09-05T15:01:28.1166901Z Selecting previously unselected package libqt6svgwidgets6:amd64.
atspi-check	Install build + accessibility deps	2026-09-05T15:01:28.1307219Z Preparing to unpack .../108-libqt6svgwidgets6_6.4.2-4ubuntu3_amd64.deb ...
atspi-check	Install build + accessibility deps	2026-09-05T15:01:28.1316662Z Unpacking libqt6svgwidgets6:amd64 (6.4.2-4ubuntu3) ...
atspi-check	Install build + accessibility deps	2026-09-05T15:01:28.1534579Z Selecting previously unselected package libqt6test6t64:amd64.
atspi-check	Install build + accessibility deps	2026-09-05T15:01:28.1690355Z Preparing to unpack .../109-libqt6test6t64_6.4.2+dfsg-21.1build5_amd64.deb ...
atspi-check	Install build + accessibility deps	2026-09-05T15:01:28.1699146Z Unpacking libqt6test6t64:amd64 (6.4.2+dfsg-21.1build5) ...
atspi-check	Install build + accessibility deps	2026-09-05T15:01:28.1958394Z Selecting previously unselected package libqt6uitools6:amd64.
atspi-check	Install build + accessibility deps	2026-09-05T15:01:28.2100274Z Preparing to unpack .../110-libqt6uitools6_6.4.2-3build3_amd64.deb ...
atspi-check	Install build + accessibility deps	2026-09-05T15:01:28.2108875Z Unpacking libqt6uitools6:amd64 (6.4.2-3build3) ...
atspi-check	Install build + accessibility deps	2026-09-05T15:01:28.2355861Z Selecting previously unselected package libreadline-dev:amd64.
atspi-check	Install build + accessibility deps	2026-09-05T15:01:28.2495955Z Preparing to unpack .../111-libreadline-dev_8.2-4build1_amd64.deb ...
atspi-check	Install build + accessibility deps	2026-09-05T15:01:28.2504768Z Unpacking libreadline-dev:amd64 (8.2-4build1) ...
atspi-check	Install build + accessibility deps	2026-09-05T15:01:28.2761446Z Selecting previously unselected package libusb-1.0-0-dev:amd64.
atspi-check	Install build + accessibility deps	2026-09-05T15:01:28.2906779Z Preparing to unpack .../112-libusb-1.0-0-dev_2%3a1.0.27-1_amd64.deb ...
atspi-check	Install build + accessibility deps	2026-09-05T15:01:28.2916800Z Unpacking libusb-1.0-0-dev:amd64 (2:1.0.27-1) ...
atspi-check	Install build + accessibility deps	2026-09-05T15:01:28.3144740Z Selecting previously unselected package libvulkan-dev:amd64.
atspi-check	Install build + accessibility deps	2026-09-05T15:01:28.3292196Z Preparing to unpack .../113-libvulkan-dev_1.3.275.0-1build1_amd64.deb ...
atspi-check	Install build + accessibility deps	2026-09-05T15:01:28.3300254Z Unpacking libvulkan-dev:amd64 (1.3.275.0-1build1) ...
atspi-check	Install build + accessibility deps	2026-09-05T15:01:28.4262220Z Selecting previously unselected package libxcb-xkb-dev:amd64.
atspi-check	Install build + accessibility deps	2026-09-05T15:01:28.4411634Z Preparing to unpack .../114-libxcb-xkb-dev_1.15-1ubuntu2_amd64.deb ...
atspi-check	Install build + accessibility deps	2026-09-05T15:01:28.4419314Z Unpacking libxcb-xkb-dev:amd64 (1.15-1ubuntu2) ...
atspi-check	Install build + accessibility deps	2026-09-05T15:01:28.4653896Z Selecting previously unselected package libxext-dev:amd64.
atspi-check	Install build + accessibility deps	2026-09-05T15:01:28.4803922Z Preparing to unpack .../115-libxext-dev_2%3a1.3.4-1build2_amd64.deb ...
atspi-check	Install build + accessibility deps	2026-09-05T15:01:28.4813076Z Unpacking libxext-dev:amd64 (2:1.3.4-1build2) ...
atspi-check	Install build + accessibility deps	2026-09-05T15:01:28.5136585Z Selecting previously unselected package libxfixes-dev:amd64.
atspi-check	Install build + accessibility deps	2026-09-05T15:01:28.5286683Z Preparing to unpack .../116-libxfixes-dev_1%3a6.0.0-2build1_amd64.deb ...
atspi-check	Install build + accessibility deps	2026-09-05T15:01:28.5295711Z Unpacking libxfixes-dev:amd64 (1:6.0.0-2build1) ...
atspi-check	Install build + accessibility deps	2026-09-05T15:01:28.5521597Z Selecting previously unselected package libxi-dev:amd64.
atspi-check	Install build + accessibility deps	2026-09-05T15:01:28.5671839Z Preparing to unpack .../117-libxi-dev_2%3a1.8.1-1build1_amd64.deb ...
atspi-check	Install build + accessibility deps	2026-09-05T15:01:28.5680927Z Unpacking libxi-dev:amd64 (2:1.8.1-1build1) ...
atspi-check	Install build + accessibility deps	2026-09-05T15:01:28.6027390Z Selecting previously unselected package libxkbcommon-dev:amd64.
atspi-check	Install build + accessibility deps	2026-09-05T15:01:28.6189792Z Preparing to unpack .../118-libxkbcommon-dev_1.6.0-1build1_amd64.deb ...
atspi-check	Install build + accessibility deps	2026-09-05T15:01:28.6197720Z Unpacking libxkbcommon-dev:amd64 (1.6.0-1build1) ...
atspi-check	Install build + accessibility deps	2026-09-05T15:01:28.6441482Z Selecting previously unselected package libxtst-dev:amd64.
atspi-check	Install build + accessibility deps	2026-09-05T15:01:28.6588877Z Preparing to unpack .../119-libxtst-dev_2%3a1.2.3-1.1build1_amd64.deb ...
atspi-check	Install build + accessibility deps	2026-09-05T15:01:28.6597708Z Unpacking libxtst-dev:amd64 (2:1.2.3-1.1build1) ...
atspi-check	Install build + accessibility deps	2026-09-05T15:01:28.6835844Z Selecting previously unselected package linguist-qt6.
atspi-check	Install build + accessibility deps	2026-09-05T15:01:28.6983526Z Preparing to unpack .../120-linguist-qt6_6.4.2-3build3_amd64.deb ...
atspi-check	Install build + accessibility deps	2026-09-05T15:01:28.6992744Z Unpacking linguist-qt6 (6.4.2-3build3) ...
atspi-check	Install build + accessibility deps	2026-09-05T15:01:28.7259724Z Selecting previously unselected package ninja-build.
atspi-check	Install build + accessibility deps	2026-09-05T15:01:28.7405536Z Preparing to unpack .../121-ninja-build_1.11.1-2_amd64.deb ...
atspi-check	Install build + accessibility deps	2026-09-05T15:01:28.7414337Z Unpacking ninja-build (1.11.1-2) ...
atspi-check	Install build + accessibility deps	2026-09-05T15:01:28.7867307Z Selecting previously unselected package python3-cairo.
atspi-check	Install build + accessibility deps	2026-09-05T15:01:28.8020425Z Preparing to unpack .../122-python3-cairo_1.25.1-2build2_amd64.deb ...
atspi-check	Install build + accessibility deps	2026-09-05T15:01:28.8032895Z Unpacking python3-cairo (1.25.1-2build2) ...
atspi-check	Install build + accessibility deps	2026-09-05T15:01:28.8287724Z Selecting previously unselected package python3-gi-cairo.
atspi-check	Install build + accessibility deps	2026-09-05T15:01:28.8430319Z Preparing to unpack .../123-python3-gi-cairo_3.48.2-1_amd64.deb ...
atspi-check	Install build + accessibility deps	2026-09-05T15:01:28.8439217Z Unpacking python3-gi-cairo (3.48.2-1) ...
atspi-check	Install build + accessibility deps	2026-09-05T15:01:28.8662987Z Selecting previously unselected package python3-pyatspi.
atspi-check	Install build + accessibility deps	2026-09-05T15:01:28.8835536Z Preparing to unpack .../124-python3-pyatspi_2.46.1-1_all.deb ...
atspi-check	Install build + accessibility deps	2026-09-05T15:01:28.8846415Z Unpacking python3-pyatspi (2.46.1-1) ...
atspi-check	Install build + accessibility deps	2026-09-05T15:01:28.9128854Z Selecting previously unselected package python3-dogtail.
atspi-check	Install build + accessibility deps	2026-09-05T15:01:28.9284863Z Preparing to unpack .../125-python3-dogtail_0.9.11-12_all.deb ...
atspi-check	Install build + accessibility deps	2026-09-05T15:01:28.9294724Z Unpacking python3-dogtail (0.9.11-12) ...
atspi-check	Install build + accessibility deps	2026-09-05T15:01:28.9748145Z Selecting previously unselected package qdbus-qt6.
atspi-check	Install build + accessibility deps	2026-09-05T15:01:28.9893176Z Preparing to unpack .../126-qdbus-qt6_6.4.2-3build3_amd64.deb ...
atspi-check	Install build + accessibility deps	2026-09-05T15:01:28.9902691Z Unpacking qdbus-qt6 (6.4.2-3build3) ...
atspi-check	Install build + accessibility deps	2026-09-05T15:01:29.0126192Z Selecting previously unselected package qmake6-bin.
atspi-check	Install build + accessibility deps	2026-09-05T15:01:29.0270550Z Preparing to unpack .../127-qmake6-bin_6.4.2+dfsg-21.1build5_amd64.deb ...
atspi-check	Install build + accessibility deps	2026-09-05T15:01:29.0280081Z Unpacking qmake6-bin (6.4.2+dfsg-21.1build5) ...
atspi-check	Install build + accessibility deps	2026-09-05T15:01:29.0585036Z Selecting previously unselected package qmake6:amd64.
atspi-check	Install build + accessibility deps	2026-09-05T15:01:29.0733904Z Preparing to unpack .../128-qmake6_6.4.2+dfsg-21.1build5_amd64.deb ...
atspi-check	Install build + accessibility deps	2026-09-05T15:01:29.0744591Z Unpacking qmake6:amd64 (6.4.2+dfsg-21.1build5) ...
atspi-check	Install build + accessibility deps	2026-09-05T15:01:29.1825007Z Selecting previously unselected package qt6-base-dev-tools.
atspi-check	Install build + accessibility deps	2026-09-05T15:01:29.2000428Z Preparing to unpack .../129-qt6-base-dev-tools_6.4.2+dfsg-21.1build5_amd64.deb ...
atspi-check	Install build + accessibility deps	2026-09-05T15:01:29.2009007Z Unpacking qt6-base-dev-tools (6.4.2+dfsg-21.1build5) ...
atspi-check	Install build + accessibility deps	2026-09-05T15:01:29.2418356Z Selecting previously unselected package qt6-qpa-plugins:amd64.
atspi-check	Install build + accessibility deps	2026-09-05T15:01:29.2597721Z Preparing to unpack .../130-qt6-qpa-plugins_6.4.2+dfsg-21.1build5_amd64.deb ...
atspi-check	Install build + accessibility deps	2026-09-05T15:01:29.2763932Z Unpacking qt6-qpa-plugins:amd64 (6.4.2+dfsg-21.1build5) ...
atspi-check	Install build + accessibility deps	2026-09-05T15:01:29.3023375Z Selecting previously unselected package qt6-base-dev:amd64.
atspi-check	Install build + accessibility deps	2026-09-05T15:01:29.3161968Z Preparing to unpack .../131-qt6-base-dev_6.4.2+dfsg-21.1build5_amd64.deb ...
atspi-check	Install build + accessibility deps	2026-09-05T15:01:29.3170231Z Unpacking qt6-base-dev:amd64 (6.4.2+dfsg-21.1build5) ...
atspi-check	Install build + accessibility deps	2026-09-05T15:01:29.7673057Z Selecting previously unselected package qt6-documentation-tools.
atspi-check	Install build + accessibility deps	2026-09-05T15:01:29.7822974Z Preparing to unpack .../132-qt6-documentation-tools_6.4.2-3build3_amd64.deb ...
atspi-check	Install build + accessibility deps	2026-09-05T15:01:29.7831933Z Unpacking qt6-documentation-tools (6.4.2-3build3) ...
atspi-check	Install build + accessibility deps	2026-09-05T15:01:29.8132067Z Selecting previously unselected package qt6-l10n-tools.
atspi-check	Install build + accessibility deps	2026-09-05T15:01:29.8275846Z Preparing to unpack .../133-qt6-l10n-tools_6.4.2-3build3_amd64.deb ...
atspi-check	Install build + accessibility deps	2026-09-05T15:01:29.8286014Z Unpacking qt6-l10n-tools (6.4.2-3build3) ...
atspi-check	Install build + accessibility deps	2026-09-05T15:01:29.8600512Z Selecting previously unselected package qt6-svg-dev:amd64.
atspi-check	Install build + accessibility deps	2026-09-05T15:01:29.8747394Z Preparing to unpack .../134-qt6-svg-dev_6.4.2-4ubuntu3_amd64.deb ...
atspi-check	Install build + accessibility deps	2026-09-05T15:01:29.8757450Z Unpacking qt6-svg-dev:amd64 (6.4.2-4ubuntu3) ...
atspi-check	Install build + accessibility deps	2026-09-05T15:01:29.9078687Z Selecting previously unselected package qt6-tools-dev-tools.
atspi-check	Install build + accessibility deps	2026-09-05T15:01:29.9228921Z Preparing to unpack .../135-qt6-tools-dev-tools_6.4.2-3build3_amd64.deb ...
atspi-check	Install build + accessibility deps	2026-09-05T15:01:29.9237964Z Unpacking qt6-tools-dev-tools (6.4.2-3build3) ...
atspi-check	Install build + accessibility deps	2026-09-05T15:01:29.9490706Z Selecting previously unselected package qt6-tools-dev:amd64.
atspi-check	Install build + accessibility deps	2026-09-05T15:01:29.9630444Z Preparing to unpack .../136-qt6-tools-dev_6.4.2-3build3_amd64.deb ...
atspi-check	Install build + accessibility deps	2026-09-05T15:01:29.9639812Z Unpacking qt6-tools-dev:amd64 (6.4.2-3build3) ...
atspi-check	Install build + accessibility deps	2026-09-05T15:01:30.0293035Z Selecting previously unselected package libpcsclite-dev:amd64.
atspi-check	Install build + accessibility deps	2026-09-05T15:01:30.0433641Z Preparing to unpack .../137-libpcsclite-dev_2.0.3-1build1_amd64.deb ...
atspi-check	Install build + accessibility deps	2026-09-05T15:01:30.0443702Z Unpacking libpcsclite-dev:amd64 (2.0.3-1build1) ...
atspi-check	Install build + accessibility deps	2026-09-05T15:01:30.0687247Z Selecting previously unselected package libxkbcommon-x11-dev:amd64.
atspi-check	Install build + accessibility deps	2026-09-05T15:01:30.0829110Z Preparing to unpack .../138-libxkbcommon-x11-dev_1.6.0-1build1_amd64.deb ...
atspi-check	Install build + accessibility deps	2026-09-05T15:01:30.0841353Z Unpacking libxkbcommon-x11-dev:amd64 (1.6.0-1build1) ...
atspi-check	Install build + accessibility deps	2026-09-05T15:01:30.1308820Z Setting up libhwy1t64:amd64 (1.0.7-8.1build1) ...
atspi-check	Install build + accessibility deps	2026-09-05T15:01:30.1336812Z Setting up libb2-1:amd64 (0.98.1-1.1build1) ...
atspi-check	Install build + accessibility deps	2026-09-05T15:01:30.1358231Z Setting up libtspi1 (0.3.15-0.3build2) ...
atspi-check	Install build + accessibility deps	2026-09-05T15:01:30.1396848Z Setting up libpaper1:amd64 (1.1.29build1) ...
atspi-check	Install build + accessibility deps	2026-09-05T15:01:30.3418921Z 
atspi-check	Install build + accessibility deps	2026-09-05T15:01:30.3419995Z Creating config file /etc/papersize with new version
atspi-check	Install build + accessibility deps	2026-09-05T15:01:30.4070384Z Setting up session-migration (0.3.9build1) ...
atspi-check	Install build + accessibility deps	2026-09-05T15:01:30.5647003Z Created symlink /etc/systemd/user/graphical-session-pre.target.wants/session-migration.service → /usr/lib/systemd/user/session-migration.service.
atspi-check	Install build + accessibility deps	2026-09-05T15:01:30.5647879Z 
atspi-check	Install build + accessibility deps	2026-09-05T15:01:30.5682254Z Setting up libdouble-conversion3:amd64 (3.3.0-1build1) ...
atspi-check	Install build + accessibility deps	2026-09-05T15:01:30.5705961Z Setting up libproxy1v5:amd64 (0.5.4-4build1) ...
atspi-check	Install build + accessibility deps	2026-09-05T15:01:30.5728645Z Setting up libvulkan-dev:amd64 (1.3.275.0-1build1) ...
atspi-check	Install build + accessibility deps	2026-09-05T15:01:30.5748509Z Setting up gir1.2-freedesktop:amd64 (1.80.1-1) ...
atspi-check	Install build + accessibility deps	2026-09-05T15:01:30.5768169Z Setting up python3-cairo (1.25.1-2build2) ...
atspi-check	Install build + accessibility deps	2026-09-05T15:01:30.7073125Z Setting up libpangoxft-1.0-0:amd64 (1.52.1+ds-1build1) ...
atspi-check	Install build + accessibility deps	2026-09-05T15:01:30.7095375Z Setting up libllvm15t64:amd64 (1:15.0.7-14build3) ...
atspi-check	Install build + accessibility deps	2026-09-05T15:01:30.7119839Z Setting up libqrencode4:amd64 (4.1.1-1build2) ...
atspi-check	Install build + accessibility deps	2026-09-05T15:01:30.7140281Z Setting up gir1.2-gdkpixbuf-2.0:amd64 (2.42.10+dfsg-3ubuntu3.3) ...
atspi-check	Install build + accessibility deps	2026-09-05T15:01:30.7162224Z Setting up gir1.2-atk-1.0:amd64 (2.52.0-1build1) ...
atspi-check	Install build + accessibility deps	2026-09-05T15:01:30.7183401Z Setting up libts0t64:amd64 (1.22-1.1build1) ...
atspi-check	Install build + accessibility deps	2026-09-05T15:01:30.7215425Z Setting up libijs-0.35:amd64 (0.35-15.1build1) ...
atspi-check	Install build + accessibility deps	2026-09-05T15:01:30.7245600Z Setting up libxkbcommon-dev:amd64 (1.6.0-1build1) ...
atspi-check	Install build + accessibility deps	2026-09-05T15:01:30.7275404Z Setting up libgs-common (10.02.1~dfsg1-0ubuntu7.8) ...
atspi-check	Install build + accessibility deps	2026-09-05T15:01:30.7298837Z Setting up libxcb-keysyms1:amd64 (0.4.0-1build4) ...
atspi-check	Install build + accessibility deps	2026-09-05T15:01:30.7320760Z Setting up libxcb-shape0:amd64 (1.15-1ubuntu2) ...
atspi-check	Install build + accessibility deps	2026-09-05T15:01:30.7344081Z Setting up libusb-1.0-0-dev:amd64 (2:1.0.27-1) ...
atspi-check	Install build + accessibility deps	2026-09-05T15:01:30.7372825Z Setting up libxcb-render-util0:amd64 (0.3.9-1build4) ...
atspi-check	Install build + accessibility deps	2026-09-05T15:01:30.7395393Z Setting up libxcb-icccm4:amd64 (0.4.1-1.1build3) ...
atspi-check	Install build + accessibility deps	2026-09-05T15:01:30.7423030Z Setting up libharfbuzz-gobject0:amd64 (8.3.0-2build2) ...
atspi-check	Install build + accessibility deps	2026-09-05T15:01:30.7449570Z Setting up gir1.2-atspi-2.0:amd64 (2.52.0-1build1) ...
atspi-check	Install build + accessibility deps	2026-09-05T15:01:30.7471713Z Setting up libreadline-dev:amd64 (8.2-4build1) ...
atspi-check	Install build + accessibility deps	2026-09-05T15:01:30.7496332Z Setting up gir1.2-harfbuzz-0.0:amd64 (8.3.0-2build2) ...
atspi-check	Install build + accessibility deps	2026-09-05T15:01:30.7520217Z Setting up libpthread-stubs0-dev:amd64 (0.4-1build3) ...
atspi-check	Install build + accessibility deps	2026-09-05T15:01:30.7545401Z Setting up libopengl0:amd64 (1.7.0-1build1) ...
atspi-check	Install build + accessibility deps	2026-09-05T15:01:30.7568814Z Setting up ninja-build (1.11.1-2) ...
atspi-check	Install build + accessibility deps	2026-09-05T15:01:30.7595941Z Setting up libxcb-util1:amd64 (0.4.0-1build3) ...
atspi-check	Install build + accessibility deps	2026-09-05T15:01:30.7621608Z Setting up poppler-data (0.4.12-1) ...
atspi-check	Install build + accessibility deps	2026-09-05T15:01:30.7705142Z Setting up libxcb-xkb1:amd64 (1.15-1ubuntu2) ...
atspi-check	Install build + accessibility deps	2026-09-05T15:01:30.7729885Z Setting up libxcb-image0:amd64 (0.4.0-2build1) ...
atspi-check	Install build + accessibility deps	2026-09-05T15:01:30.7754744Z Setting up librsvg2-2:amd64 (2.58.0+dfsg-1build1) ...
atspi-check	Install build + accessibility deps	2026-09-05T15:01:30.7775491Z Setting up libid3tag0:amd64 (0.15.1b-14build1) ...
atspi-check	Install build + accessibility deps	2026-09-05T15:01:30.7795189Z Setting up xtrans-dev (1.4.0-1) ...
atspi-check	Install build + accessibility deps	2026-09-05T15:01:30.7816944Z Setting up gir1.2-pango-1.0:amd64 (1.52.1+ds-1build1) ...
atspi-check	Install build + accessibility deps	2026-09-05T15:01:30.7837070Z Setting up libegl-mesa0:amd64 (25.2.8-0ubuntu0.24.04.2) ...
atspi-check	Install build + accessibility deps	2026-09-05T15:01:30.7858213Z Setting up libjbig2dec0:amd64 (0.20-1ubuntu0.24.04.1) ...
atspi-check	Install build + accessibility deps	2026-09-05T15:01:30.7888601Z Setting up libgumbo2:amd64 (0.12.0+dfsg-2build1) ...
atspi-check	Install build + accessibility deps	2026-09-05T15:01:30.7911530Z Setting up xfonts-encodings (1:1.0.5-0ubuntu2) ...
atspi-check	Install build + accessibility deps	2026-09-05T15:01:30.7933117Z Setting up libxkbcommon-x11-0:amd64 (1.6.0-1build1) ...
atspi-check	Install build + accessibility deps	2026-09-05T15:01:30.7961989Z Setting up libidn12:amd64 (1.42-1ubuntu0.1) ...
atspi-check	Install build + accessibility deps	2026-09-05T15:01:30.7988512Z Setting up libjsoncpp25:amd64 (1.9.5-6build1) ...
atspi-check	Install build + accessibility deps	2026-09-05T15:01:30.8014987Z Setting up libpcsclite1:amd64 (2.0.3-1build1) ...
atspi-check	Install build + accessibility deps	2026-09-05T15:01:30.8042733Z Setting up libclang1-15t64 (1:15.0.7-14build3) ...
atspi-check	Install build + accessibility deps	2026-09-05T15:01:30.8066711Z Setting up libjxl0.7:amd64 (0.7.0-10.2ubuntu6.1) ...
atspi-check	Install build + accessibility deps	2026-09-05T15:01:30.8091220Z Setting up libpcsclite-dev:amd64 (2.0.3-1build1) ...
atspi-check	Install build + accessibility deps	2026-09-05T15:01:30.8116895Z Setting up libgif7:amd64 (5.2.2-1ubuntu1.2) ...
atspi-check	Install build + accessibility deps	2026-09-05T15:01:30.8139891Z Setting up libmtdev1t64:amd64 (1.1.6-1.1build1) ...
atspi-check	Install build + accessibility deps	2026-09-05T15:01:30.8162562Z Setting up libminizip1t64:amd64 (1:1.3.dfsg-3.1ubuntu2.2) ...
atspi-check	Install build + accessibility deps	2026-09-05T15:01:30.8194692Z Setting up dbus-x11 (1.14.10-4ubuntu4.1) ...
atspi-check	Install build + accessibility deps	2026-09-05T15:01:30.8236872Z Setting up librhash0:amd64 (1.4.3-3build1) ...
atspi-check	Install build + accessibility deps	2026-09-05T15:01:30.8261733Z Setting up libkeyutils-dev:amd64 (1.6.3-3build1) ...
atspi-check	Install build + accessibility deps	2026-09-05T15:01:30.8290574Z Setting up libegl1:amd64 (1.7.0-1build1) ...
atspi-check	Install build + accessibility deps	2026-09-05T15:01:30.8313233Z Setting up libqrencode-dev:amd64 (4.1.1-1build2) ...
atspi-check	Install build + accessibility deps	2026-09-05T15:01:30.8336690Z Setting up libmd4c0:amd64 (0.4.8-1build1) ...
atspi-check	Install build + accessibility deps	2026-09-05T15:01:30.8363916Z Setting up build-essential (12.10ubuntu1) ...
atspi-check	Install build + accessibility deps	2026-09-05T15:01:30.8386689Z Setting up xorg-sgml-doctools (1:1.11-1.1) ...
atspi-check	Install build + accessibility deps	2026-09-05T15:01:30.8409257Z Setting up cmake-data (3.28.3-1build7) ...
atspi-check	Install build + accessibility deps	2026-09-05T15:01:30.8488149Z Setting up libopengl-dev:amd64 (1.7.0-1build1) ...
atspi-check	Install build + accessibility deps	2026-09-05T15:01:30.8513436Z Setting up menu (2.1.50) ...
atspi-check	Install build + accessibility deps	2026-09-05T15:01:30.8746663Z Setting up libclang-cpp15t64 (1:15.0.7-14build3) ...
atspi-check	Install build + accessibility deps	2026-09-05T15:01:30.8772560Z Setting up libargon2-dev:amd64 (0~20190702+dfsg-4build1) ...
atspi-check	Install build + accessibility deps	2026-09-05T15:01:30.8795385Z Setting up python3-gi-cairo (3.48.2-1) ...
atspi-check	Install build + accessibility deps	2026-09-05T15:01:30.8821891Z Setting up libbotan-2-19:amd64 (2.19.3+dfsg-1ubuntu2) ...
atspi-check	Install build + accessibility deps	2026-09-05T15:01:30.8843502Z Setting up libwacom-common (2.10.0-2) ...
atspi-check	Install build + accessibility deps	2026-09-05T15:01:30.8865985Z Setting up libatk-adaptor:amd64 (2.52.0-1build1) ...
atspi-check	Install build + accessibility deps	2026-09-05T15:01:30.8904121Z Setting up gsettings-desktop-schemas (46.1-0ubuntu1) ...
atspi-check	Install build + accessibility deps	2026-09-05T15:01:30.8924269Z Setting up libqt6core6t64:amd64 (6.4.2+dfsg-21.1build5) ...
atspi-check	Install build + accessibility deps	2026-09-05T15:01:30.8946874Z Setting up libwacom9:amd64 (2.10.0-2) ...
atspi-check	Install build + accessibility deps	2026-09-05T15:01:30.8974046Z Setting up liblitehtml0t64:amd64 (0.6-1.2ubuntu2) ...
atspi-check	Install build + accessibility deps	2026-09-05T15:01:30.9001161Z Setting up gir1.2-gtk-3.0:amd64 (3.24.41-4ubuntu1.3) ...
atspi-check	Install build + accessibility deps	2026-09-05T15:01:30.9026261Z Setting up libqt6sql6t64:amd64 (6.4.2+dfsg-21.1build5) ...
atspi-check	Install build + accessibility deps	2026-09-05T15:01:30.9051055Z Setting up libqt6test6t64:amd64 (6.4.2+dfsg-21.1build5) ...
atspi-check	Install build + accessibility deps	2026-09-05T15:01:30.9075445Z Setting up libqt6dbus6t64:amd64 (6.4.2+dfsg-21.1build5) ...
atspi-check	Install build + accessibility deps	2026-09-05T15:01:30.9099237Z Setting up libqt6concurrent6t64:amd64 (6.4.2+dfsg-21.1build5) ...
atspi-check	Install build + accessibility deps	2026-09-05T15:01:30.9237202Z Setting up xfonts-utils (1:7.7+6build3) ...
atspi-check	Install build + accessibility deps	2026-09-05T15:01:30.9290028Z Setting up libqt6xml6t64:amd64 (6.4.2+dfsg-21.1build5) ...
atspi-check	Install build + accessibility deps	2026-09-05T15:01:30.9308743Z Setting up libinput-bin (1.25.0-1ubuntu3.6) ...
atspi-check	Install build + accessibility deps	2026-09-05T15:01:30.9328893Z Setting up libminizip-dev:amd64 (1:1.3.dfsg-3.1ubuntu2.2) ...
atspi-check	Install build + accessibility deps	2026-09-05T15:01:30.9351729Z Setting up libqt6sql6-sqlite:amd64 (6.4.2+dfsg-21.1build5) ...
atspi-check	Install build + accessibility deps	2026-09-05T15:01:30.9372543Z Setting up qmake6-bin (6.4.2+dfsg-21.1build5) ...
atspi-check	Install build + accessibility deps	2026-09-05T15:01:30.9396876Z Setting up cmake (3.28.3-1build7) ...
atspi-check	Install build + accessibility deps	2026-09-05T15:01:30.9423303Z Setting up libbotan-2-dev (2.19.3+dfsg-1ubuntu2) ...
atspi-check	Install build + accessibility deps	2026-09-05T15:01:30.9445889Z Setting up libqt6network6t64:amd64 (6.4.2+dfsg-21.1build5) ...
atspi-check	Install build + accessibility deps	2026-09-05T15:01:30.9470352Z Setting up libinput10:amd64 (1.25.0-1ubuntu3.6) ...
atspi-check	Install build + accessibility deps	2026-09-05T15:01:30.9497552Z Setting up qt6-base-dev-tools (6.4.2+dfsg-21.1build5) ...
atspi-check	Install build + accessibility deps	2026-09-05T15:01:30.9519386Z Setting up qdbus-qt6 (6.4.2-3build3) ...
atspi-check	Install build + accessibility deps	2026-09-05T15:01:30.9544619Z Setting up libqt6qml6:amd64 (6.4.2+dfsg-4build3) ...
atspi-check	Install build + accessibility deps	2026-09-05T15:01:30.9568767Z Setting up fonts-urw-base35 (20200910-8) ...
atspi-check	Install build + accessibility deps	2026-09-05T15:01:31.1226520Z Setting up libqt6qmlmodels6:amd64 (6.4.2+dfsg-4build3) ...
atspi-check	Install build + accessibility deps	2026-09-05T15:01:31.1247295Z Setting up qmake6:amd64 (6.4.2+dfsg-21.1build5) ...
atspi-check	Install build + accessibility deps	2026-09-05T15:01:31.1272598Z Setting up libqt6gui6t64:amd64 (6.4.2+dfsg-21.1build5) ...
atspi-check	Install build + accessibility deps	2026-09-05T15:01:31.1296482Z Setting up libgs10-common (10.02.1~dfsg1-0ubuntu7.8) ...
atspi-check	Install build + accessibility deps	2026-09-05T15:01:31.1317906Z Setting up libqt6widgets6t64:amd64 (6.4.2+dfsg-21.1build5) ...
atspi-check	Install build + accessibility deps	2026-09-05T15:01:31.1345900Z Setting up qt6-qpa-plugins:amd64 (6.4.2+dfsg-21.1build5) ...
atspi-check	Install build + accessibility deps	2026-09-05T15:01:31.1366625Z Setting up qt6-l10n-tools (6.4.2-3build3) ...
atspi-check	Install build + accessibility deps	2026-09-05T15:01:31.1392306Z Setting up libqt6help6:amd64 (6.4.2-3build3) ...
atspi-check	Install build + accessibility deps	2026-09-05T15:01:31.1415355Z Setting up qt6-documentation-tools (6.4.2-3build3) ...
atspi-check	Install build + accessibility deps	2026-09-05T15:01:31.1436875Z Setting up libqt6opengl6t64:amd64 (6.4.2+dfsg-21.1build5) ...
atspi-check	Install build + accessibility deps	2026-09-05T15:01:31.1461693Z Setting up libqt6svg6:amd64 (6.4.2-4ubuntu3) ...
atspi-check	Install build + accessibility deps	2026-09-05T15:01:31.1485665Z Setting up libqt6printsupport6t64:amd64 (6.4.2+dfsg-21.1build5) ...
atspi-check	Install build + accessibility deps	2026-09-05T15:01:31.1510455Z Setting up libqt6quick6:amd64 (6.4.2+dfsg-4build3) ...
atspi-check	Install build + accessibility deps	2026-09-05T15:01:31.1538265Z Setting up libqt6svgwidgets6:amd64 (6.4.2-4ubuntu3) ...
atspi-check	Install build + accessibility deps	2026-09-05T15:01:31.1559209Z Setting up assistant-qt6 (6.4.2-3build3) ...
atspi-check	Install build + accessibility deps	2026-09-05T15:01:31.1581886Z Setting up libgs10:amd64 (10.02.1~dfsg1-0ubuntu7.8) ...
atspi-check	Install build + accessibility deps	2026-09-05T15:01:31.1606746Z Setting up libspectre1:amd64 (0.2.12-1build2) ...
atspi-check	Install build + accessibility deps	2026-09-05T15:01:31.1631709Z Setting up libqt6openglwidgets6t64:amd64 (6.4.2+dfsg-21.1build5) ...
atspi-check	Install build + accessibility deps	2026-09-05T15:01:31.1657816Z Setting up libqt6quickwidgets6:amd64 (6.4.2+dfsg-4build3) ...
atspi-check	Install build + accessibility deps	2026-09-05T15:01:31.1681706Z Setting up qt6-svg-dev:amd64 (6.4.2-4ubuntu3) ...
atspi-check	Install build + accessibility deps	2026-09-05T15:01:31.1703473Z Setting up libqt6uitools6:amd64 (6.4.2-3build3) ...
atspi-check	Install build + accessibility deps	2026-09-05T15:01:31.1728377Z Setting up libimlib2t64:amd64 (1.12.1-1.1build2) ...
atspi-check	Install build + accessibility deps	2026-09-05T15:01:31.1749896Z Setting up libqt6designer6:amd64 (6.4.2-3build3) ...
atspi-check	Install build + accessibility deps	2026-09-05T15:01:31.1775976Z Setting up linguist-qt6 (6.4.2-3build3) ...
atspi-check	Install build + accessibility deps	2026-09-05T15:01:31.1799935Z Setting up libqt6designercomponents6:amd64 (6.4.2-3build3) ...
atspi-check	Install build + accessibility deps	2026-09-05T15:01:31.1823715Z Setting up designer-qt6 (6.4.2-3build3) ...
atspi-check	Install build + accessibility deps	2026-09-05T15:01:31.1844259Z Setting up qt6-tools-dev-tools (6.4.2-3build3) ...
atspi-check	Install build + accessibility deps	2026-09-05T15:01:31.2163865Z Processing triggers for udev (255.4-1ubuntu8.17) ...
atspi-check	Install build + accessibility deps	2026-09-05T15:01:32.0498083Z Processing triggers for sgml-base (1.31) ...
atspi-check	Install build + accessibility deps	2026-09-05T15:01:32.0721505Z Processing triggers for install-info (7.1-3build2) ...
atspi-check	Install build + accessibility deps	2026-09-05T15:01:32.3235924Z Setting up x11proto-dev (2023.2-1) ...
atspi-check	Install build + accessibility deps	2026-09-05T15:01:32.3265258Z Processing triggers for fontconfig (2.15.0-1.1ubuntu2) ...
atspi-check	Install build + accessibility deps	2026-09-05T15:01:32.5364565Z Setting up libxau-dev:amd64 (1:1.0.9-1build6) ...
atspi-check	Install build + accessibility deps	2026-09-05T15:01:32.5391634Z Processing triggers for hicolor-icon-theme (0.17-2) ...
atspi-check	Install build + accessibility deps	2026-09-05T15:01:32.7946433Z Processing triggers for libc-bin (2.39-0ubuntu8.8) ...
atspi-check	Install build + accessibility deps	2026-09-05T15:01:32.9011213Z Processing triggers for man-db (2.12.0-4build2) ...
atspi-check	Install build + accessibility deps	2026-09-05T15:01:32.9038948Z Not building database; man-db/auto-update is not 'true'.
atspi-check	Install build + accessibility deps	2026-09-05T15:01:32.9068299Z Setting up libxdmcp-dev:amd64 (1:1.1.3-0ubuntu6) ...
atspi-check	Install build + accessibility deps	2026-09-05T15:01:32.9106949Z Processing triggers for libglib2.0-0t64:amd64 (2.80.0-6ubuntu3.8) ...
atspi-check	Install build + accessibility deps	2026-09-05T15:01:32.9306378Z Setting up at-spi2-core (2.52.0-1build1) ...
atspi-check	Install build + accessibility deps	2026-09-05T15:01:32.9379836Z Setting up libxcb1-dev:amd64 (1.15-1ubuntu2) ...
atspi-check	Install build + accessibility deps	2026-09-05T15:01:32.9417114Z Setting up libxcb-xkb-dev:amd64 (1.15-1ubuntu2) ...
atspi-check	Install build + accessibility deps	2026-09-05T15:01:32.9440201Z Setting up libx11-dev:amd64 (2:1.8.7-1build1) ...
atspi-check	Install build + accessibility deps	2026-09-05T15:01:32.9483104Z Setting up libxfixes-dev:amd64 (1:6.0.0-2build1) ...
atspi-check	Install build + accessibility deps	2026-09-05T15:01:32.9523780Z Setting up python3-pyatspi (2.46.1-1) ...
atspi-check	Install build + accessibility deps	2026-09-05T15:01:33.0826643Z Setting up python3-dogtail (0.9.11-12) ...
atspi-check	Install build + accessibility deps	2026-09-05T15:01:33.1826918Z /usr/lib/python3/dist-packages/dogtail/i18n.py:136: SyntaxWarning: invalid escape sequence '\('
atspi-check	Install build + accessibility deps	2026-09-05T15:01:33.1827953Z   inString = re.sub('([\(\)])', r'\\\1', inString)
atspi-check	Install build + accessibility deps	2026-09-05T15:01:33.1926455Z /usr/lib/python3/dist-packages/dogtail/sessions.py:84: SyntaxWarning: invalid escape sequence '\.'
atspi-check	Install build + accessibility deps	2026-09-05T15:01:33.1927380Z   pattern = re.compile('\.X([0-9]+)-lock')
atspi-check	Install build + accessibility deps	2026-09-05T15:01:33.2198294Z Setting up libxext-dev:amd64 (2:1.3.4-1build2) ...
atspi-check	Install build + accessibility deps	2026-09-05T15:01:33.2231927Z Setting up libglx-dev:amd64 (1.7.0-1build1) ...
atspi-check	Install build + accessibility deps	2026-09-05T15:01:33.2261087Z Setting up libxi-dev:amd64 (2:1.8.1-1build1) ...
atspi-check	Install build + accessibility deps	2026-09-05T15:01:33.2285775Z Setting up libgl-dev:amd64 (1.7.0-1build1) ...
atspi-check	Install build + accessibility deps	2026-09-05T15:01:33.2311092Z Setting up libxkbcommon-x11-dev:amd64 (1.6.0-1build1) ...
atspi-check	Install build + accessibility deps	2026-09-05T15:01:33.2337395Z Setting up libxtst-dev:amd64 (2:1.2.3-1.1build1) ...
atspi-check	Install build + accessibility deps	2026-09-05T15:01:33.2381185Z Setting up qt6-base-dev:amd64 (6.4.2+dfsg-21.1build5) ...
atspi-check	Install build + accessibility deps	2026-09-05T15:01:33.2422673Z Setting up qt6-tools-dev:amd64 (6.4.2-3build3) ...
atspi-check	Install build + accessibility deps	2026-09-05T15:01:33.2464507Z Processing triggers for menu (2.1.50) ...
atspi-check	Install build + accessibility deps	2026-09-05T15:01:33.2804930Z /usr/share/menu/bash: 1: Syntax error: word unexpected (expecting ")")
atspi-check	Install build + accessibility deps	2026-09-05T15:01:33.2867816Z /usr/share/menu/dash: 1: Syntax error: word unexpected (expecting ")")
atspi-check	Install build + accessibility deps	2026-09-05T15:01:33.2884515Z /usr/share/menu/bc: 1: Syntax error: word unexpected (expecting ")")
atspi-check	Install build + accessibility deps	2026-09-05T15:01:33.2920019Z Setting up fluxbox (1.3.7-1build2) ...
atspi-check	Install build + accessibility deps	2026-09-05T15:01:33.3079714Z update-alternatives: using /usr/bin/startfluxbox to provide /usr/bin/x-window-manager (x-window-manager) in auto mode
atspi-check	Install build + accessibility deps	2026-09-05T15:01:33.3176703Z Processing triggers for menu (2.1.50) ...
atspi-check	Install build + accessibility deps	2026-09-05T15:01:33.3452352Z /usr/share/menu/bash: 1: Syntax error: word unexpected (expecting ")")
atspi-check	Install build + accessibility deps	2026-09-05T15:01:33.3466249Z /usr/share/menu/dash: 1: Syntax error: word unexpected (expecting ")")
atspi-check	Install build + accessibility deps	2026-09-05T15:01:33.3479198Z /usr/share/menu/bc: 1: Syntax error: word unexpected (expecting ")")
atspi-check	Install build + accessibility deps	2026-09-05T15:01:34.4916947Z 
atspi-check	Install build + accessibility deps	2026-09-05T15:01:34.4917690Z Running kernel seems to be up-to-date.
atspi-check	Install build + accessibility deps	2026-09-05T15:01:34.4918058Z 
atspi-check	Install build + accessibility deps	2026-09-05T15:01:34.4918226Z No services need to be restarted.
atspi-check	Install build + accessibility deps	2026-09-05T15:01:34.4918489Z 
atspi-check	Install build + accessibility deps	2026-09-05T15:01:34.4918646Z No containers need to be restarted.
atspi-check	Install build + accessibility deps	2026-09-05T15:01:34.4918913Z 
atspi-check	Install build + accessibility deps	2026-09-05T15:01:34.4919105Z No user sessions are running outdated binaries.
atspi-check	Install build + accessibility deps	2026-09-05T15:01:34.4919680Z 
atspi-check	Install build + accessibility deps	2026-09-05T15:01:34.4920162Z No VM guests are running outdated hypervisor (qemu) binaries on this host.
atspi-check	Configure + build	﻿2026-09-05T15:01:35.5899605Z ##[group]Run cmake -G Ninja -B build-debug \
atspi-check	Configure + build	2026-09-05T15:01:35.5900032Z ^[[36;1mcmake -G Ninja -B build-debug \^[[0m
atspi-check	Configure + build	2026-09-05T15:01:35.5900338Z ^[[36;1m  -DCMAKE_BUILD_TYPE=Debug \^[[0m
atspi-check	Configure + build	2026-09-05T15:01:35.5900625Z ^[[36;1m  -DWITH_TESTS=ON \^[[0m
atspi-check	Configure + build	2026-09-05T15:01:35.5900877Z ^[[36;1m  -DWITH_GUI_TESTS=ON \^[[0m
atspi-check	Configure + build	2026-09-05T15:01:35.5901150Z ^[[36;1m  -DKPXC_FEATURE_NETWORK=OFF \^[[0m
atspi-check	Configure + build	2026-09-05T15:01:35.5901452Z ^[[36;1m  -DKPXC_FEATURE_UPDATES=OFF \^[[0m
atspi-check	Configure + build	2026-09-05T15:01:35.5901729Z ^[[36;1m  -DKPXC_FEATURE_DOCS=OFF^[[0m
atspi-check	Configure + build	2026-09-05T15:01:35.5901998Z ^[[36;1mninja -C build-debug^[[0m
atspi-check	Configure + build	2026-09-05T15:01:35.5940196Z shell: /usr/bin/bash -e {0}
atspi-check	Configure + build	2026-09-05T15:01:35.5940463Z ##[endgroup]
atspi-check	Configure + build	2026-09-05T15:01:37.5168179Z -- The C compiler identification is GNU 13.3.0
atspi-check	Configure + build	2026-09-05T15:01:38.6173499Z -- The CXX compiler identification is GNU 13.3.0
atspi-check	Configure + build	2026-09-05T15:01:38.7188476Z -- Detecting C compiler ABI info
atspi-check	Configure + build	2026-09-05T15:01:38.9851860Z -- Detecting C compiler ABI info - done
atspi-check	Configure + build	2026-09-05T15:01:39.0021806Z -- Check for working C compiler: /usr/bin/cc - skipped
atspi-check	Configure + build	2026-09-05T15:01:39.0084582Z -- Detecting C compile features
atspi-check	Configure + build	2026-09-05T15:01:39.0092260Z -- Detecting C compile features - done
atspi-check	Configure + build	2026-09-05T15:01:39.0442134Z -- Detecting CXX compiler ABI info
atspi-check	Configure + build	2026-09-05T15:01:39.1620821Z -- Detecting CXX compiler ABI info - done
atspi-check	Configure + build	2026-09-05T15:01:39.1797478Z -- Check for working CXX compiler: /usr/bin/c++ - skipped
atspi-check	Configure + build	2026-09-05T15:01:39.1801098Z -- Detecting CXX compile features
atspi-check	Configure + build	2026-09-05T15:01:39.1807864Z -- Detecting CXX compile features - done
atspi-check	Configure + build	2026-09-05T15:01:39.2752314Z -- Found Git HEAD Revision: 5eb4ff9
atspi-check	Configure + build	2026-09-05T15:01:39.2752771Z 
atspi-check	Configure + build	2026-09-05T15:01:39.2772737Z -- Setting up build for KeePassXC v2.8.0-snapshot
atspi-check	Configure + build	2026-09-05T15:01:39.2773216Z 
atspi-check	Configure + build	2026-09-05T15:01:39.2774665Z -- Performing Test HAVE_PR_SET_DUMPABLE
atspi-check	Configure + build	2026-09-05T15:01:39.4979848Z -- Performing Test HAVE_PR_SET_DUMPABLE - Success
atspi-check	Configure + build	2026-09-05T15:01:39.4980760Z -- Performing Test HAVE_MALLOC_H
atspi-check	Configure + build	2026-09-05T15:01:39.6550090Z -- Performing Test HAVE_MALLOC_H - Success
atspi-check	Configure + build	2026-09-05T15:01:39.6551450Z -- Performing Test HAVE_MALLOC_USABLE_SIZE
atspi-check	Configure + build	2026-09-05T15:01:39.7231544Z -- Performing Test HAVE_MALLOC_USABLE_SIZE - Success
atspi-check	Configure + build	2026-09-05T15:01:39.7232263Z -- Performing Test HAVE_RLIMIT_CORE
atspi-check	Configure + build	2026-09-05T15:01:39.9065782Z -- Performing Test HAVE_RLIMIT_CORE - Success
atspi-check	Configure + build	2026-09-05T15:01:40.5145456Z -- Found OpenMP_C: -fopenmp (found version "4.5")
atspi-check	Configure + build	2026-09-05T15:01:40.5875931Z -- Found OpenMP_CXX: -fopenmp (found version "4.5")
atspi-check	Configure + build	2026-09-05T15:01:40.5879556Z -- Found OpenMP: TRUE (found version "4.5")
atspi-check	Configure + build	2026-09-05T15:01:40.5889541Z -- Performing Test CXX_HASSFINAE_INCOMPLETE_FLAG
atspi-check	Configure + build	2026-09-05T15:01:40.6344473Z -- Performing Test CXX_HASSFINAE_INCOMPLETE_FLAG - Failed
atspi-check	Configure + build	2026-09-05T15:01:40.6353128Z -- Performing Test CC_HAS_Wshadow_compatible_local
atspi-check	Configure + build	2026-09-05T15:01:40.6950705Z -- Performing Test CC_HAS_Wshadow_compatible_local - Success
atspi-check	Configure + build	2026-09-05T15:01:40.6959908Z -- Performing Test CXX_HAS_Wshadow_compatible_local
atspi-check	Configure + build	2026-09-05T15:01:40.8091080Z -- Performing Test CXX_HAS_Wshadow_compatible_local - Success
atspi-check	Configure + build	2026-09-05T15:01:40.8100175Z -- Performing Test CC_HAS_Wshadow_local
atspi-check	Configure + build	2026-09-05T15:01:40.8623572Z -- Performing Test CC_HAS_Wshadow_local - Success
atspi-check	Configure + build	2026-09-05T15:01:40.8633337Z -- Performing Test CXX_HAS_Wshadow_local
atspi-check	Configure + build	2026-09-05T15:01:40.9258584Z -- Performing Test CXX_HAS_Wshadow_local - Success
atspi-check	Configure + build	2026-09-05T15:01:40.9268528Z -- Performing Test CC_HAS_Werror_format_security
atspi-check	Configure + build	2026-09-05T15:01:40.9794138Z -- Performing Test CC_HAS_Werror_format_security - Success
atspi-check	Configure + build	2026-09-05T15:01:40.9802891Z -- Performing Test CXX_HAS_Werror_format_security
atspi-check	Configure + build	2026-09-05T15:01:41.0430035Z -- Performing Test CXX_HAS_Werror_format_security - Success
atspi-check	Configure + build	2026-09-05T15:01:41.0438709Z -- Performing Test CC_HAS_Werror_implicit_function_declaration
atspi-check	Configure + build	2026-09-05T15:01:41.0963672Z -- Performing Test CC_HAS_Werror_implicit_function_declaration - Success
atspi-check	Configure + build	2026-09-05T15:01:41.0972344Z -- Performing Test CC_HAS_Wcast_align
atspi-check	Configure + build	2026-09-05T15:01:41.1504763Z -- Performing Test CC_HAS_Wcast_align - Success
atspi-check	Configure + build	2026-09-05T15:01:41.1515213Z -- Performing Test CXX_HAS_Wcast_align
atspi-check	Configure + build	2026-09-05T15:01:41.2171475Z -- Performing Test CXX_HAS_Wcast_align - Success
atspi-check	Configure + build	2026-09-05T15:01:41.2180530Z -- Performing Test CC_HAS_Qunused_arguments
atspi-check	Configure + build	2026-09-05T15:01:41.2502681Z -- Performing Test CC_HAS_Qunused_arguments - Failed
atspi-check	Configure + build	2026-09-05T15:01:41.2511754Z -- Performing Test CXX_HAS_Qunused_arguments
atspi-check	Configure + build	2026-09-05T15:01:41.2833574Z -- Performing Test CXX_HAS_Qunused_arguments - Failed
atspi-check	Configure + build	2026-09-05T15:01:41.2843035Z -- Performing Test CXX_HAS_fsized_deallocation
atspi-check	Configure + build	2026-09-05T15:01:41.3497557Z -- Performing Test CXX_HAS_fsized_deallocation - Success
atspi-check	Configure + build	2026-09-05T15:01:41.3522086Z -- Performing Test HAVE_DEALLOCATION_FUNCTIONS
atspi-check	Configure + build	2026-09-05T15:01:41.5118014Z -- Performing Test HAVE_DEALLOCATION_FUNCTIONS - Success
atspi-check	Configure + build	2026-09-05T15:01:41.5478842Z -- Performing Test CMAKE_HAVE_LIBC_PTHREAD
atspi-check	Configure + build	2026-09-05T15:01:41.7658398Z -- Performing Test CMAKE_HAVE_LIBC_PTHREAD - Success
atspi-check	Configure + build	2026-09-05T15:01:41.7668326Z -- Found Threads: TRUE
atspi-check	Configure + build	2026-09-05T15:01:41.7686030Z -- Performing Test HAVE_STDATOMIC
atspi-check	Configure + build	2026-09-05T15:01:42.2452988Z -- Performing Test HAVE_STDATOMIC - Success
atspi-check	Configure + build	2026-09-05T15:01:42.2464528Z -- Found WrapAtomic: TRUE
atspi-check	Configure + build	2026-09-05T15:01:42.2838547Z -- Found OpenGL: /usr/lib/x86_64-linux-gnu/libOpenGL.so
atspi-check	Configure + build	2026-09-05T15:01:42.2852490Z -- Found WrapOpenGL: TRUE
atspi-check	Configure + build	2026-09-05T15:01:42.3411543Z -- Found XKB: /usr/lib/x86_64-linux-gnu/libxkbcommon.so (found suitable version "1.6.0", minimum required is "0.5.0")
atspi-check	Configure + build	2026-09-05T15:01:42.4156974Z -- Found WrapVulkanHeaders: /usr/include
atspi-check	Configure + build	2026-09-05T15:01:42.4441372Z -- Found Botan: /usr/lib/x86_64-linux-gnu/libbotan-2.so (found version "2.19.3")
atspi-check	Configure + build	2026-09-05T15:01:42.5014628Z -- Found ZLIB: /usr/lib/x86_64-linux-gnu/libz.so (found version "1.3")
atspi-check	Configure + build	2026-09-05T15:01:42.5043279Z -- Found Minizip: /usr/lib/x86_64-linux-gnu/libminizip.so
atspi-check	Configure + build	2026-09-05T15:01:42.5091679Z -- Checking for module 'libpcsclite'
atspi-check	Configure + build	2026-09-05T15:01:42.5192020Z --   Found libpcsclite, version 2.0.3
atspi-check	Configure + build	2026-09-05T15:01:42.5432882Z -- Found PCSC: pcsclite
atspi-check	Configure + build	2026-09-05T15:01:42.5469935Z -- Using internal built zxcvbn library
atspi-check	Configure + build	2026-09-05T15:01:42.5693637Z -- Found PkgConfig: /usr/bin/pkg-config (found version "1.8.1")
atspi-check	Configure + build	2026-09-05T15:01:42.5703690Z -- Checking for module 'readline'
atspi-check	Configure + build	2026-09-05T15:01:42.5857610Z --   Found readline, version 8.2
atspi-check	Configure + build	2026-09-05T15:01:42.6191099Z -- Checking for module 'xkbcommon'
atspi-check	Configure + build	2026-09-05T15:01:42.6285017Z --   Found xkbcommon, version 1.6.0
atspi-check	Configure + build	2026-09-05T15:01:42.7279314Z -- Found X11: /usr/include  found components: Xi XTest
atspi-check	Configure + build	2026-09-05T15:01:42.7493900Z -- Looking for XOpenDisplay in /usr/lib/x86_64-linux-gnu/libX11.so;/usr/lib/x86_64-linux-gnu/libXext.so
atspi-check	Configure + build	2026-09-05T15:01:42.8139318Z -- Looking for XOpenDisplay in /usr/lib/x86_64-linux-gnu/libX11.so;/usr/lib/x86_64-linux-gnu/libXext.so - found
atspi-check	Configure + build	2026-09-05T15:01:42.8140547Z -- Looking for gethostbyname
atspi-check	Configure + build	2026-09-05T15:01:42.8689050Z -- Looking for gethostbyname - found
atspi-check	Configure + build	2026-09-05T15:01:42.8689861Z -- Looking for connect
atspi-check	Configure + build	2026-09-05T15:01:42.9255484Z -- Looking for connect - found
atspi-check	Configure + build	2026-09-05T15:01:42.9256050Z -- Looking for remove
atspi-check	Configure + build	2026-09-05T15:01:42.9873357Z -- Looking for remove - found
atspi-check	Configure + build	2026-09-05T15:01:42.9874032Z -- Looking for shmat
atspi-check	Configure + build	2026-09-05T15:01:43.0513246Z -- Looking for shmat - found
atspi-check	Configure + build	2026-09-05T15:01:43.0569839Z -- Found QREncode: /usr/lib/x86_64-linux-gnu/libqrencode.so
atspi-check	Configure + build	2026-09-05T15:01:43.0715717Z -- Including translations...
atspi-check	Configure + build	2026-09-05T15:01:43.0716179Z 
atspi-check	Configure + build	2026-09-05T15:01:43.1087627Z -- 
atspi-check	Configure + build	2026-09-05T15:01:43.1092674Z -- Enabled features:
atspi-check	Configure + build	2026-09-05T15:01:43.1093340Z  * Browser, Browser integration and passkeys support
atspi-check	Configure + build	2026-09-05T15:01:43.1094022Z  * SSH Agent, SSH Agent integration
atspi-check	Configure + build	2026-09-05T15:01:43.1094715Z  * Secret Service, Replace system keyring with freedesktop.org Secret Service integration
atspi-check	Configure + build	2026-09-05T15:01:43.1095253Z 
atspi-check	Configure + build	2026-09-05T15:01:43.1097359Z -- Disabled features:
atspi-check	Configure + build	2026-09-05T15:01:43.1098422Z  * Networking, Code that can reach out to external networks is included (e.g. downloading icons)
atspi-check	Configure + build	2026-09-05T15:01:43.1099211Z  * Update Checks, Periodic update checks can be performed
atspi-check	Configure + build	2026-09-05T15:01:43.1099977Z  * Documentation, Offline documentation
atspi-check	Configure + build	2026-09-05T15:01:43.1100264Z 
atspi-check	Configure + build	2026-09-05T15:01:43.1115575Z -- Configuring done (7.0s)
atspi-check	Configure + build	2026-09-05T15:01:43.6467405Z -- Generating done (0.5s)
atspi-check	Configure + build	2026-09-05T15:01:43.6482271Z -- Build files have been written to: /home/runner/work/keepassxc/keepassxc/build-debug
atspi-check	Configure + build	2026-09-05T15:01:43.6770708Z ninja: Entering directory `build-debug'
atspi-check	Configure + build	2026-09-05T15:01:43.7344360Z [1/650] Automatic MOC and UIC for target qrcode
atspi-check	Configure + build	2026-09-05T15:01:43.7370544Z [2/650] Automatic MOC and UIC for target zxcvbn
atspi-check	Configure + build	2026-09-05T15:01:43.7420587Z [3/650] Automatic MOC and UIC for target ykcore
atspi-check	Configure + build	2026-09-05T15:01:43.7475784Z [4/650] Building CXX object src/qrcode/CMakeFiles/qrcode.dir/qrcode_autogen/mocs_compilation.cpp.o
atspi-check	Configure + build	2026-09-05T15:01:43.7631225Z [5/650] Building CXX object src/thirdparty/zxcvbn/CMakeFiles/zxcvbn.dir/zxcvbn_autogen/mocs_compilation.cpp.o
atspi-check	Configure + build	2026-09-05T15:01:43.7637285Z [6/650] Building CXX object src/thirdparty/ykcore/CMakeFiles/ykcore.dir/ykcore_autogen/mocs_compilation.cpp.o
atspi-check	Configure + build	2026-09-05T15:01:43.8356064Z [7/650] Building C object src/thirdparty/ykcore/CMakeFiles/ykcore.dir/ykstatus.c.o
atspi-check	Configure + build	2026-09-05T15:01:43.8608403Z [8/650] Building C object src/thirdparty/ykcore/CMakeFiles/ykcore.dir/ykcrc.c.o
atspi-check	Configure + build	2026-09-05T15:01:43.9154490Z [9/650] Building C object src/thirdparty/ykcore/CMakeFiles/ykcore.dir/ykcore.c.o
atspi-check	Configure + build	2026-09-05T15:01:43.9628552Z [10/650] Building C object src/thirdparty/ykcore/CMakeFiles/ykcore.dir/ykcore_libusb-1.0.c.o
atspi-check	Configure + build	2026-09-05T15:01:45.2100228Z [11/650] Automatic MOC and UIC for target keeshare
atspi-check	Configure + build	2026-09-05T15:01:46.2054227Z [12/650] Automatic MOC and UIC for target sshagent
atspi-check	Configure + build	2026-09-05T15:01:46.4512150Z [13/650] Automatic MOC and UIC for target autotype
atspi-check	Configure + build	2026-09-05T15:01:46.9183351Z [14/650] Automatic MOC and UIC for target browser
atspi-check	Configure + build	2026-09-05T15:01:46.9510661Z [15/650] Building C object src/thirdparty/zxcvbn/CMakeFiles/zxcvbn.dir/zxcvbn.c.o
atspi-check	Configure + build	2026-09-05T15:01:50.0201193Z [16/650] Building CXX object src/qrcode/CMakeFiles/qrcode.dir/QrCode.cpp.o
atspi-check	Configure + build	2026-09-05T15:01:50.5906051Z [17/650] Automatic MOC and UIC for target fdosecrets
atspi-check	Configure + build	2026-09-05T15:01:52.3811496Z [18/650] Building CXX object src/browser/CMakeFiles/browser.dir/browser_autogen/mocs_compilation.cpp.o
atspi-check	Configure + build	2026-09-05T15:01:52.4500081Z [19/650] Building CXX object src/autotype/CMakeFiles/autotype.dir/autotype_autogen/mocs_compilation.cpp.o
atspi-check	Configure + build	2026-09-05T15:01:52.8800921Z [20/650] Linking CXX static library src/thirdparty/ykcore/libykcore.a
atspi-check	Configure + build	2026-09-05T15:01:52.8970975Z [21/650] Linking CXX static library src/thirdparty/zxcvbn/libzxcvbn.a
atspi-check	Configure + build	2026-09-05T15:01:52.9050560Z [22/650] Linking CXX static library src/qrcode/libqrcode.a
atspi-check	Configure + build	2026-09-05T15:01:55.4000861Z [23/650] Building CXX object src/browser/CMakeFiles/browser.dir/BrowserAccessControlDialog.cpp.o
atspi-check	Configure + build	2026-09-05T15:01:58.4311072Z [24/650] Automatic MOC and UIC for target keepassxc_core
atspi-check	Configure + build	2026-09-05T15:01:58.4520643Z [25/650] Generating polkit_dbus.cpp, polkit_dbus.h
atspi-check	Configure + build	2026-09-05T15:01:58.4659329Z [26/650] Generating xdp_request.cpp, xdp_request.h
atspi-check	Configure + build	2026-09-05T15:01:58.4850829Z [27/650] Generating xdp_session.cpp, xdp_session.h
atspi-check	Configure + build	2026-09-05T15:01:58.5000610Z [28/650] Generating xdp_globalshortcuts.cpp, xdp_globalshortcuts.h
atspi-check	Configure + build	2026-09-05T15:01:58.5060668Z [29/650] Building CXX object src/browser/CMakeFiles/browser.dir/BrowserCbor.cpp.o
atspi-check	Configure + build	2026-09-05T15:01:58.5150748Z [30/650] Generating xdp_remotedesktop.cpp, xdp_remotedesktop.h
atspi-check	Configure + build	2026-09-05T15:01:58.5180527Z [31/650] Generating polkit_dbus.moc
atspi-check	Configure + build	2026-09-05T15:01:58.5210310Z [32/650] Generating xdp_request.moc
atspi-check	Configure + build	2026-09-05T15:01:58.5270518Z [33/650] Generating xdp_clipboard.cpp, xdp_clipboard.h
atspi-check	Configure + build	2026-09-05T15:01:58.5300229Z [34/650] Generating xdp_session.moc
atspi-check	Configure + build	2026-09-05T15:01:58.5300822Z [35/650] Generating xdp_globalshortcuts.moc
atspi-check	Configure + build	2026-09-05T15:01:58.5330697Z [36/650] Generating xdp_remotedesktop.moc
atspi-check	Configure + build	2026-09-05T15:01:58.5360308Z [37/650] Generating xdp_clipboard.moc
atspi-check	Configure + build	2026-09-05T15:01:59.1901122Z [38/650] Building CXX object src/browser/CMakeFiles/browser.dir/BrowserAction.cpp.o
atspi-check	Configure + build	2026-09-05T15:02:00.2901816Z [39/650] Building CXX object src/browser/CMakeFiles/browser.dir/BrowserHost.cpp.o
atspi-check	Configure + build	2026-09-05T15:02:00.3050265Z [40/650] Building CXX object src/browser/CMakeFiles/browser.dir/BrowserEntryConfig.cpp.o
atspi-check	Configure + build	2026-09-05T15:02:00.7327784Z [41/650] Building CXX object src/CMakeFiles/keepassxc_core.dir/core/Alloc.cpp.o
atspi-check	Configure + build	2026-09-05T15:02:00.7951130Z [42/650] Building CXX object src/browser/CMakeFiles/browser.dir/BrowserEntrySaveDialog.cpp.o
atspi-check	Configure + build	2026-09-05T15:02:02.9492049Z [43/650] Building CXX object src/CMakeFiles/keepassxc_core.dir/core/Bootstrap.cpp.o
atspi-check	Configure + build	2026-09-05T15:02:04.0661307Z [44/650] Building CXX object src/browser/CMakeFiles/browser.dir/BrowserMessageBuilder.cpp.o
atspi-check	Configure + build	2026-09-05T15:02:04.5511326Z [45/650] Building CXX object src/CMakeFiles/keepassxc_core.dir/core/Base32.cpp.o
atspi-check	Configure + build	2026-09-05T15:02:05.0311076Z [46/650] Building CXX object src/CMakeFiles/keepassxc_core.dir/core/AutoTypeAssociations.cpp.o
atspi-check	Configure + build	2026-09-05T15:02:05.2871085Z [47/650] Building CXX object src/CMakeFiles/keepassxc_core.dir/core/Clock.cpp.o
atspi-check	Configure + build	2026-09-05T15:02:05.8241192Z [48/650] Building CXX object src/CMakeFiles/keepassxc_core.dir/keepassxc_core_autogen/mocs_compilation.cpp.o
atspi-check	Configure + build	2026-09-05T15:02:09.2335722Z [49/650] Building CXX object src/CMakeFiles/keepassxc_core.dir/core/CustomData.cpp.o
atspi-check	Configure + build	2026-09-05T15:02:10.0340827Z [50/650] Building CXX object src/CMakeFiles/keepassxc_core.dir/core/Config.cpp.o
atspi-check	Configure + build	2026-09-05T15:02:10.9601006Z [51/650] Building CXX object src/CMakeFiles/keepassxc_core.dir/core/DatabaseStats.cpp.o
atspi-check	Configure + build	2026-09-05T15:02:12.3354681Z [52/650] Building CXX object src/CMakeFiles/keepassxc_core.dir/core/EntryAttachments.cpp.o
atspi-check	Configure + build	2026-09-05T15:02:12.8410771Z [53/650] Building CXX object src/CMakeFiles/keepassxc_core.dir/core/Entry.cpp.o
atspi-check	Configure + build	2026-09-05T15:02:14.3960952Z [54/650] Building CXX object src/CMakeFiles/keepassxc_core.dir/core/EntryAttributes.cpp.o
atspi-check	Configure + build	2026-09-05T15:02:15.0430901Z [55/650] Building CXX object src/CMakeFiles/keepassxc_core.dir/core/EntryPlaceholders.cpp.o
atspi-check	Configure + build	2026-09-05T15:02:17.2456361Z [56/650] Building CXX object src/CMakeFiles/keepassxc_core.dir/core/EntrySearcher.cpp.o
atspi-check	Configure + build	2026-09-05T15:02:18.8638337Z [57/650] Building CXX object src/CMakeFiles/keepassxc_core.dir/core/InactivityTimer.cpp.o
atspi-check	Configure + build	2026-09-05T15:02:19.0450804Z [58/650] Building CXX object src/CMakeFiles/keepassxc_core.dir/core/Database.cpp.o
atspi-check	Configure + build	2026-09-05T15:02:19.9232647Z [59/650] Building CXX object src/CMakeFiles/keepassxc_core.dir/core/HibpOffline.cpp.o
atspi-check	Configure + build	2026-09-05T15:02:20.4102782Z [60/650] Building CXX object src/CMakeFiles/keepassxc_core.dir/core/FileWatcher.cpp.o
atspi-check	Configure + build	2026-09-05T15:02:23.2700916Z [61/650] Building CXX object src/CMakeFiles/keepassxc_core.dir/core/ModifiableObject.cpp.o
atspi-check	Configure + build	2026-09-05T15:02:24.5364652Z [62/650] Building CXX object src/CMakeFiles/keepassxc_core.dir/core/PasswordGenerator.cpp.o
atspi-check	Configure + build	2026-09-05T15:02:24.8051080Z [63/650] Building CXX object src/CMakeFiles/keepassxc_core.dir/core/Merger.cpp.o
atspi-check	Configure + build	2026-09-05T15:02:25.1361894Z [64/650] Building CXX object src/CMakeFiles/keepassxc_core.dir/core/Group.cpp.o
atspi-check	Configure + build	2026-09-05T15:02:25.1650855Z [65/650] Building CXX object src/CMakeFiles/keepassxc_core.dir/core/Metadata.cpp.o
atspi-check	Configure + build	2026-09-05T15:02:27.5331124Z [66/650] Building CXX object src/CMakeFiles/keepassxc_core.dir/core/PasswordHealth.cpp.o
atspi-check	Configure + build	2026-09-05T15:02:27.9956038Z [67/650] Building CXX object src/CMakeFiles/keepassxc_core.dir/core/PassphraseGenerator.cpp.o
atspi-check	Configure + build	2026-09-05T15:02:28.2080820Z [68/650] Building CXX object src/CMakeFiles/keepassxc_core.dir/core/TimeInfo.cpp.o
atspi-check	Configure + build	2026-09-05T15:02:29.4220246Z [69/650] Building CXX object src/CMakeFiles/keepassxc_core.dir/core/SignalMultiplexer.cpp.o
atspi-check	Configure + build	2026-09-05T15:02:29.4260525Z [70/650] Building CXX object src/CMakeFiles/keepassxc_core.dir/core/TimeDelta.cpp.o
atspi-check	Configure + build	2026-09-05T15:02:30.4330942Z [71/650] Building CXX object src/CMakeFiles/keepassxc_core.dir/core/Resources.cpp.o
atspi-check	Configure + build	2026-09-05T15:02:32.3810873Z [72/650] Building CXX object src/CMakeFiles/keepassxc_core.dir/crypto/CryptoHash.cpp.o
atspi-check	Configure + build	2026-09-05T15:02:33.0431058Z [73/650] Building CXX object src/CMakeFiles/keepassxc_core.dir/crypto/Crypto.cpp.o
atspi-check	Configure + build	2026-09-05T15:02:33.1770851Z [74/650] Building CXX object src/CMakeFiles/keepassxc_core.dir/core/Tools.cpp.o
atspi-check	Configure + build	2026-09-05T15:02:33.5561002Z [75/650] Building CXX object src/CMakeFiles/keepassxc_core.dir/core/Totp.cpp.o
atspi-check	Configure + build	2026-09-05T15:02:33.8260804Z [76/650] Building CXX object src/CMakeFiles/keepassxc_core.dir/core/Translator.cpp.o
atspi-check	Configure + build	2026-09-05T15:02:36.4230884Z [77/650] Building CXX object src/CMakeFiles/keepassxc_core.dir/crypto/Random.cpp.o
atspi-check	Configure + build	2026-09-05T15:02:36.9335636Z [78/650] Building CXX object src/CMakeFiles/keepassxc_core.dir/crypto/SymmetricCipher.cpp.o
atspi-check	Configure + build	2026-09-05T15:02:36.9720735Z [79/650] Building CXX object src/CMakeFiles/keepassxc_core.dir/cli/Utils.cpp.o
atspi-check	Configure + build	2026-09-05T15:02:38.1262752Z [80/650] Building CXX object src/CMakeFiles/keepassxc_core.dir/crypto/kdf/Kdf.cpp.o
atspi-check	Configure + build	2026-09-05T15:02:39.2530969Z [81/650] Building CXX object src/CMakeFiles/keepassxc_core.dir/crypto/kdf/Argon2Kdf.cpp.o
atspi-check	Configure + build	2026-09-05T15:02:42.2908362Z [82/650] Building CXX object src/CMakeFiles/keepassxc_core.dir/format/CsvExporter.cpp.o
atspi-check	Configure + build	2026-09-05T15:02:42.3161603Z [83/650] Building CXX object src/CMakeFiles/keepassxc_core.dir/format/CsvParser.cpp.o
atspi-check	Configure + build	2026-09-05T15:02:42.4261478Z [84/650] Building CXX object src/CMakeFiles/keepassxc_core.dir/crypto/kdf/AesKdf.cpp.o
atspi-check	Configure + build	2026-09-05T15:02:42.7211116Z [85/650] Building CXX object src/CMakeFiles/keepassxc_core.dir/format/BitwardenReader.cpp.o
atspi-check	Configure + build	2026-09-05T15:02:44.6291093Z [86/650] Building CXX object src/CMakeFiles/keepassxc_core.dir/format/HtmlExporter.cpp.o
atspi-check	Configure + build	2026-09-05T15:02:46.1880779Z [87/650] Building CXX object src/CMakeFiles/keepassxc_core.dir/format/KeePass2.cpp.o
atspi-check	Configure + build	2026-09-05T15:02:47.1500872Z [88/650] Building CXX object src/CMakeFiles/keepassxc_core.dir/format/KdbxWriter.cpp.o
atspi-check	Configure + build	2026-09-05T15:02:47.2941142Z [89/650] Building CXX object src/CMakeFiles/keepassxc_core.dir/format/KdbxReader.cpp.o
atspi-check	Configure + build	2026-09-05T15:02:47.5391207Z [90/650] Building CXX object src/CMakeFiles/keepassxc_core.dir/format/KeePass2RandomStream.cpp.o
atspi-check	Configure + build	2026-09-05T15:02:48.2891410Z [91/650] Building CXX object src/CMakeFiles/keepassxc_core.dir/format/KeePass1Reader.cpp.o
atspi-check	Configure + build	2026-09-05T15:02:51.6511135Z [92/650] Building CXX object src/CMakeFiles/keepassxc_core.dir/format/KeePass2Reader.cpp.o
atspi-check	Configure + build	2026-09-05T15:02:52.1250980Z [93/650] Building CXX object src/CMakeFiles/keepassxc_core.dir/format/KeePass2Writer.cpp.o
atspi-check	Configure + build	2026-09-05T15:02:53.7641040Z [94/650] Building CXX object src/CMakeFiles/keepassxc_core.dir/format/KdbxXmlReader.cpp.o
atspi-check	Configure + build	2026-09-05T15:02:53.7851132Z [95/650] Building CXX object src/CMakeFiles/keepassxc_core.dir/format/Kdbx3Writer.cpp.o
atspi-check	Configure + build	2026-09-05T15:02:55.9472874Z [96/650] Building CXX object src/CMakeFiles/keepassxc_core.dir/format/Kdbx4Reader.cpp.o
atspi-check	Configure + build	2026-09-05T15:02:56.7515419Z [97/650] Building CXX object src/CMakeFiles/keepassxc_core.dir/format/Kdbx3Reader.cpp.o
atspi-check	Configure + build	2026-09-05T15:02:57.5051437Z [98/650] Building CXX object src/CMakeFiles/keepassxc_core.dir/format/OpData01.cpp.o
atspi-check	Configure + build	2026-09-05T15:02:58.3400169Z [99/650] Building CXX object src/CMakeFiles/keepassxc_core.dir/format/Kdbx4Writer.cpp.o
atspi-check	Configure + build	2026-09-05T15:02:59.5204725Z [100/650] Building CXX object src/CMakeFiles/keepassxc_core.dir/format/KdbxXmlWriter.cpp.o
atspi-check	Configure + build	2026-09-05T15:03:01.0607587Z [101/650] Building CXX object src/CMakeFiles/keepassxc_core.dir/format/OPUXReader.cpp.o
atspi-check	Configure + build	2026-09-05T15:03:02.0711098Z [102/650] Building CXX object src/CMakeFiles/keepassxc_core.dir/format/OpVaultReaderAttachments.cpp.o
atspi-check	Configure + build	2026-09-05T15:03:03.3441817Z [103/650] Building CXX object src/CMakeFiles/keepassxc_core.dir/format/OpVaultReaderBandEntry.cpp.o
atspi-check	Configure + build	2026-09-05T15:03:04.0348005Z [104/650] Building CXX object src/CMakeFiles/keepassxc_core.dir/format/OpVaultReaderSections.cpp.o
atspi-check	Configure + build	2026-09-05T15:03:05.1430880Z [105/650] Building CXX object src/CMakeFiles/keepassxc_core.dir/format/OpVaultReader.cpp.o
atspi-check	Configure + build	2026-09-05T15:03:05.5031072Z [106/650] Building CXX object src/CMakeFiles/keepassxc_core.dir/format/ProtonPassReader.cpp.o
atspi-check	Configure + build	2026-09-05T15:03:06.4891280Z [107/650] Building CXX object src/CMakeFiles/keepassxc_core.dir/keys/CompositeKey.cpp.o
atspi-check	Configure + build	2026-09-05T15:03:06.7715733Z [108/650] Building CXX object src/CMakeFiles/keepassxc_core.dir/keys/FileKey.cpp.o
atspi-check	Configure + build	2026-09-05T15:03:08.2710840Z [109/650] Building CXX object src/CMakeFiles/keepassxc_core.dir/keys/PasswordKey.cpp.o
atspi-check	Configure + build	2026-09-05T15:03:09.7460886Z [110/650] Building CXX object src/CMakeFiles/keepassxc_core.dir/keys/drivers/YubiKeyInterface.cpp.o
atspi-check	Configure + build	2026-09-05T15:03:11.9000584Z [111/650] Building CXX object src/CMakeFiles/keepassxc_core.dir/streams/HashedBlockStream.cpp.o
atspi-check	Configure + build	2026-09-05T15:03:12.1750677Z [112/650] Building CXX object src/CMakeFiles/keepassxc_core.dir/keys/ChallengeResponseKey.cpp.o
atspi-check	Configure + build	2026-09-05T15:03:12.5130947Z [113/650] Building CXX object src/CMakeFiles/keepassxc_core.dir/keys/drivers/YubiKeyInterfaceUSB.cpp.o
atspi-check	Configure + build	2026-09-05T15:03:13.4570999Z [114/650] Building CXX object src/CMakeFiles/keepassxc_core.dir/keys/drivers/YubiKeyInterfacePCSC.cpp.o
atspi-check	Configure + build	2026-09-05T15:03:14.1731247Z [115/650] Building CXX object src/CMakeFiles/keepassxc_core.dir/streams/HashingStream.cpp.o
atspi-check	Configure + build	2026-09-05T15:03:15.3700880Z [116/650] Building CXX object src/CMakeFiles/keepassxc_core.dir/keys/drivers/YubiKey.cpp.o
atspi-check	Configure + build	2026-09-05T15:03:15.6610182Z [117/650] Building CXX object src/CMakeFiles/keepassxc_core.dir/streams/LayeredStream.cpp.o
atspi-check	Configure + build	2026-09-05T15:03:16.0031567Z [118/650] Building CXX object src/CMakeFiles/keepassxc_core.dir/streams/HmacBlockStream.cpp.o
atspi-check	Configure + build	2026-09-05T15:03:16.3131088Z [119/650] Building CXX object src/CMakeFiles/keepassxc_core.dir/streams/qtiocompressor.cpp.o
atspi-check	Configure + build	2026-09-05T15:03:17.0617627Z [120/650] Building CXX object src/CMakeFiles/keepassxc_core.dir/streams/StoreDataStream.cpp.o
atspi-check	Configure + build	2026-09-05T15:03:18.2704551Z [121/650] Building CXX object src/CMakeFiles/keepassxc_core.dir/streams/SymmetricCipherStream.cpp.o
atspi-check	Configure + build	2026-09-05T15:03:24.4311019Z [122/650] Building CXX object src/CMakeFiles/keepassxc_core.dir/quickunlock/Polkit.cpp.o
atspi-check	Configure + build	2026-09-05T15:03:24.6620920Z [123/650] Building CXX object src/CMakeFiles/keepassxc_core.dir/quickunlock/PolkitDbusTypes.cpp.o
atspi-check	Configure + build	2026-09-05T15:03:25.6211339Z [124/650] Building CXX object src/CMakeFiles/keepassxc_core.dir/xdp_request.cpp.o
atspi-check	Configure + build	2026-09-05T15:03:26.3600897Z [125/650] Building CXX object src/CMakeFiles/keepassxc_core.dir/xdp_session.cpp.o
atspi-check	Configure + build	2026-09-05T15:03:26.4570879Z [126/650] Building CXX object src/CMakeFiles/keepassxc_core.dir/polkit_dbus.cpp.o
atspi-check	Configure + build	2026-09-05T15:03:30.6621370Z [127/650] Building CXX object src/CMakeFiles/keepassxc_core.dir/xdp_globalshortcuts.cpp.o
atspi-check	Configure + build	2026-09-05T15:03:30.9609031Z [128/650] Building CXX object src/browser/CMakeFiles/browser.dir/BrowserPasskeysConfirmationDialog.cpp.o
atspi-check	Configure + build	2026-09-05T15:03:31.3963648Z [129/650] Building CXX object src/CMakeFiles/keepassxc_core.dir/xdp_clipboard.cpp.o
atspi-check	Configure + build	2026-09-05T15:03:33.0488580Z [130/650] Building CXX object src/browser/CMakeFiles/browser.dir/BrowserPasskeysClient.cpp.o
atspi-check	Configure + build	2026-09-05T15:03:34.1471175Z [131/650] Building CXX object src/browser/CMakeFiles/browser.dir/BrowserPasskeys.cpp.o
atspi-check	Configure + build	2026-09-05T15:03:34.2861063Z [132/650] Building CXX object src/CMakeFiles/keepassxc_core.dir/xdp_remotedesktop.cpp.o
atspi-check	Configure + build	2026-09-05T15:03:37.3331161Z [133/650] Building CXX object src/browser/CMakeFiles/browser.dir/BrowserSettingsPage.cpp.o
atspi-check	Configure + build	2026-09-05T15:03:37.7177221Z [134/650] Building CXX object src/browser/CMakeFiles/browser.dir/BrowserSettings.cpp.o
atspi-check	Configure + build	2026-09-05T15:03:38.0641463Z [135/650] Building CXX object src/browser/CMakeFiles/browser.dir/BrowserSettingsWidget.cpp.o
atspi-check	Configure + build	2026-09-05T15:03:38.5990959Z [136/650] Building CXX object src/browser/CMakeFiles/browser.dir/BrowserShared.cpp.o
atspi-check	Configure + build	2026-09-05T15:03:41.2190815Z [137/650] Building CXX object src/browser/CMakeFiles/browser.dir/CustomTableWidget.cpp.o
atspi-check	Configure + build	2026-09-05T15:03:42.5090855Z [138/650] Building CXX object src/browser/CMakeFiles/browser.dir/BrowserService.cpp.o
atspi-check	Configure + build	2026-09-05T15:03:42.9551043Z [139/650] Building CXX object src/autotype/CMakeFiles/autotype.dir/AutoTypeAction.cpp.o
atspi-check	Configure + build	2026-09-05T15:03:43.1867507Z [140/650] Building CXX object src/browser/CMakeFiles/browser.dir/PasskeyUtils.cpp.o
atspi-check	Configure + build	2026-09-05T15:03:44.0152208Z [141/650] Building CXX object src/browser/CMakeFiles/browser.dir/NativeMessageInstaller.cpp.o
atspi-check	Configure + build	2026-09-05T15:03:45.9083880Z [142/650] Building CXX object src/autotype/CMakeFiles/autotype.dir/AutoType.cpp.o
atspi-check	Configure + build	2026-09-05T15:03:47.9941335Z [143/650] Building CXX object src/autotype/CMakeFiles/autotype.dir/AutoTypeMatchModel.cpp.o
atspi-check	Configure + build	2026-09-05T15:03:48.7602008Z [144/650] Building CXX object src/autotype/CMakeFiles/autotype.dir/PickcharsDialog.cpp.o
atspi-check	Configure + build	2026-09-05T15:03:49.1650663Z [145/650] Building CXX object src/autotype/CMakeFiles/autotype.dir/WindowSelectComboBox.cpp.o
atspi-check	Configure + build	2026-09-05T15:03:50.4190800Z [146/650] Building CXX object src/autotype/CMakeFiles/autotype.dir/AutoTypeMatchView.cpp.o
atspi-check	Configure + build	2026-09-05T15:03:51.7548082Z [147/650] Building CXX object src/autotype/CMakeFiles/autotype.dir/test/AutoTypeTest.cpp.o
atspi-check	Configure + build	2026-09-05T15:03:52.8110876Z [148/650] Building CXX object src/autotype/CMakeFiles/autotype.dir/AutoTypeSelectDialog.cpp.o
atspi-check	Configure + build	2026-09-05T15:03:53.6205374Z [149/650] Building CXX object src/autotype/CMakeFiles/autotype.dir/xcb/AutoTypeXCB.cpp.o
atspi-check	Configure + build	2026-09-05T15:03:54.8601981Z [150/650] Building CXX object src/keeshare/CMakeFiles/keeshare.dir/SettingsPageKeeShare.cpp.o
atspi-check	Configure + build	2026-09-05T15:03:55.1276886Z [151/650] Building CXX object src/autotype/CMakeFiles/autotype.dir/wayland/AutoTypeWayland.cpp.o
atspi-check	Configure + build	2026-09-05T15:03:55.8194300Z [152/650] Building CXX object src/keeshare/CMakeFiles/keeshare.dir/keeshare_autogen/mocs_compilation.cpp.o
atspi-check	Configure + build	2026-09-05T15:03:59.0371737Z [153/650] Building CXX object src/keeshare/CMakeFiles/keeshare.dir/SettingsWidgetKeeShare.cpp.o
atspi-check	Configure + build	2026-09-05T15:03:59.4621100Z [154/650] Building CXX object src/keeshare/CMakeFiles/keeshare.dir/DatabaseSettingsWidgetKeeShare.cpp.o
atspi-check	Configure + build	2026-09-05T15:04:00.5851212Z [155/650] Building CXX object src/keeshare/CMakeFiles/keeshare.dir/group/EditGroupWidgetKeeShare.cpp.o
atspi-check	Configure + build	2026-09-05T15:04:01.1286855Z [156/650] Building CXX object src/keeshare/CMakeFiles/keeshare.dir/group/EditGroupPageKeeShare.cpp.o
atspi-check	Configure + build	2026-09-05T15:04:01.8550933Z [157/650] Building CXX object src/keeshare/CMakeFiles/keeshare.dir/KeeShare.cpp.o
atspi-check	Configure + build	2026-09-05T15:04:03.7640841Z [158/650] Building CXX object src/keeshare/CMakeFiles/keeshare.dir/KeeShareSettings.cpp.o
atspi-check	Configure + build	2026-09-05T15:04:05.0945403Z [159/650] Building CXX object src/keeshare/CMakeFiles/keeshare.dir/ShareImport.cpp.o
atspi-check	Configure + build	2026-09-05T15:04:06.3180822Z [160/650] Building CXX object src/keeshare/CMakeFiles/keeshare.dir/ShareExport.cpp.o
atspi-check	Configure + build	2026-09-05T15:04:06.4621207Z [161/650] Building CXX object src/sshagent/CMakeFiles/sshagent.dir/AgentSettingsPage.cpp.o
atspi-check	Configure + build	2026-09-05T15:04:06.4839856Z [162/650] Building CXX object src/sshagent/CMakeFiles/sshagent.dir/sshagent_autogen/mocs_compilation.cpp.o
atspi-check	Configure + build	2026-09-05T15:04:08.3231913Z [163/650] Building CXX object src/sshagent/CMakeFiles/sshagent.dir/AgentSettingsWidget.cpp.o
atspi-check	Configure + build	2026-09-05T15:04:10.1331590Z [164/650] Building CXX object src/sshagent/CMakeFiles/sshagent.dir/BinaryStream.cpp.o
atspi-check	Configure + build	2026-09-05T15:04:10.2660413Z [165/650] Building CXX object src/sshagent/CMakeFiles/sshagent.dir/ASN1Key.cpp.o
atspi-check	Configure + build	2026-09-05T15:04:10.3340775Z [166/650] Building CXX object src/keeshare/CMakeFiles/keeshare.dir/ShareObserver.cpp.o
atspi-check	Configure + build	2026-09-05T15:04:12.8402228Z [167/650] Building CXX object src/sshagent/CMakeFiles/sshagent.dir/KeeAgentSettings.cpp.o
atspi-check	Configure + build	2026-09-05T15:04:13.3172290Z [168/650] Building CXX object src/sshagent/CMakeFiles/sshagent.dir/OpenSSHKeyGen.cpp.o
atspi-check	Configure + build	2026-09-05T15:04:14.5490815Z [169/650] Building CXX object src/sshagent/CMakeFiles/sshagent.dir/OpenSSHKey.cpp.o
atspi-check	Configure + build	2026-09-05T15:04:15.8580749Z [170/650] Building CXX object src/sshagent/CMakeFiles/sshagent.dir/SSHAgent.cpp.o
atspi-check	Configure + build	2026-09-05T15:04:17.5061323Z [171/650] Building CXX object src/sshagent/CMakeFiles/sshagent.dir/OpenSSHKeyGenDialog.cpp.o
atspi-check	Configure + build	2026-09-05T15:04:21.4664617Z [172/650] Building CXX object src/fdosecrets/CMakeFiles/fdosecrets.dir/widgets/SettingsModels.cpp.o
atspi-check	Configure + build	2026-09-05T15:04:21.6421181Z [173/650] Building CXX object src/fdosecrets/CMakeFiles/fdosecrets.dir/widgets/RowButtonHelper.cpp.o
atspi-check	Configure + build	2026-09-05T15:04:23.9561014Z [174/650] Building CXX object src/fdosecrets/CMakeFiles/fdosecrets.dir/fdosecrets_autogen/mocs_compilation.cpp.o
atspi-check	Configure + build	2026-09-05T15:04:24.7173672Z [175/650] Building CXX object src/fdosecrets/CMakeFiles/fdosecrets.dir/FdoSecretsPlugin.cpp.o
atspi-check	Configure + build	2026-09-05T15:04:24.9971452Z [176/650] Building CXX object src/fdosecrets/CMakeFiles/fdosecrets.dir/widgets/DatabaseSettingsWidgetFdoSecrets.cpp.o
atspi-check	Configure + build	2026-09-05T15:04:25.6171215Z [177/650] Building CXX object src/fdosecrets/CMakeFiles/fdosecrets.dir/FdoSecretsSettings.cpp.o
atspi-check	Configure + build	2026-09-05T15:04:27.2331442Z [178/650] Building CXX object src/fdosecrets/CMakeFiles/fdosecrets.dir/widgets/SettingsWidgetFdoSecrets.cpp.o
atspi-check	Configure + build	2026-09-05T15:04:28.0939416Z [179/650] Building CXX object src/fdosecrets/CMakeFiles/fdosecrets.dir/widgets/AccessControlDialog.cpp.o
atspi-check	Configure + build	2026-09-05T15:04:32.3752627Z [180/650] Building CXX object src/fdosecrets/CMakeFiles/fdosecrets.dir/dbus/DBusClient.cpp.o
atspi-check	Configure + build	2026-09-05T15:04:34.9290961Z [181/650] Building CXX object src/fdosecrets/CMakeFiles/fdosecrets.dir/dbus/DBusObject.cpp.o
atspi-check	Configure + build	2026-09-05T15:04:35.7560911Z [182/650] Building CXX object src/fdosecrets/CMakeFiles/fdosecrets.dir/dbus/DBusDispatch.cpp.o
atspi-check	Configure + build	2026-09-05T15:04:36.6166611Z [183/650] Building CXX object src/fdosecrets/CMakeFiles/fdosecrets.dir/objects/Session.cpp.o
atspi-check	Configure + build	2026-09-05T15:04:36.9691141Z [184/650] Building CXX object src/fdosecrets/CMakeFiles/fdosecrets.dir/dbus/DBusMgr.cpp.o
atspi-check	Configure + build	2026-09-05T15:04:39.2461053Z [185/650] Building CXX object src/fdosecrets/CMakeFiles/fdosecrets.dir/objects/SessionCipher.cpp.o
atspi-check	Configure + build	2026-09-05T15:04:40.5760914Z [186/650] Linking CXX static library src/libkeepassxc_core.a
atspi-check	Configure + build	2026-09-05T15:04:40.8870343Z [187/650] Building CXX object src/fdosecrets/CMakeFiles/fdosecrets.dir/objects/Service.cpp.o
atspi-check	Configure + build	2026-09-05T15:04:40.9431466Z [188/650] Automatic MOC and UIC for target text_stream
atspi-check	Configure + build	2026-09-05T15:04:40.9940879Z [189/650] Linking CXX static library src/browser/libbrowser.a
atspi-check	Configure + build	2026-09-05T15:04:41.2070389Z [190/650] Linking CXX static library src/keeshare/libkeeshare.a
atspi-check	Configure + build	2026-09-05T15:04:41.4020708Z [191/650] Linking CXX static library src/autotype/libautotype.a
atspi-check	Configure + build	2026-09-05T15:04:41.4390741Z [192/650] Linking CXX static library src/sshagent/libsshagent.a
atspi-check	Configure + build	2026-09-05T15:04:41.4440700Z [193/650] Building CXX object src/cli/CMakeFiles/text_stream.dir/text_stream_autogen/mocs_compilation.cpp.o
atspi-check	Configure + build	2026-09-05T15:04:41.5101290Z [194/650] Automatic MOC and UIC for target proxy_alloc
atspi-check	Configure + build	2026-09-05T15:04:41.5590726Z [195/650] Automatic MOC and UIC for target line_reader
atspi-check	Configure + build	2026-09-05T15:04:42.5550663Z [196/650] Automatic MOC and UIC for target testsupport
atspi-check	Configure + build	2026-09-05T15:04:42.5850912Z [197/650] Building CXX object src/proxy/CMakeFiles/proxy_alloc.dir/proxy_alloc_autogen/mocs_compilation.cpp.o
atspi-check	Configure + build	2026-09-05T15:04:43.9040765Z [198/650] Building CXX object src/proxy/CMakeFiles/proxy_alloc.dir/__/core/Alloc.cpp.o
atspi-check	Configure + build	2026-09-05T15:04:43.9371193Z [199/650] Building CXX object src/cli/CMakeFiles/line_reader.dir/line_reader_autogen/mocs_compilation.cpp.o
atspi-check	Configure + build	2026-09-05T15:04:44.8181191Z [200/650] Building CXX object src/cli/CMakeFiles/text_stream.dir/TextStream.cpp.o
atspi-check	Configure + build	2026-09-05T15:04:44.9901147Z [201/650] Linking CXX static library src/cli/libtext_stream.a
atspi-check	Configure + build	2026-09-05T15:04:45.0311421Z [202/650] Automatic MOC and UIC for target cli
atspi-check	Configure + build	2026-09-05T15:04:45.0671051Z [203/650] Building CXX object src/cli/CMakeFiles/cli.dir/cli_autogen/mocs_compilation.cpp.o
atspi-check	Configure + build	2026-09-05T15:04:46.8101025Z [204/650] Building CXX object src/cli/CMakeFiles/line_reader.dir/LineReader.cpp.o
atspi-check	Configure + build	2026-09-05T15:04:48.3739253Z [205/650] Building CXX object src/fdosecrets/CMakeFiles/fdosecrets.dir/objects/Item.cpp.o
atspi-check	Configure + build	2026-09-05T15:04:48.4091686Z [206/650] Building CXX object src/fdosecrets/CMakeFiles/fdosecrets.dir/objects/Collection.cpp.o
atspi-check	Configure + build	2026-09-05T15:04:50.8151378Z [207/650] Building CXX object src/fdosecrets/CMakeFiles/fdosecrets.dir/objects/Prompt.cpp.o
atspi-check	Configure + build	2026-09-05T15:04:51.0429149Z [208/650] Building CXX object src/cli/CMakeFiles/cli.dir/Add.cpp.o
atspi-check	Configure + build	2026-09-05T15:04:51.0540680Z [209/650] Building CXX object src/cli/CMakeFiles/cli.dir/AddGroup.cpp.o
atspi-check	Configure + build	2026-09-05T15:04:54.0678587Z [210/650] Building CXX object src/cli/CMakeFiles/cli.dir/Analyze.cpp.o
atspi-check	Configure + build	2026-09-05T15:04:54.2150976Z [211/650] Building CXX object src/cli/CMakeFiles/cli.dir/AttachmentExport.cpp.o
atspi-check	Configure + build	2026-09-05T15:04:56.3120914Z [212/650] Building CXX object src/cli/CMakeFiles/cli.dir/AttachmentRemove.cpp.o
atspi-check	Configure + build	2026-09-05T15:04:56.8750996Z [213/650] Building CXX object src/cli/CMakeFiles/cli.dir/AttachmentImport.cpp.o
atspi-check	Configure + build	2026-09-05T15:04:57.1277706Z [214/650] Building CXX object src/fdosecrets/CMakeFiles/fdosecrets.dir/dbus/DBusTypes.cpp.o
atspi-check	Configure + build	2026-09-05T15:04:57.3823477Z [215/650] Building CXX object src/cli/CMakeFiles/cli.dir/Clip.cpp.o
atspi-check	Configure + build	2026-09-05T15:04:58.0530516Z [216/650] Linking CXX static library src/fdosecrets/libfdosecrets.a
atspi-check	Configure + build	2026-09-05T15:04:58.1631771Z [217/650] Building CXX object src/cli/CMakeFiles/cli.dir/Close.cpp.o
atspi-check	Configure + build	2026-09-05T15:05:01.6285863Z [218/650] Building CXX object src/cli/CMakeFiles/cli.dir/Command.cpp.o
atspi-check	Configure + build	2026-09-05T15:05:01.7240690Z [219/650] Building CXX object src/cli/CMakeFiles/cli.dir/DatabaseCommand.cpp.o
atspi-check	Configure + build	2026-09-05T15:05:03.8231006Z [220/650] Building CXX object src/cli/CMakeFiles/cli.dir/DatabaseEdit.cpp.o
atspi-check	Configure + build	2026-09-05T15:05:04.4981216Z [221/650] Building CXX object src/cli/CMakeFiles/cli.dir/DatabaseInfo.cpp.o
atspi-check	Configure + build	2026-09-05T15:05:05.3760676Z [222/650] Building CXX object src/cli/CMakeFiles/cli.dir/DatabaseCreate.cpp.o
atspi-check	Configure + build	2026-09-05T15:05:05.9290824Z [223/650] Building CXX object src/cli/CMakeFiles/cli.dir/Diceware.cpp.o
atspi-check	Configure + build	2026-09-05T15:05:08.0950786Z [224/650] Building CXX object src/cli/CMakeFiles/cli.dir/Edit.cpp.o
atspi-check	Configure + build	2026-09-05T15:05:09.4979420Z [225/650] Building CXX object src/cli/CMakeFiles/cli.dir/Estimate.cpp.o
atspi-check	Configure + build	2026-09-05T15:05:10.5882420Z [226/650] Building CXX object src/cli/CMakeFiles/cli.dir/Exit.cpp.o
atspi-check	Configure + build	2026-09-05T15:05:11.5680838Z [227/650] Building CXX object src/cli/CMakeFiles/cli.dir/Export.cpp.o
atspi-check	Configure + build	2026-09-05T15:05:12.6610869Z [228/650] Building CXX object src/cli/CMakeFiles/cli.dir/Generate.cpp.o
atspi-check	Configure + build	2026-09-05T15:05:13.2251673Z [229/650] Building CXX object src/cli/CMakeFiles/cli.dir/Help.cpp.o
atspi-check	Configure + build	2026-09-05T15:05:16.1187411Z [230/650] Building CXX object src/cli/CMakeFiles/cli.dir/Import.cpp.o
atspi-check	Configure + build	2026-09-05T15:05:16.4537074Z [231/650] Building CXX object src/cli/CMakeFiles/cli.dir/List.cpp.o
atspi-check	Configure + build	2026-09-05T15:05:18.1373903Z [232/650] Building CXX object src/cli/CMakeFiles/cli.dir/Move.cpp.o
atspi-check	Configure + build	2026-09-05T15:05:18.9739412Z [233/650] Building CXX object src/cli/CMakeFiles/cli.dir/Merge.cpp.o
atspi-check	Configure + build	2026-09-05T15:05:19.4521016Z [234/650] Building CXX object src/cli/CMakeFiles/cli.dir/Open.cpp.o
atspi-check	Configure + build	2026-09-05T15:05:20.9510661Z [235/650] Building CXX object src/cli/CMakeFiles/cli.dir/Remove.cpp.o
atspi-check	Configure + build	2026-09-05T15:05:23.6611132Z [236/650] Building CXX object src/cli/CMakeFiles/cli.dir/RemoveGroup.cpp.o
atspi-check	Configure + build	2026-09-05T15:05:23.7501009Z [237/650] Automatic MOC and UIC for target keepassxc_gui
atspi-check	Configure + build	2026-09-05T15:05:23.7541121Z AutoUic: /home/runner/work/keepassxc/keepassxc/src/gui/SearchHelpWidget.ui: Warning: The name 'label_16' (QLabel) is already in use, defaulting to 'label_161'.
atspi-check	Configure + build	2026-09-05T15:05:23.7670638Z [238/650] Generating mainwindowadaptor.cpp, mainwindowadaptor.h
atspi-check	Configure + build	2026-09-05T15:05:23.7950590Z [239/650] Generating mainwindowadaptor.moc
atspi-check	Configure + build	2026-09-05T15:05:23.8200742Z [240/650] Building CXX object src/cli/CMakeFiles/cli.dir/Search.cpp.o
atspi-check	Configure + build	2026-09-05T15:05:23.8210061Z [241/650] Automatic RCC for gui/styles/styles.qrc
atspi-check	Configure + build	2026-09-05T15:05:23.8730595Z [242/650] Automatic RCC for ../share/wizard/wizard.qrc
atspi-check	Configure + build	2026-09-05T15:05:24.0750783Z [243/650] Automatic RCC for ../share/icons/icons.qrc
atspi-check	Configure + build	2026-09-05T15:05:24.8941220Z [244/650] Building CXX object tests/CMakeFiles/testsupport.dir/testsupport_autogen/mocs_compilation.cpp.o
atspi-check	Configure + build	2026-09-05T15:05:25.4081678Z [245/650] Building CXX object src/cli/CMakeFiles/cli.dir/Show.cpp.o
atspi-check	Configure + build	2026-09-05T15:05:27.6661069Z [246/650] Building CXX object src/CMakeFiles/keepassxc_gui.dir/gui/styles/base/phantomcolor.cpp.o
atspi-check	Configure + build	2026-09-05T15:05:27.7661042Z [247/650] Building CXX object tests/CMakeFiles/testsupport.dir/mock/MockClock.cpp.o
atspi-check	Configure + build	2026-09-05T15:05:28.6480785Z [248/650] Building CXX object tests/CMakeFiles/testsupport.dir/FailDevice.cpp.o
atspi-check	Configure + build	2026-09-05T15:05:30.1361132Z [249/650] Building CXX object src/CMakeFiles/keepassxc_gui.dir/gui/styles/StateColorPalette.cpp.o
atspi-check	Configure + build	2026-09-05T15:05:31.3861412Z [250/650] Building CXX object src/CMakeFiles/keepassxc_gui.dir/gui/styles/dark/DarkStyle.cpp.o
atspi-check	Configure + build	2026-09-05T15:05:32.0030764Z [251/650] Building CXX object tests/CMakeFiles/testsupport.dir/modeltest.cpp.o
atspi-check	Configure + build	2026-09-05T15:05:32.8438114Z [252/650] Building CXX object src/CMakeFiles/keepassxc_gui.dir/gui/styles/light/LightStyle.cpp.o
atspi-check	Configure + build	2026-09-05T15:05:36.3550764Z [253/650] Building CXX object src/CMakeFiles/keepassxc_gui.dir/gui/ActionCollection.cpp.o
atspi-check	Configure + build	2026-09-05T15:05:37.4001109Z [254/650] Building CXX object src/CMakeFiles/keepassxc_gui.dir/gui/styles/base/BaseStyle.cpp.o
atspi-check	Configure + build	2026-09-05T15:05:38.3671358Z [255/650] Building CXX object src/CMakeFiles/keepassxc_gui.dir/gui/AboutDialog.cpp.o
atspi-check	Configure + build	2026-09-05T15:05:38.7326370Z [256/650] Building CXX object src/CMakeFiles/keepassxc_gui.dir/gui/CategoryListWidget.cpp.o
atspi-check	Configure + build	2026-09-05T15:05:39.2740801Z [257/650] Building CXX object src/CMakeFiles/keepassxc_gui.dir/gui/Application.cpp.o
atspi-check	Configure + build	2026-09-05T15:05:40.1837842Z [258/650] Building CXX object src/CMakeFiles/keepassxc_gui.dir/gui/Clipboard.cpp.o
atspi-check	Configure + build	2026-09-05T15:05:42.1651503Z [259/650] Building CXX object src/CMakeFiles/keepassxc_gui.dir/keepassxc_gui_autogen/mocs_compilation.cpp.o
atspi-check	Configure + build	2026-09-05T15:05:42.6520808Z [260/650] Building CXX object src/CMakeFiles/keepassxc_gui.dir/gui/CloneDialog.cpp.o
atspi-check	Configure + build	2026-09-05T15:05:43.1261128Z [261/650] Building CXX object src/CMakeFiles/keepassxc_gui.dir/gui/DatabaseIcons.cpp.o
atspi-check	Configure + build	2026-09-05T15:05:47.2501004Z [262/650] Building CXX object src/CMakeFiles/keepassxc_gui.dir/gui/DatabaseTabWidget.cpp.o
atspi-check	Configure + build	2026-09-05T15:05:47.8685821Z [263/650] Building CXX object src/CMakeFiles/keepassxc_gui.dir/gui/DialogyWidget.cpp.o
atspi-check	Configure + build	2026-09-05T15:05:48.4320830Z [264/650] Building CXX object src/CMakeFiles/keepassxc_gui.dir/gui/DatabaseOpenWidget.cpp.o
atspi-check	Configure + build	2026-09-05T15:05:49.8681013Z [265/650] Building CXX object src/CMakeFiles/keepassxc_gui.dir/gui/DatabaseWidgetStateSync.cpp.o
atspi-check	Configure + build	2026-09-05T15:05:49.8809298Z [266/650] Building CXX object src/CMakeFiles/keepassxc_gui.dir/gui/EntryPreviewWidget.cpp.o
atspi-check	Configure + build	2026-09-05T15:05:52.8321176Z [267/650] Building CXX object src/CMakeFiles/keepassxc_gui.dir/gui/DatabaseWidget.cpp.o
atspi-check	Configure + build	2026-09-05T15:05:53.2144645Z [268/650] Building CXX object src/CMakeFiles/keepassxc_gui.dir/gui/EditWidget.cpp.o
atspi-check	Configure + build	2026-09-05T15:05:53.3170788Z [269/650] Building CXX object src/CMakeFiles/keepassxc_gui.dir/gui/Font.cpp.o
atspi-check	Configure + build	2026-09-05T15:05:55.1917881Z [270/650] Building CXX object src/CMakeFiles/keepassxc_gui.dir/gui/EditWidgetIcons.cpp.o
atspi-check	Configure + build	2026-09-05T15:05:56.5671186Z [271/650] Building CXX object src/CMakeFiles/keepassxc_gui.dir/gui/FileDialog.cpp.o
atspi-check	Configure + build	2026-09-05T15:05:57.2551589Z [272/650] Building CXX object src/CMakeFiles/keepassxc_gui.dir/gui/EditWidgetProperties.cpp.o
atspi-check	Configure + build	2026-09-05T15:05:57.6251671Z [273/650] Building CXX object src/CMakeFiles/keepassxc_gui.dir/gui/HtmlGuiExporter.cpp.o
atspi-check	Configure + build	2026-09-05T15:05:57.8580722Z [274/650] Building CXX object src/CMakeFiles/keepassxc_gui.dir/gui/IconModels.cpp.o
atspi-check	Configure + build	2026-09-05T15:05:58.5282272Z [275/650] Building CXX object src/CMakeFiles/keepassxc_gui.dir/gui/GuiTools.cpp.o
atspi-check	Configure + build	2026-09-05T15:06:00.8350891Z [276/650] Building CXX object src/CMakeFiles/keepassxc_gui.dir/gui/KMessageWidget.cpp.o
atspi-check	Configure + build	2026-09-05T15:06:02.7490895Z [277/650] Building CXX object src/CMakeFiles/keepassxc_gui.dir/gui/MergeDialog.cpp.o
atspi-check	Configure + build	2026-09-05T15:06:03.1320786Z [278/650] Building CXX object src/CMakeFiles/keepassxc_gui.dir/gui/MessageWidget.cpp.o
atspi-check	Configure + build	2026-09-05T15:06:03.9490813Z [279/650] Building CXX object src/CMakeFiles/keepassxc_gui.dir/gui/MessageBox.cpp.o
atspi-check	Configure + build	2026-09-05T15:06:06.6681152Z [280/650] Building CXX object src/CMakeFiles/keepassxc_gui.dir/gui/PasswordWidget.cpp.o
atspi-check	Configure + build	2026-09-05T15:06:08.2972533Z [281/650] Building CXX object src/CMakeFiles/keepassxc_gui.dir/gui/PasswordGeneratorWidget.cpp.o
atspi-check	Configure + build	2026-09-05T15:06:09.7878851Z [282/650] Building CXX object src/CMakeFiles/keepassxc_gui.dir/gui/ApplicationSettingsWidget.cpp.o
atspi-check	Configure + build	2026-09-05T15:06:10.4530647Z [283/650] Building CXX object src/CMakeFiles/keepassxc_gui.dir/gui/Icons.cpp.o
atspi-check	Configure + build	2026-09-05T15:06:10.6361133Z [284/650] Building CXX object src/CMakeFiles/keepassxc_gui.dir/gui/SearchWidget.cpp.o
atspi-check	Configure + build	2026-09-05T15:06:11.1640878Z [285/650] Building CXX object src/CMakeFiles/keepassxc_gui.dir/gui/SettingsWidget.cpp.o
atspi-check	Configure + build	2026-09-05T15:06:12.1895101Z [286/650] Building CXX object src/CMakeFiles/keepassxc_gui.dir/gui/MainWindow.cpp.o
atspi-check	Configure + build	2026-09-05T15:06:14.5831144Z [287/650] Building CXX object src/CMakeFiles/keepassxc_gui.dir/gui/SortFilterHideProxyModel.cpp.o
atspi-check	Configure + build	2026-09-05T15:06:15.3491500Z [288/650] Building CXX object src/CMakeFiles/keepassxc_gui.dir/gui/SquareSvgWidget.cpp.o
atspi-check	Configure + build	2026-09-05T15:06:16.1741098Z [289/650] Building CXX object src/CMakeFiles/keepassxc_gui.dir/gui/TotpDialog.cpp.o
atspi-check	Configure + build	2026-09-05T15:06:17.5951384Z [290/650] Building CXX object src/CMakeFiles/keepassxc_gui.dir/gui/TotpExportSettingsDialog.cpp.o
atspi-check	Configure + build	2026-09-05T15:06:17.6491272Z [291/650] Building CXX object src/CMakeFiles/keepassxc_gui.dir/gui/TotpSetupDialog.cpp.o
atspi-check	Configure + build	2026-09-05T15:06:20.1471636Z [292/650] Building CXX object src/CMakeFiles/keepassxc_gui.dir/gui/ShortcutSettingsPage.cpp.o
atspi-check	Configure + build	2026-09-05T15:06:20.4900774Z [293/650] Building CXX object src/CMakeFiles/keepassxc_gui.dir/gui/DatabaseOpenDialog.cpp.o
atspi-check	Configure + build	2026-09-05T15:06:21.8951491Z [294/650] Building CXX object src/CMakeFiles/keepassxc_gui.dir/gui/URLEdit.cpp.o
atspi-check	Configure + build	2026-09-05T15:06:22.2571183Z [295/650] Building CXX object src/CMakeFiles/keepassxc_gui.dir/gui/UrlTools.cpp.o
atspi-check	Configure + build	2026-09-05T15:06:23.0436355Z [296/650] Building CXX object src/CMakeFiles/keepassxc_gui.dir/gui/WelcomeWidget.cpp.o
atspi-check	Configure + build	2026-09-05T15:06:23.9110368Z [297/650] Building CXX object src/CMakeFiles/keepassxc_gui.dir/gui/csvImport/CsvImportWidget.cpp.o
atspi-check	Configure + build	2026-09-05T15:06:25.1751239Z [298/650] Building CXX object src/CMakeFiles/keepassxc_gui.dir/gui/csvImport/CsvParserModel.cpp.o
atspi-check	Configure + build	2026-09-05T15:06:25.2691182Z [299/650] Building CXX object src/CMakeFiles/keepassxc_gui.dir/gui/entry/AutoTypeAssociationsModel.cpp.o
atspi-check	Configure + build	2026-09-05T15:06:27.3917059Z [300/650] Building CXX object src/CMakeFiles/keepassxc_gui.dir/gui/entry/EntryAttachmentsModel.cpp.o
atspi-check	Configure + build	2026-09-05T15:06:29.1793123Z [301/650] Building CXX object src/CMakeFiles/keepassxc_gui.dir/gui/entry/EntryAttributesModel.cpp.o
atspi-check	Configure + build	2026-09-05T15:06:31.0880933Z [302/650] Building CXX object src/CMakeFiles/keepassxc_gui.dir/gui/entry/EntryAttachmentsWidget.cpp.o
atspi-check	Configure + build	2026-09-05T15:06:31.1201082Z [303/650] Building CXX object src/CMakeFiles/keepassxc_gui.dir/gui/entry/EditEntryAttachmentsDialog.cpp.o
atspi-check	Configure + build	2026-09-05T15:06:31.9241145Z [304/650] Building CXX object src/CMakeFiles/keepassxc_gui.dir/gui/entry/EditEntryWidget.cpp.o
atspi-check	Configure + build	2026-09-05T15:06:32.0631206Z [305/650] Building CXX object src/CMakeFiles/keepassxc_gui.dir/gui/entry/PreviewEntryAttachmentsDialog.cpp.o
atspi-check	Configure + build	2026-09-05T15:06:34.0001022Z [306/650] Building CXX object src/CMakeFiles/keepassxc_gui.dir/gui/entry/attachments/TextAttachmentsWidget.cpp.o
atspi-check	Configure + build	2026-09-05T15:06:35.1562382Z [307/650] Building CXX object src/CMakeFiles/keepassxc_gui.dir/gui/entry/attachments/ImageAttachmentsWidget.cpp.o
atspi-check	Configure + build	2026-09-05T15:06:35.7201187Z [308/650] Building CXX object src/CMakeFiles/keepassxc_gui.dir/gui/entry/attachments/ImageAttachmentsView.cpp.o
atspi-check	Configure + build	2026-09-05T15:06:37.7011261Z [309/650] Building CXX object src/CMakeFiles/keepassxc_gui.dir/gui/entry/attachments/AttachmentWidget.cpp.o
atspi-check	Configure + build	2026-09-05T15:06:37.7271928Z [310/650] Building CXX object src/CMakeFiles/keepassxc_gui.dir/gui/entry/attachments/TextAttachmentsPreviewWidget.cpp.o
atspi-check	Configure + build	2026-09-05T15:06:37.7651129Z [311/650] Building CXX object src/CMakeFiles/keepassxc_gui.dir/gui/entry/attachments/TextAttachmentsEditWidget.cpp.o
atspi-check	Configure + build	2026-09-05T15:06:40.4551517Z [312/650] Building CXX object src/CMakeFiles/keepassxc_gui.dir/gui/entry/EntryHistoryModel.cpp.o
atspi-check	Configure + build	2026-09-05T15:06:43.0171519Z [313/650] Building CXX object src/CMakeFiles/keepassxc_gui.dir/gui/entry/EntryModel.cpp.o
atspi-check	Configure + build	2026-09-05T15:06:43.0563692Z [314/650] Building CXX object src/CMakeFiles/keepassxc_gui.dir/gui/entry/EntryView.cpp.o
atspi-check	Configure + build	2026-09-05T15:06:43.7604475Z [315/650] Building CXX object src/CMakeFiles/keepassxc_gui.dir/gui/group/GroupModel.cpp.o
atspi-check	Configure + build	2026-09-05T15:06:44.0441792Z [316/650] Building CXX object src/CMakeFiles/keepassxc_gui.dir/gui/group/EditGroupWidget.cpp.o
atspi-check	Configure + build	2026-09-05T15:06:44.8122231Z [317/650] Building CXX object src/CMakeFiles/keepassxc_gui.dir/gui/export/ExportDialog.cpp.o
atspi-check	Configure + build	2026-09-05T15:06:48.2940960Z [318/650] Building CXX object src/CMakeFiles/keepassxc_gui.dir/gui/group/GroupView.cpp.o
atspi-check	Configure + build	2026-09-05T15:06:48.4741049Z [319/650] Building CXX object src/CMakeFiles/keepassxc_gui.dir/gui/databasekey/KeyComponentWidget.cpp.o
atspi-check	Configure + build	2026-09-05T15:06:49.2121017Z [320/650] Building CXX object src/CMakeFiles/keepassxc_gui.dir/gui/tag/TagView.cpp.o
atspi-check	Configure + build	2026-09-05T15:06:49.3280836Z [321/650] Building CXX object src/CMakeFiles/keepassxc_gui.dir/gui/tag/TagModel.cpp.o
atspi-check	Configure + build	2026-09-05T15:06:50.1306395Z [322/650] Building CXX object src/CMakeFiles/keepassxc_gui.dir/gui/tag/TagsEdit.cpp.o
atspi-check	Configure + build	2026-09-05T15:06:51.1161222Z [323/650] Building CXX object src/CMakeFiles/keepassxc_gui.dir/gui/databasekey/PasswordEditWidget.cpp.o
atspi-check	Configure + build	2026-09-05T15:06:54.2361198Z [324/650] Building CXX object src/CMakeFiles/keepassxc_gui.dir/gui/dbsettings/DatabaseSettingsWidget.cpp.o
atspi-check	Configure + build	2026-09-05T15:06:55.3881793Z [325/650] Building CXX object src/CMakeFiles/keepassxc_gui.dir/gui/databasekey/KeyFileEditWidget.cpp.o
atspi-check	Configure + build	2026-09-05T15:06:55.9161323Z [326/650] Building CXX object src/CMakeFiles/keepassxc_gui.dir/gui/dbsettings/DatabaseSettingsDialog.cpp.o
atspi-check	Configure + build	2026-09-05T15:06:56.2302107Z [327/650] Building CXX object src/CMakeFiles/keepassxc_gui.dir/gui/dbsettings/DatabaseSettingsWidgetGeneral.cpp.o
atspi-check	Configure + build	2026-09-05T15:06:58.5512957Z [328/650] Building CXX object src/CMakeFiles/keepassxc_gui.dir/gui/dbsettings/DatabaseSettingsWidgetMetaDataSimple.cpp.o
atspi-check	Configure + build	2026-09-05T15:06:59.1661316Z [329/650] Building CXX object src/CMakeFiles/keepassxc_gui.dir/gui/dbsettings/DatabaseSettingsWidgetMaintenance.cpp.o
atspi-check	Configure + build	2026-09-05T15:06:59.6961128Z [330/650] Building CXX object src/CMakeFiles/keepassxc_gui.dir/gui/databasekey/YubiKeyEditWidget.cpp.o
atspi-check	Configure + build	2026-09-05T15:07:01.7021442Z [331/650] Building CXX object src/CMakeFiles/keepassxc_gui.dir/gui/dbsettings/DatabaseSettingsWidgetDatabaseKey.cpp.o
atspi-check	Configure + build	2026-09-05T15:07:03.8616034Z [332/650] Building CXX object src/CMakeFiles/keepassxc_gui.dir/gui/remote/RemoteProcess.cpp.o
atspi-check	Configure + build	2026-09-05T15:07:04.3851474Z [333/650] Building CXX object src/CMakeFiles/keepassxc_gui.dir/gui/remote/RemoteHandler.cpp.o
atspi-check	Configure + build	2026-09-05T15:07:04.6351156Z [334/650] Building CXX object src/CMakeFiles/keepassxc_gui.dir/gui/remote/DatabaseSettingsWidgetRemote.cpp.o
atspi-check	Configure + build	2026-09-05T15:07:06.2910368Z [335/650] Building CXX object src/CMakeFiles/keepassxc_gui.dir/gui/remote/RemoteSettings.cpp.o
atspi-check	Configure + build	2026-09-05T15:07:06.5531324Z [336/650] Building CXX object src/CMakeFiles/keepassxc_gui.dir/gui/dbsettings/DatabaseSettingsWidgetEncryption.cpp.o
atspi-check	Configure + build	2026-09-05T15:07:07.4038471Z [337/650] Building CXX object src/CMakeFiles/keepassxc_gui.dir/gui/reports/ReportsWidget.cpp.o
atspi-check	Configure + build	2026-09-05T15:07:09.8664416Z [338/650] Building CXX object src/CMakeFiles/keepassxc_gui.dir/gui/reports/ReportsDialog.cpp.o
atspi-check	Configure + build	2026-09-05T15:07:10.1780867Z [339/650] Building CXX object src/CMakeFiles/keepassxc_gui.dir/gui/reports/ReportsPageHealthcheck.cpp.o
atspi-check	Configure + build	2026-09-05T15:07:11.4410024Z [340/650] Building CXX object src/CMakeFiles/keepassxc_gui.dir/gui/reports/ReportsPageHibp.cpp.o
atspi-check	Configure + build	2026-09-05T15:07:13.3027652Z [341/650] Building CXX object src/CMakeFiles/keepassxc_gui.dir/gui/reports/ReportsWidgetHibp.cpp.o
atspi-check	Configure + build	2026-09-05T15:07:14.3661097Z [342/650] Building CXX object src/CMakeFiles/keepassxc_gui.dir/gui/osutils/DeviceListener.cpp.o
atspi-check	Configure + build	2026-09-05T15:07:15.8861624Z [343/650] Building CXX object src/CMakeFiles/keepassxc_gui.dir/gui/osutils/OSUtilsBase.cpp.o
atspi-check	Configure + build	2026-09-05T15:07:16.1727832Z [344/650] Building CXX object src/CMakeFiles/keepassxc_gui.dir/gui/reports/ReportsPageStatistics.cpp.o
atspi-check	Configure + build	2026-09-05T15:07:17.5869865Z [345/650] Building CXX object src/CMakeFiles/keepassxc_gui.dir/gui/osutils/ScreenLockListener.cpp.o
atspi-check	Configure + build	2026-09-05T15:07:17.7749357Z [346/650] Building CXX object src/CMakeFiles/keepassxc_gui.dir/gui/reports/ReportsWidgetHealthcheck.cpp.o
atspi-check	Configure + build	2026-09-05T15:07:18.4520427Z [347/650] Building CXX object src/CMakeFiles/keepassxc_gui.dir/gui/reports/ReportsWidgetStatistics.cpp.o
atspi-check	Configure + build	2026-09-05T15:07:18.9191582Z [348/650] Building CXX object src/CMakeFiles/keepassxc_gui.dir/gui/osutils/ScreenLockListenerPrivate.cpp.o
atspi-check	Configure + build	2026-09-05T15:07:21.0874327Z [349/650] Building CXX object src/CMakeFiles/keepassxc_gui.dir/gui/widgets/ElidedLabel.cpp.o
atspi-check	Configure + build	2026-09-05T15:07:21.8530826Z [350/650] Building CXX object src/CMakeFiles/keepassxc_gui.dir/gui/widgets/KPToolBar.cpp.o
atspi-check	Configure + build	2026-09-05T15:07:22.7841011Z [351/650] Building CXX object src/CMakeFiles/keepassxc_gui.dir/gui/widgets/PopupHelpWidget.cpp.o
atspi-check	Configure + build	2026-09-05T15:07:23.8620908Z [352/650] Building CXX object src/CMakeFiles/keepassxc_gui.dir/gui/widgets/ShortcutWidget.cpp.o
atspi-check	Configure + build	2026-09-05T15:07:24.7950939Z [353/650] Building CXX object src/CMakeFiles/keepassxc_gui.dir/gui/wizard/ImportWizard.cpp.o
atspi-check	Configure + build	2026-09-05T15:07:26.7926776Z [354/650] Building CXX object src/CMakeFiles/keepassxc_gui.dir/gui/wizard/NewDatabaseWizard.cpp.o
atspi-check	Configure + build	2026-09-05T15:07:26.9301180Z [355/650] Building CXX object src/CMakeFiles/keepassxc_gui.dir/gui/wizard/ImportWizardPageReview.cpp.o
atspi-check	Configure + build	2026-09-05T15:07:27.4521372Z [356/650] Building CXX object src/CMakeFiles/keepassxc_gui.dir/gui/wizard/ImportWizardPageSelect.cpp.o
atspi-check	Configure + build	2026-09-05T15:07:29.3231086Z [357/650] Building CXX object src/CMakeFiles/keepassxc_gui.dir/gui/wizard/NewDatabaseWizardPageMetaData.cpp.o
atspi-check	Configure + build	2026-09-05T15:07:30.2061042Z [358/650] Building CXX object src/CMakeFiles/keepassxc_gui.dir/gui/wizard/NewDatabaseWizardPage.cpp.o
atspi-check	Configure + build	2026-09-05T15:07:30.2650778Z [359/650] Building CXX object src/CMakeFiles/keepassxc_gui.dir/gui/wizard/NewDatabaseWizardPageEncryption.cpp.o
atspi-check	Configure + build	2026-09-05T15:07:31.0731150Z [360/650] Building CXX object src/CMakeFiles/keepassxc_gui.dir/gui/wizard/NewDatabaseWizardPageDatabaseKey.cpp.o
atspi-check	Configure + build	2026-09-05T15:07:34.5591408Z [361/650] Building CXX object src/CMakeFiles/keepassxc_gui.dir/quickunlock/QuickUnlockInterface.cpp.o
atspi-check	Configure + build	2026-09-05T15:07:36.6190164Z [362/650] Building CXX object src/CMakeFiles/keepassxc_gui.dir/gui/osutils/nixutils/DesktopPortal.cpp.o
atspi-check	Configure + build	2026-09-05T15:07:37.6971510Z [363/650] Building CXX object src/CMakeFiles/keepassxc_gui.dir/gui/osutils/nixutils/DeviceListenerLibUsb.cpp.o
atspi-check	Configure + build	2026-09-05T15:07:38.9206598Z [364/650] Building CXX object src/CMakeFiles/keepassxc_gui.dir/gui/osutils/nixutils/NixUtils.cpp.o
atspi-check	Configure + build	2026-09-05T15:07:39.4440940Z [365/650] Building CXX object src/CMakeFiles/keepassxc_gui.dir/gui/osutils/nixutils/X11Funcs.cpp.o
atspi-check	Configure + build	2026-09-05T15:07:40.0852600Z [366/650] Building CXX object src/CMakeFiles/keepassxc_gui.dir/gui/osutils/nixutils/RemoteDesktopPortal.cpp.o
atspi-check	Configure + build	2026-09-05T15:07:40.0925992Z [367/650] Building CXX object src/CMakeFiles/keepassxc_gui.dir/gui/osutils/nixutils/GlobalShortcutsPortal.cpp.o
atspi-check	Configure + build	2026-09-05T15:07:40.2231228Z [368/650] Building CXX object src/CMakeFiles/keepassxc_gui.dir/gui/osutils/nixutils/ScreenLockListenerDBus.cpp.o
atspi-check	Configure + build	2026-09-05T15:07:44.5721071Z [369/650] Building CXX object src/CMakeFiles/keepassxc_gui.dir/gui/reports/ReportsPagePasskeys.cpp.o
atspi-check	Configure + build	2026-09-05T15:07:45.3372985Z [370/650] Building CXX object src/CMakeFiles/keepassxc_gui.dir/gui/entry/EntryURLModel.cpp.o
atspi-check	Configure + build	2026-09-05T15:07:45.9421292Z [371/650] Building CXX object src/CMakeFiles/keepassxc_gui.dir/gui/dbsettings/DatabaseSettingsWidgetBrowser.cpp.o
atspi-check	Configure + build	2026-09-05T15:07:46.2711027Z [372/650] Building CXX object src/CMakeFiles/keepassxc_gui.dir/gui/reports/ReportsPageBrowserStatistics.cpp.o
atspi-check	Configure + build	2026-09-05T15:07:47.0844271Z [373/650] Building CXX object src/CMakeFiles/keepassxc_gui.dir/mainwindowadaptor.cpp.o
atspi-check	Configure + build	2026-09-05T15:07:51.6221077Z [374/650] Building CXX object src/CMakeFiles/keepassxc_gui.dir/gui/passkeys/PasskeyExporter.cpp.o
atspi-check	Configure + build	2026-09-05T15:07:51.6814540Z [375/650] Building CXX object src/CMakeFiles/keepassxc_gui.dir/gui/passkeys/PasskeyExportDialog.cpp.o
atspi-check	Configure + build	2026-09-05T15:07:51.6850889Z [376/650] Building CXX object src/CMakeFiles/keepassxc_gui.dir/keepassxc_gui_autogen/M5QXLK5BAV/qrc_styles.cpp.o
atspi-check	Configure + build	2026-09-05T15:07:51.8561365Z [377/650] Building CXX object src/CMakeFiles/keepassxc_gui.dir/keepassxc_gui_autogen/XJKH4KRZSW/qrc_wizard.cpp.o
atspi-check	Configure + build	2026-09-05T15:07:52.4306125Z [378/650] Building CXX object src/CMakeFiles/keepassxc_gui.dir/keepassxc_gui_autogen/6X6KP64GSU/qrc_icons.cpp.o
atspi-check	Configure + build	2026-09-05T15:07:52.5956879Z [379/650] Building CXX object src/CMakeFiles/keepassxc_gui.dir/gui/reports/ReportsWidgetBrowserStatistics.cpp.o
atspi-check	Configure + build	2026-09-05T15:07:52.6861288Z [380/650] Linking CXX static library src/proxy/libproxy_alloc.a
atspi-check	Configure + build	2026-09-05T15:07:52.8450747Z [381/650] Linking CXX static library src/cli/libline_reader.a
atspi-check	Configure + build	2026-09-05T15:07:52.9290645Z [382/650] Generating keepassxc_ar.qm
atspi-check	Configure + build	2026-09-05T15:07:52.9320994Z Updating '/home/runner/work/keepassxc/keepassxc/build-debug/share/translations/keepassxc_ar.qm'...
atspi-check	Configure + build	2026-09-05T15:07:52.9360471Z     Generated 2016 translation(s) (2016 finished and 0 unfinished)
atspi-check	Configure + build	2026-09-05T15:07:52.9367901Z     Ignored 451 untranslated source text(s)
atspi-check	Configure + build	2026-09-05T15:07:52.9710548Z [383/650] Generating keepassxc_be.qm
atspi-check	Configure + build	2026-09-05T15:07:52.9711740Z Updating '/home/runner/work/keepassxc/keepassxc/build-debug/share/translations/keepassxc_be.qm'...
atspi-check	Configure + build	2026-09-05T15:07:52.9770197Z Removed plural forms as the target language has less forms.
atspi-check	Configure + build	2026-09-05T15:07:52.9830249Z If this sounds wrong, possibly the target language is not set or recognized.
atspi-check	Configure + build	2026-09-05T15:07:52.9860137Z     Generated 1832 translation(s) (1832 finished and 0 unfinished)
atspi-check	Configure + build	2026-09-05T15:07:52.9920006Z     Ignored 635 untranslated source text(s)
atspi-check	Configure + build	2026-09-05T15:07:52.9950485Z [384/650] Building CXX object src/CMakeFiles/keepassxc_gui.dir/gui/passkeys/PasskeyImporter.cpp.o
atspi-check	Configure + build	2026-09-05T15:07:53.0190389Z [385/650] Generating keepassxc_bg.qm
atspi-check	Configure + build	2026-09-05T15:07:53.0231085Z Updating '/home/runner/work/keepassxc/keepassxc/build-debug/share/translations/keepassxc_bg.qm'...
atspi-check	Configure + build	2026-09-05T15:07:53.0260108Z     Generated 2467 translation(s) (2467 finished and 0 unfinished)
atspi-check	Configure + build	2026-09-05T15:07:53.0310138Z [386/650] Generating keepassxc_ca.qm
atspi-check	Configure + build	2026-09-05T15:07:53.0310991Z Updating '/home/runner/work/keepassxc/keepassxc/build-debug/share/translations/keepassxc_ca.qm'...
atspi-check	Configure + build	2026-09-05T15:07:53.0311934Z     Generated 962 translation(s) (962 finished and 0 unfinished)
atspi-check	Configure + build	2026-09-05T15:07:53.0312977Z     Ignored 1089 untranslated source text(s)
atspi-check	Configure + build	2026-09-05T15:07:53.0610564Z [387/650] Generating keepassxc_cs.qm
atspi-check	Configure + build	2026-09-05T15:07:53.0630847Z Updating '/home/runner/work/keepassxc/keepassxc/build-debug/share/translations/keepassxc_cs.qm'...
atspi-check	Configure + build	2026-09-05T15:07:53.0650507Z Removed plural forms as the target language has less forms.
atspi-check	Configure + build	2026-09-05T15:07:53.0670393Z If this sounds wrong, possibly the target language is not set or recognized.
atspi-check	Configure + build	2026-09-05T15:07:53.0690360Z     Generated 2075 translation(s) (2075 finished and 0 unfinished)
atspi-check	Configure + build	2026-09-05T15:07:53.0710192Z     Ignored 392 untranslated source text(s)
atspi-check	Configure + build	2026-09-05T15:07:53.0922969Z [388/650] Generating keepassxc_da.qm
atspi-check	Configure + build	2026-09-05T15:07:53.0924163Z Updating '/home/runner/work/keepassxc/keepassxc/build-debug/share/translations/keepassxc_da.qm'...
atspi-check	Configure + build	2026-09-05T15:07:53.0925250Z     Generated 1430 translation(s) (1430 finished and 0 unfinished)
atspi-check	Configure + build	2026-09-05T15:07:53.0925989Z     Ignored 754 untranslated source text(s)
atspi-check	Configure + build	2026-09-05T15:07:53.0950078Z [389/650] Generating keepassxc_de.qm
atspi-check	Configure + build	2026-09-05T15:07:53.0970602Z Updating '/home/runner/work/keepassxc/keepassxc/build-debug/share/translations/keepassxc_de.qm'...
atspi-check	Configure + build	2026-09-05T15:07:53.1000262Z     Generated 2462 translation(s) (2462 finished and 0 unfinished)
atspi-check	Configure + build	2026-09-05T15:07:53.1010174Z     Ignored 5 untranslated source text(s)
atspi-check	Configure + build	2026-09-05T15:07:53.1281964Z [390/650] Generating keepassxc_el.qm
atspi-check	Configure + build	2026-09-05T15:07:53.1310597Z Updating '/home/runner/work/keepassxc/keepassxc/build-debug/share/translations/keepassxc_el.qm'...
atspi-check	Configure + build	2026-09-05T15:07:53.1330352Z     Generated 2154 translation(s) (2154 finished and 0 unfinished)
atspi-check	Configure + build	2026-09-05T15:07:53.1340240Z     Ignored 313 untranslated source text(s)
atspi-check	Configure + build	2026-09-05T15:07:53.1625905Z [391/650] Generating keepassxc_en_US.qm
atspi-check	Configure + build	2026-09-05T15:07:53.1627036Z Updating '/home/runner/work/keepassxc/keepassxc/build-debug/share/translations/keepassxc_en_US.qm'...
atspi-check	Configure + build	2026-09-05T15:07:53.1628328Z     Generated 2463 translation(s) (2463 finished and 0 unfinished)
atspi-check	Configure + build	2026-09-05T15:07:53.1629300Z     Ignored 4 untranslated source text(s)
atspi-check	Configure + build	2026-09-05T15:07:53.1670143Z [392/650] Generating keepassxc_en_GB.qm
atspi-check	Configure + build	2026-09-05T15:07:53.1730475Z Updating '/home/runner/work/keepassxc/keepassxc/build-debug/share/translations/keepassxc_en_GB.qm'...
atspi-check	Configure + build	2026-09-05T15:07:53.1760204Z     Generated 2463 translation(s) (2463 finished and 0 unfinished)
atspi-check	Configure + build	2026-09-05T15:07:53.1820138Z     Ignored 4 untranslated source text(s)
atspi-check	Configure + build	2026-09-05T15:07:53.2240545Z [393/650] Linking CXX static library src/cli/libcli.a
atspi-check	Configure + build	2026-09-05T15:07:53.2330268Z [394/650] Generating keepassxc_et.qm
atspi-check	Configure + build	2026-09-05T15:07:53.2390964Z Updating '/home/runner/work/keepassxc/keepassxc/build-debug/share/translations/keepassxc_et.qm'...
atspi-check	Configure + build	2026-09-05T15:07:53.2450480Z     Generated 2462 translation(s) (2462 finished and 0 unfinished)
atspi-check	Configure + build	2026-09-05T15:07:53.2510074Z     Ignored 5 untranslated source text(s)
atspi-check	Configure + build	2026-09-05T15:07:53.2570103Z [395/650] Generating keepassxc_es.qm
atspi-check	Configure + build	2026-09-05T15:07:53.2600671Z Updating '/home/runner/work/keepassxc/keepassxc/build-debug/share/translations/keepassxc_es.qm'...
atspi-check	Configure + build	2026-09-05T15:07:53.2620164Z Removed plural forms as the target language has less forms.
atspi-check	Configure + build	2026-09-05T15:07:53.2680200Z If this sounds wrong, possibly the target language is not set or recognized.
atspi-check	Configure + build	2026-09-05T15:07:53.2720187Z     Generated 2462 translation(s) (2462 finished and 0 unfinished)
atspi-check	Configure + build	2026-09-05T15:07:53.2780055Z     Ignored 5 untranslated source text(s)
atspi-check	Configure + build	2026-09-05T15:07:53.2930288Z [396/650] Generating keepassxc_fi.qm
atspi-check	Configure + build	2026-09-05T15:07:53.2990558Z Updating '/home/runner/work/keepassxc/keepassxc/build-debug/share/translations/keepassxc_fi.qm'...
atspi-check	Configure + build	2026-09-05T15:07:53.3030227Z     Generated 2332 translation(s) (2332 finished and 0 unfinished)
atspi-check	Configure + build	2026-09-05T15:07:53.3090208Z     Ignored 135 untranslated source text(s)
atspi-check	Configure + build	2026-09-05T15:07:53.3110008Z [397/650] Generating keepassxc_fil.qm
atspi-check	Configure + build	2026-09-05T15:07:53.3180586Z Updating '/home/runner/work/keepassxc/keepassxc/build-debug/share/translations/keepassxc_fil.qm'...
atspi-check	Configure + build	2026-09-05T15:07:53.3210233Z     Generated 1954 translation(s) (1954 finished and 0 unfinished)
atspi-check	Configure + build	2026-09-05T15:07:53.3230077Z     Ignored 513 untranslated source text(s)
atspi-check	Configure + build	2026-09-05T15:07:53.3230661Z [398/650] Generating keepassxc_fr.qm
atspi-check	Configure + build	2026-09-05T15:07:53.3231563Z Updating '/home/runner/work/keepassxc/keepassxc/build-debug/share/translations/keepassxc_fr.qm'...
atspi-check	Configure + build	2026-09-05T15:07:53.3232590Z Removed plural forms as the target language has less forms.
atspi-check	Configure + build	2026-09-05T15:07:53.3233403Z If this sounds wrong, possibly the target language is not set or recognized.
atspi-check	Configure + build	2026-09-05T15:07:53.3234241Z     Generated 2467 translation(s) (2467 finished and 0 unfinished)
atspi-check	Configure + build	2026-09-05T15:07:53.3570548Z [399/650] Generating keepassxc_hr.qm
atspi-check	Configure + build	2026-09-05T15:07:53.3581422Z Updating '/home/runner/work/keepassxc/keepassxc/build-debug/share/translations/keepassxc_hr.qm'...
atspi-check	Configure + build	2026-09-05T15:07:53.3660161Z     Generated 1040 translation(s) (1040 finished and 0 unfinished)
atspi-check	Configure + build	2026-09-05T15:07:53.3690020Z     Ignored 1011 untranslated source text(s)
atspi-check	Configure + build	2026-09-05T15:07:53.3690542Z [400/650] Generating keepassxc_fr_CA.qm
atspi-check	Configure + build	2026-09-05T15:07:53.3731403Z Updating '/home/runner/work/keepassxc/keepassxc/build-debug/share/translations/keepassxc_fr_CA.qm'...
atspi-check	Configure + build	2026-09-05T15:07:53.3810191Z Removed plural forms as the target language has less forms.
atspi-check	Configure + build	2026-09-05T15:07:53.3811071Z If this sounds wrong, possibly the target language is not set or recognized.
atspi-check	Configure + build	2026-09-05T15:07:53.3870209Z     Generated 2467 translation(s) (2467 finished and 0 unfinished)
atspi-check	Configure + build	2026-09-05T15:07:53.3930031Z [401/650] Generating keepassxc_he.qm
atspi-check	Configure + build	2026-09-05T15:07:53.3960431Z Updating '/home/runner/work/keepassxc/keepassxc/build-debug/share/translations/keepassxc_he.qm'...
atspi-check	Configure + build	2026-09-05T15:07:53.4020147Z Removed plural forms as the target language has less forms.
atspi-check	Configure + build	2026-09-05T15:07:53.4080235Z If this sounds wrong, possibly the target language is not set or recognized.
atspi-check	Configure + build	2026-09-05T15:07:53.4100362Z     Generated 2387 translation(s) (2387 finished and 0 unfinished)
atspi-check	Configure + build	2026-09-05T15:07:53.4110055Z     Ignored 80 untranslated source text(s)
atspi-check	Configure + build	2026-09-05T15:07:53.4280154Z [402/650] Generating keepassxc_hu.qm
atspi-check	Configure + build	2026-09-05T15:07:53.4290502Z Updating '/home/runner/work/keepassxc/keepassxc/build-debug/share/translations/keepassxc_hu.qm'...
atspi-check	Configure + build	2026-09-05T15:07:53.4370173Z Removed plural forms as the target language has less forms.
atspi-check	Configure + build	2026-09-05T15:07:53.4410376Z If this sounds wrong, possibly the target language is not set or recognized.
atspi-check	Configure + build	2026-09-05T15:07:53.4411285Z     Generated 2465 translation(s) (2465 finished and 0 unfinished)
atspi-check	Configure + build	2026-09-05T15:07:53.4411945Z     Ignored 2 untranslated source text(s)
atspi-check	Configure + build	2026-09-05T15:07:53.4412474Z [403/650] Generating keepassxc_id.qm
atspi-check	Configure + build	2026-09-05T15:07:53.4470372Z Updating '/home/runner/work/keepassxc/keepassxc/build-debug/share/translations/keepassxc_id.qm'...
atspi-check	Configure + build	2026-09-05T15:07:53.4505412Z     Generated 2120 translation(s) (2120 finished and 0 unfinished)
atspi-check	Configure + build	2026-09-05T15:07:53.4530053Z     Ignored 347 untranslated source text(s)
atspi-check	Configure + build	2026-09-05T15:07:53.4530647Z [404/650] Generating keepassxc_it.qm
atspi-check	Configure + build	2026-09-05T15:07:53.4560405Z Updating '/home/runner/work/keepassxc/keepassxc/build-debug/share/translations/keepassxc_it.qm'...
atspi-check	Configure + build	2026-09-05T15:07:53.4590141Z Removed plural forms as the target language has less forms.
atspi-check	Configure + build	2026-09-05T15:07:53.4620233Z If this sounds wrong, possibly the target language is not set or recognized.
atspi-check	Configure + build	2026-09-05T15:07:53.4650154Z     Generated 2387 translation(s) (2387 finished and 0 unfinished)
atspi-check	Configure + build	2026-09-05T15:07:53.4680040Z     Ignored 80 untranslated source text(s)
atspi-check	Configure + build	2026-09-05T15:07:53.4710049Z [405/650] Generating keepassxc_ja.qm
atspi-check	Configure + build	2026-09-05T15:07:53.4740423Z Updating '/home/runner/work/keepassxc/keepassxc/build-debug/share/translations/keepassxc_ja.qm'...
atspi-check	Configure + build	2026-09-05T15:07:53.4770154Z     Generated 2352 translation(s) (2352 finished and 0 unfinished)
atspi-check	Configure + build	2026-09-05T15:07:53.4790132Z     Ignored 115 untranslated source text(s)
atspi-check	Configure + build	2026-09-05T15:07:53.5070420Z [406/650] Generating keepassxc_lt.qm
atspi-check	Configure + build	2026-09-05T15:07:53.5100679Z Updating '/home/runner/work/keepassxc/keepassxc/build-debug/share/translations/keepassxc_lt.qm'...
atspi-check	Configure + build	2026-09-05T15:07:53.5122946Z Removed plural forms as the target language has less forms.
atspi-check	Configure + build	2026-09-05T15:07:53.5150279Z If this sounds wrong, possibly the target language is not set or recognized.
atspi-check	Configure + build	2026-09-05T15:07:53.5200397Z     Generated 2030 translation(s) (2030 finished and 0 unfinished)
atspi-check	Configure + build	2026-09-05T15:07:53.5250194Z     Ignored 437 untranslated source text(s)
atspi-check	Configure + build	2026-09-05T15:07:53.5270187Z [407/650] Generating keepassxc_km.qm
atspi-check	Configure + build	2026-09-05T15:07:53.5340543Z Updating '/home/runner/work/keepassxc/keepassxc/build-debug/share/translations/keepassxc_km.qm'...
atspi-check	Configure + build	2026-09-05T15:07:53.5350166Z     Generated 2007 translation(s) (2007 finished and 0 unfinished)
atspi-check	Configure + build	2026-09-05T15:07:53.5350910Z     Ignored 460 untranslated source text(s)
atspi-check	Configure + build	2026-09-05T15:07:53.5351452Z [408/650] Generating keepassxc_ko.qm
atspi-check	Configure + build	2026-09-05T15:07:53.5352335Z Updating '/home/runner/work/keepassxc/keepassxc/build-debug/share/translations/keepassxc_ko.qm'...
atspi-check	Configure + build	2026-09-05T15:07:53.5353357Z     Generated 2284 translation(s) (2284 finished and 0 unfinished)
atspi-check	Configure + build	2026-09-05T15:07:53.5354018Z     Ignored 183 untranslated source text(s)
atspi-check	Configure + build	2026-09-05T15:07:53.5740836Z [409/650] Generating keepassxc_my.qm
atspi-check	Configure + build	2026-09-05T15:07:53.5770838Z Updating '/home/runner/work/keepassxc/keepassxc/build-debug/share/translations/keepassxc_my.qm'...
atspi-check	Configure + build	2026-09-05T15:07:53.5800243Z     Generated 1952 translation(s) (1952 finished and 0 unfinished)
atspi-check	Configure + build	2026-09-05T15:07:53.5830240Z     Ignored 515 untranslated source text(s)
atspi-check	Configure + build	2026-09-05T15:07:53.5861786Z [410/650] Generating keepassxc_nl.qm
atspi-check	Configure + build	2026-09-05T15:07:53.5890531Z Updating '/home/runner/work/keepassxc/keepassxc/build-debug/share/translations/keepassxc_nl.qm'...
atspi-check	Configure + build	2026-09-05T15:07:53.5891571Z     Generated 2467 translation(s) (2467 finished and 0 unfinished)
atspi-check	Configure + build	2026-09-05T15:07:53.5892187Z [411/650] Generating keepassxc_nb.qm
atspi-check	Configure + build	2026-09-05T15:07:53.5930492Z Updating '/home/runner/work/keepassxc/keepassxc/build-debug/share/translations/keepassxc_nb.qm'...
atspi-check	Configure + build	2026-09-05T15:07:53.5960167Z     Generated 2213 translation(s) (2213 finished and 0 unfinished)
atspi-check	Configure + build	2026-09-05T15:07:53.5990100Z     Ignored 254 untranslated source text(s)
atspi-check	Configure + build	2026-09-05T15:07:53.6180841Z [412/650] Generating keepassxc_pt_BR.qm
atspi-check	Configure + build	2026-09-05T15:07:53.6220530Z Updating '/home/runner/work/keepassxc/keepassxc/build-debug/share/translations/keepassxc_pt_BR.qm'...
atspi-check	Configure + build	2026-09-05T15:07:53.6240272Z Removed plural forms as the target language has less forms.
atspi-check	Configure + build	2026-09-05T15:07:53.6241202Z If this sounds wrong, possibly the target language is not set or recognized.
atspi-check	Configure + build	2026-09-05T15:07:53.6242101Z     Generated 2467 translation(s) (2467 finished and 0 unfinished)
atspi-check	Configure + build	2026-09-05T15:07:53.6460331Z [413/650] Generating keepassxc_pl.qm
atspi-check	Configure + build	2026-09-05T15:07:53.6480641Z Updating '/home/runner/work/keepassxc/keepassxc/build-debug/share/translations/keepassxc_pl.qm'...
atspi-check	Configure + build	2026-09-05T15:07:53.6510375Z Removed plural forms as the target language has less forms.
atspi-check	Configure + build	2026-09-05T15:07:53.6550242Z If this sounds wrong, possibly the target language is not set or recognized.
atspi-check	Configure + build	2026-09-05T15:07:53.6580221Z     Generated 2467 translation(s) (2467 finished and 0 unfinished)
atspi-check	Configure + build	2026-09-05T15:07:53.6610082Z [414/650] Generating keepassxc_ro.qm
atspi-check	Configure + build	2026-09-05T15:07:53.6640583Z Updating '/home/runner/work/keepassxc/keepassxc/build-debug/share/translations/keepassxc_ro.qm'...
atspi-check	Configure + build	2026-09-05T15:07:53.6660326Z     Generated 1625 translation(s) (1625 finished and 0 unfinished)
atspi-check	Configure + build	2026-09-05T15:07:53.6690078Z     Ignored 842 untranslated source text(s)
atspi-check	Configure + build	2026-09-05T15:07:53.6690694Z [415/650] Generating keepassxc_pt_PT.qm
atspi-check	Configure + build	2026-09-05T15:07:53.6720305Z Updating '/home/runner/work/keepassxc/keepassxc/build-debug/share/translations/keepassxc_pt_PT.qm'...
atspi-check	Configure + build	2026-09-05T15:07:53.6760165Z Removed plural forms as the target language has less forms.
atspi-check	Configure + build	2026-09-05T15:07:53.6770257Z If this sounds wrong, possibly the target language is not set or recognized.
atspi-check	Configure + build	2026-09-05T15:07:53.6790660Z     Generated 2467 translation(s) (2467 finished and 0 unfinished)
atspi-check	Configure + build	2026-09-05T15:07:53.6869997Z [416/650] Generating keepassxc_si.qm
atspi-check	Configure + build	2026-09-05T15:07:53.6900406Z Updating '/home/runner/work/keepassxc/keepassxc/build-debug/share/translations/keepassxc_si.qm'...
atspi-check	Configure + build	2026-09-05T15:07:53.6930172Z     Generated 1909 translation(s) (1909 finished and 0 unfinished)
atspi-check	Configure + build	2026-09-05T15:07:53.6959955Z     Ignored 558 untranslated source text(s)
atspi-check	Configure + build	2026-09-05T15:07:53.7140113Z [417/650] Generating keepassxc_sl.qm
atspi-check	Configure + build	2026-09-05T15:07:53.7170470Z Updating '/home/runner/work/keepassxc/keepassxc/build-debug/share/translations/keepassxc_sl.qm'...
atspi-check	Configure + build	2026-09-05T15:07:53.7230265Z     Generated 1105 translation(s) (1105 finished and 0 unfinished)
atspi-check	Configure + build	2026-09-05T15:07:53.7250238Z     Ignored 946 untranslated source text(s)
atspi-check	Configure + build	2026-09-05T15:07:53.7300069Z [418/650] Generating keepassxc_ru.qm
atspi-check	Configure + build	2026-09-05T15:07:53.7360366Z Updating '/home/runner/work/keepassxc/keepassxc/build-debug/share/translations/keepassxc_ru.qm'...
atspi-check	Configure + build	2026-09-05T15:07:53.7390058Z Removed plural forms as the target language has less forms.
atspi-check	Configure + build	2026-09-05T15:07:53.7420144Z If this sounds wrong, possibly the target language is not set or recognized.
atspi-check	Configure + build	2026-09-05T15:07:53.7480186Z     Generated 2421 translation(s) (2421 finished and 0 unfinished)
atspi-check	Configure + build	2026-09-05T15:07:53.7480908Z     Ignored 46 untranslated source text(s)
atspi-check	Configure + build	2026-09-05T15:07:53.7481420Z [419/650] Generating keepassxc_sk.qm
atspi-check	Configure + build	2026-09-05T15:07:53.7510333Z Updating '/home/runner/work/keepassxc/keepassxc/build-debug/share/translations/keepassxc_sk.qm'...
atspi-check	Configure + build	2026-09-05T15:07:53.7511364Z Removed plural forms as the target language has less forms.
atspi-check	Configure + build	2026-09-05T15:07:53.7512179Z If this sounds wrong, possibly the target language is not set or recognized.
atspi-check	Configure + build	2026-09-05T15:07:53.7513014Z     Generated 1754 translation(s) (1754 finished and 0 unfinished)
atspi-check	Configure + build	2026-09-05T15:07:53.7513664Z     Ignored 713 untranslated source text(s)
atspi-check	Configure + build	2026-09-05T15:07:53.7760823Z [420/650] Generating keepassxc_sq.qm
atspi-check	Configure + build	2026-09-05T15:07:53.7810541Z Updating '/home/runner/work/keepassxc/keepassxc/build-debug/share/translations/keepassxc_sq.qm'...
atspi-check	Configure + build	2026-09-05T15:07:53.7840096Z     Generated 2290 translation(s) (2290 finished and 0 unfinished)
atspi-check	Configure + build	2026-09-05T15:07:53.7880060Z     Ignored 177 untranslated source text(s)
atspi-check	Configure + build	2026-09-05T15:07:53.7910111Z [421/650] Generating keepassxc_sr.qm
atspi-check	Configure + build	2026-09-05T15:07:53.7970406Z Updating '/home/runner/work/keepassxc/keepassxc/build-debug/share/translations/keepassxc_sr.qm'...
atspi-check	Configure + build	2026-09-05T15:07:53.7971516Z     Generated 1481 translation(s) (1481 finished and 0 unfinished)
atspi-check	Configure + build	2026-09-05T15:07:53.7972156Z     Ignored 986 untranslated source text(s)
atspi-check	Configure + build	2026-09-05T15:07:53.8210277Z [422/650] Generating keepassxc_th.qm
atspi-check	Configure + build	2026-09-05T15:07:53.8240478Z Updating '/home/runner/work/keepassxc/keepassxc/build-debug/share/translations/keepassxc_th.qm'...
atspi-check	Configure + build	2026-09-05T15:07:53.8270160Z     Generated 2007 translation(s) (2007 finished and 0 unfinished)
atspi-check	Configure + build	2026-09-05T15:07:53.8271236Z     Ignored 460 untranslated source text(s)
atspi-check	Configure + build	2026-09-05T15:07:53.8300055Z [423/650] Generating keepassxc_sv.qm
atspi-check	Configure + build	2026-09-05T15:07:53.8330324Z Updating '/home/runner/work/keepassxc/keepassxc/build-debug/share/translations/keepassxc_sv.qm'...
atspi-check	Configure + build	2026-09-05T15:07:53.8360298Z     Generated 2463 translation(s) (2463 finished and 0 unfinished)
atspi-check	Configure + build	2026-09-05T15:07:53.8380762Z     Ignored 4 untranslated source text(s)
atspi-check	Configure + build	2026-09-05T15:07:53.8410110Z [424/650] Generating keepassxc_tr.qm
atspi-check	Configure + build	2026-09-05T15:07:53.8450248Z Updating '/home/runner/work/keepassxc/keepassxc/build-debug/share/translations/keepassxc_tr.qm'...
atspi-check	Configure + build	2026-09-05T15:07:53.8480153Z Removed plural forms as the target language has less forms.
atspi-check	Configure + build	2026-09-05T15:07:53.8510198Z If this sounds wrong, possibly the target language is not set or recognized.
atspi-check	Configure + build	2026-09-05T15:07:53.8538076Z     Generated 2463 translation(s) (2463 finished and 0 unfinished)
atspi-check	Configure + build	2026-09-05T15:07:53.8570002Z     Ignored 4 untranslated source text(s)
atspi-check	Configure + build	2026-09-05T15:07:53.8599982Z [425/650] Generating keepassxc_uk.qm
atspi-check	Configure + build	2026-09-05T15:07:53.8630400Z Updating '/home/runner/work/keepassxc/keepassxc/build-debug/share/translations/keepassxc_uk.qm'...
atspi-check	Configure + build	2026-09-05T15:07:53.8646719Z Removed plural forms as the target language has less forms.
atspi-check	Configure + build	2026-09-05T15:07:53.8682620Z If this sounds wrong, possibly the target language is not set or recognized.
atspi-check	Configure + build	2026-09-05T15:07:53.8690141Z     Generated 2421 translation(s) (2421 finished and 0 unfinished)
atspi-check	Configure + build	2026-09-05T15:07:53.8740030Z     Ignored 46 untranslated source text(s)
atspi-check	Configure + build	2026-09-05T15:07:53.8740914Z [426/650] Generating keepassxc_zh_CN.qm
atspi-check	Configure + build	2026-09-05T15:07:53.8766761Z Updating '/home/runner/work/keepassxc/keepassxc/build-debug/share/translations/keepassxc_zh_CN.qm'...
atspi-check	Configure + build	2026-09-05T15:07:53.8768177Z     Generated 2467 translation(s) (2467 finished and 0 unfinished)
atspi-check	Configure + build	2026-09-05T15:07:53.8769186Z [427/650] Generating keepassxc_zh_TW.qm
atspi-check	Configure + build	2026-09-05T15:07:53.8770714Z Updating '/home/runner/work/keepassxc/keepassxc/build-debug/share/translations/keepassxc_zh_TW.qm'...
atspi-check	Configure + build	2026-09-05T15:07:53.8772009Z     Generated 2467 translation(s) (2467 finished and 0 unfinished)
atspi-check	Configure + build	2026-09-05T15:07:53.9090574Z [428/650] Automatic MOC and UIC for target keepassxc-cli
atspi-check	Configure + build	2026-09-05T15:07:53.9340764Z [429/650] Building CXX object src/cli/CMakeFiles/keepassxc-cli.dir/keepassxc-cli_autogen/mocs_compilation.cpp.o
atspi-check	Configure + build	2026-09-05T15:07:53.9931250Z [430/650] Building CXX object src/CMakeFiles/keepassxc_gui.dir/gui/passkeys/PasskeyImportDialog.cpp.o
atspi-check	Configure + build	2026-09-05T15:07:54.1371594Z [431/650] Automatic MOC and UIC for target keepassxc-proxy
atspi-check	Configure + build	2026-09-05T15:07:55.6538638Z [432/650] Building CXX object src/CMakeFiles/keepassxc_gui.dir/gui/reports/ReportsWidgetPasskeys.cpp.o
atspi-check	Configure + build	2026-09-05T15:07:56.4290844Z [433/650] Building CXX object tests/CMakeFiles/testsupport.dir/util/TemporaryFile.cpp.o
atspi-check	Configure + build	2026-09-05T15:07:56.7710643Z [434/650] Linking CXX static library tests/libtestsupport.a
atspi-check	Configure + build	2026-09-05T15:07:57.9781576Z [435/650] Building CXX object src/proxy/CMakeFiles/keepassxc-proxy.dir/__/browser/BrowserShared.cpp.o
atspi-check	Configure + build	2026-09-05T15:07:58.0321994Z [436/650] Building CXX object src/proxy/CMakeFiles/keepassxc-proxy.dir/keepassxc-proxy.cpp.o
atspi-check	Configure + build	2026-09-05T15:07:58.0670751Z [437/650] Linking CXX static library src/libkeepassxc_gui.a
atspi-check	Configure + build	2026-09-05T15:07:58.1200747Z [438/650] Automatic MOC and UIC for target keepassxc
atspi-check	Configure + build	2026-09-05T15:07:58.4870896Z [439/650] Building CXX object src/proxy/CMakeFiles/keepassxc-proxy.dir/keepassxc-proxy_autogen/mocs_compilation.cpp.o
atspi-check	Configure + build	2026-09-05T15:07:58.5860683Z [440/650] Automatic MOC and UIC for target testkdbx2
atspi-check	Configure + build	2026-09-05T15:07:58.6860587Z [441/650] Automatic MOC and UIC for target testgroup
atspi-check	Configure + build	2026-09-05T15:07:58.9770748Z [442/650] Automatic MOC and UIC for target testkeys
atspi-check	Configure + build	2026-09-05T15:07:59.1724920Z [443/650] Automatic MOC and UIC for target testgroupmodel
atspi-check	Configure + build	2026-09-05T15:07:59.1947314Z [444/650] Automatic MOC and UIC for target testkdbx3
atspi-check	Configure + build	2026-09-05T15:07:59.3513564Z [445/650] Automatic MOC and UIC for target testkdbx4
atspi-check	Configure + build	2026-09-05T15:07:59.3950737Z [446/650] Automatic MOC and UIC for target testentrymodel
atspi-check	Configure + build	2026-09-05T15:07:59.4161423Z [447/650] Building CXX object src/cli/CMakeFiles/keepassxc-cli.dir/keepassxc-cli.cpp.o
atspi-check	Configure + build	2026-09-05T15:07:59.5310605Z [448/650] Automatic MOC and UIC for target testcryptohash
atspi-check	Configure + build	2026-09-05T15:07:59.6680715Z [449/650] Automatic MOC and UIC for target testsymmetriccipher
atspi-check	Configure + build	2026-09-05T15:07:59.6710581Z [450/650] Automatic MOC and UIC for target testhashedblockstream
atspi-check	Configure + build	2026-09-05T15:07:59.7420969Z [451/650] Automatic MOC and UIC for target testkeepass2randomstream
atspi-check	Configure + build	2026-09-05T15:07:59.8470599Z [452/650] Automatic MOC and UIC for target testhmacblockstream
atspi-check	Configure + build	2026-09-05T15:07:59.9020585Z [453/650] Automatic MOC and UIC for target testmodified
atspi-check	Configure + build	2026-09-05T15:07:59.9368955Z [454/650] Automatic MOC and UIC for target testdeletedobjects
atspi-check	Configure + build	2026-09-05T15:08:00.0731543Z [455/650] Automatic MOC and UIC for target testimports
atspi-check	Configure + build	2026-09-05T15:08:00.1160665Z [456/650] Automatic MOC and UIC for target testkeepass1reader
atspi-check	Configure + build	2026-09-05T15:08:00.2121270Z [457/650] Automatic MOC and UIC for target testautotype
atspi-check	Configure + build	2026-09-05T15:08:00.3840631Z [458/650] Automatic MOC and UIC for target testentry
atspi-check	Configure + build	2026-09-05T15:08:00.4480784Z [459/650] Automatic MOC and UIC for target testmerge
atspi-check	Configure + build	2026-09-05T15:08:00.5051585Z [460/650] Automatic MOC and UIC for target testpassphrasegenerator
atspi-check	Configure + build	2026-09-05T15:08:00.5055941Z [461/650] Automatic MOC and UIC for target testpasswordgenerator
atspi-check	Configure + build	2026-09-05T15:08:00.5421028Z [462/650] Automatic MOC and UIC for target testpasswordhealth
atspi-check	Configure + build	2026-09-05T15:08:00.6610708Z [463/650] Automatic MOC and UIC for target testhibp
atspi-check	Configure + build	2026-09-05T15:08:00.8521135Z [464/650] Automatic MOC and UIC for target testtotp
atspi-check	Configure + build	2026-09-05T15:08:00.8740978Z [465/650] Automatic MOC and UIC for target testcsvparser
atspi-check	Configure + build	2026-09-05T15:08:00.9234797Z [466/650] Automatic MOC and UIC for target testbase32
atspi-check	Configure + build	2026-09-05T15:08:00.9298044Z [467/650] Automatic MOC and UIC for target testrandomgenerator
atspi-check	Configure + build	2026-09-05T15:08:01.0786394Z [468/650] Automatic MOC and UIC for target testentrysearcher
atspi-check	Configure + build	2026-09-05T15:08:01.1320611Z [469/650] Automatic MOC and UIC for target testcsvexporter
atspi-check	Configure + build	2026-09-05T15:08:01.2382651Z [470/650] Automatic MOC and UIC for target testdatabase
atspi-check	Configure + build	2026-09-05T15:08:01.2600960Z [471/650] Automatic MOC and UIC for target testykchallengeresponsekey
atspi-check	Configure + build	2026-09-05T15:08:01.3270832Z [472/650] Automatic MOC and UIC for target testsharing
atspi-check	Configure + build	2026-09-05T15:08:01.4289274Z [473/650] Automatic MOC and UIC for target testtools
atspi-check	Configure + build	2026-09-05T15:08:01.4810637Z [474/650] Automatic MOC and UIC for target testconfig
atspi-check	Configure + build	2026-09-05T15:08:01.5810922Z [475/650] Automatic MOC and UIC for target testcli
atspi-check	Configure + build	2026-09-05T15:08:01.5961230Z [476/650] Building CXX object src/proxy/CMakeFiles/keepassxc-proxy.dir/NativeMessagingProxy.cpp.o
atspi-check	Configure + build	2026-09-05T15:08:01.6163346Z [477/650] Automatic MOC and UIC for target testopensshkey
atspi-check	Configure + build	2026-09-05T15:08:01.6900631Z [478/650] Automatic MOC and UIC for target testsshagent
atspi-check	Configure + build	2026-09-05T15:08:01.8130699Z [479/650] Automatic MOC and UIC for target testfdosecrets
atspi-check	Configure + build	2026-09-05T15:08:02.0442166Z [480/650] Automatic MOC and UIC for target testpasskeys
atspi-check	Configure + build	2026-09-05T15:08:02.0520906Z [481/650] Automatic MOC and UIC for target testbrowser
atspi-check	Configure + build	2026-09-05T15:08:02.1240631Z [482/650] Automatic MOC and UIC for target testurltools
atspi-check	Configure + build	2026-09-05T15:08:02.1600969Z [483/650] Building CXX object src/CMakeFiles/keepassxc.dir/keepassxc_autogen/mocs_compilation.cpp.o
atspi-check	Configure + build	2026-09-05T15:08:02.2120732Z [484/650] Automatic MOC and UIC for target testguipixmaps
atspi-check	Configure + build	2026-09-05T15:08:02.4281314Z [485/650] Automatic MOC and UIC for target testgui
atspi-check	Configure + build	2026-09-05T15:08:02.6480669Z [486/650] Automatic MOC and UIC for target testguibrowser
atspi-check	Configure + build	2026-09-05T15:08:03.5710609Z [487/650] Automatic MOC and UIC for target testguifdosecrets
atspi-check	Configure + build	2026-09-05T15:08:04.3160864Z [488/650] Automatic MOC and UIC for target testguiattachments
atspi-check	Configure + build	2026-09-05T15:08:06.9211390Z [489/650] Building CXX object tests/CMakeFiles/testgroup.dir/testgroup_autogen/mocs_compilation.cpp.o
atspi-check	Configure + build	2026-09-05T15:08:07.0051114Z [490/650] Building CXX object tests/CMakeFiles/testkdbx2.dir/testkdbx2_autogen/mocs_compilation.cpp.o
atspi-check	Configure + build	2026-09-05T15:08:07.6701906Z [491/650] Building CXX object tests/CMakeFiles/testkdbx3.dir/testkdbx3_autogen/mocs_compilation.cpp.o
atspi-check	Configure + build	2026-09-05T15:08:09.9797940Z [492/650] Building CXX object src/CMakeFiles/keepassxc.dir/main.cpp.o
atspi-check	Configure + build	2026-09-05T15:08:10.9872750Z [493/650] Building CXX object tests/CMakeFiles/testkdbx3.dir/mock/MockChallengeResponseKey.cpp.o
atspi-check	Configure + build	2026-09-05T15:08:12.1394799Z [494/650] Building CXX object tests/CMakeFiles/testgroup.dir/TestGroup.cpp.o
atspi-check	Configure + build	2026-09-05T15:08:12.3865602Z [495/650] Building CXX object tests/CMakeFiles/testkdbx3.dir/FailDevice.cpp.o
atspi-check	Configure + build	2026-09-05T15:08:13.8161064Z [496/650] Building CXX object tests/CMakeFiles/testkdbx2.dir/TestKdbx2.cpp.o
atspi-check	Configure + build	2026-09-05T15:08:15.5520812Z [497/650] Building CXX object tests/CMakeFiles/testkdbx4.dir/FailDevice.cpp.o
atspi-check	Configure + build	2026-09-05T15:08:16.9376839Z [498/650] Building CXX object tests/CMakeFiles/testkdbx4.dir/testkdbx4_autogen/mocs_compilation.cpp.o
atspi-check	Configure + build	2026-09-05T15:08:17.3161331Z [499/650] Building CXX object tests/CMakeFiles/testkdbx4.dir/mock/MockChallengeResponseKey.cpp.o
atspi-check	Configure + build	2026-09-05T15:08:18.1191279Z [500/650] Building CXX object tests/CMakeFiles/testkdbx3.dir/TestKdbx3.cpp.o
atspi-check	Configure + build	2026-09-05T15:08:18.5340755Z [501/650] Building CXX object tests/CMakeFiles/testkdbx3.dir/TestKeePass2Format.cpp.o
atspi-check	Configure + build	2026-09-05T15:08:20.8500956Z [502/650] Building CXX object tests/CMakeFiles/testkeys.dir/testkeys_autogen/mocs_compilation.cpp.o
atspi-check	Configure + build	2026-09-05T15:08:22.5101109Z [503/650] Building CXX object tests/CMakeFiles/testgroupmodel.dir/testgroupmodel_autogen/mocs_compilation.cpp.o
atspi-check	Configure + build	2026-09-05T15:08:23.0180647Z [504/650] Building CXX object tests/CMakeFiles/testkeys.dir/mock/MockChallengeResponseKey.cpp.o
atspi-check	Configure + build	2026-09-05T15:08:24.6326741Z [505/650] Building CXX object tests/CMakeFiles/testkdbx4.dir/TestKeePass2Format.cpp.o
atspi-check	Configure + build	2026-09-05T15:08:25.2268731Z [506/650] Building CXX object tests/CMakeFiles/testkdbx4.dir/TestKdbx4.cpp.o
atspi-check	Configure + build	2026-09-05T15:08:25.4810734Z [507/650] Building CXX object tests/CMakeFiles/testkeys.dir/TestKeys.cpp.o
atspi-check	Configure + build	2026-09-05T15:08:25.7131013Z [508/650] Building CXX object tests/CMakeFiles/testentrymodel.dir/testentrymodel_autogen/mocs_compilation.cpp.o
atspi-check	Configure + build	2026-09-05T15:08:28.7430946Z [509/650] Building CXX object tests/CMakeFiles/testgroupmodel.dir/TestGroupModel.cpp.o
atspi-check	Configure + build	2026-09-05T15:08:29.0942548Z [510/650] Building CXX object tests/CMakeFiles/testsymmetriccipher.dir/testsymmetriccipher_autogen/mocs_compilation.cpp.o
atspi-check	Configure + build	2026-09-05T15:08:29.5288066Z [511/650] Building CXX object tests/CMakeFiles/testcryptohash.dir/testcryptohash_autogen/mocs_compilation.cpp.o
atspi-check	Configure + build	2026-09-05T15:08:31.5183718Z [512/650] Building CXX object tests/CMakeFiles/testcryptohash.dir/TestCryptoHash.cpp.o
atspi-check	Configure + build	2026-09-05T15:08:31.5581226Z [513/650] Building CXX object tests/CMakeFiles/testhashedblockstream.dir/testhashedblockstream_autogen/mocs_compilation.cpp.o
atspi-check	Configure + build	2026-09-05T15:08:33.4350744Z [514/650] Building CXX object tests/CMakeFiles/testentrymodel.dir/TestEntryModel.cpp.o
atspi-check	Configure + build	2026-09-05T15:08:33.6470866Z [515/650] Building CXX object tests/CMakeFiles/testsymmetriccipher.dir/TestSymmetricCipher.cpp.o
atspi-check	Configure + build	2026-09-05T15:08:34.0414316Z [516/650] Building CXX object tests/CMakeFiles/testhmacblockstream.dir/testhmacblockstream_autogen/mocs_compilation.cpp.o
atspi-check	Configure + build	2026-09-05T15:08:35.7201335Z [517/650] Building CXX object tests/CMakeFiles/testkeepass2randomstream.dir/testkeepass2randomstream_autogen/mocs_compilation.cpp.o
atspi-check	Configure + build	2026-09-05T15:08:37.4013734Z [518/650] Building CXX object tests/CMakeFiles/testmodified.dir/testmodified_autogen/mocs_compilation.cpp.o
atspi-check	Configure + build	2026-09-05T15:08:38.1060199Z [519/650] Building CXX object tests/CMakeFiles/testhmacblockstream.dir/TestHmacBlockStream.cpp.o
atspi-check	Configure + build	2026-09-05T15:08:38.1460997Z [520/650] Building CXX object tests/CMakeFiles/testhashedblockstream.dir/TestHashedBlockStream.cpp.o
atspi-check	Configure + build	2026-09-05T15:08:39.1572814Z [521/650] Building CXX object tests/CMakeFiles/testdeletedobjects.dir/testdeletedobjects_autogen/mocs_compilation.cpp.o
atspi-check	Configure + build	2026-09-05T15:08:39.9822042Z [522/650] Building CXX object tests/CMakeFiles/testkeepass2randomstream.dir/TestKeePass2RandomStream.cpp.o
atspi-check	Configure + build	2026-09-05T15:08:43.1000934Z [523/650] Building CXX object tests/CMakeFiles/testimports.dir/testimports_autogen/mocs_compilation.cpp.o
atspi-check	Configure + build	2026-09-05T15:08:43.4683707Z [524/650] Building CXX object tests/CMakeFiles/testkeepass1reader.dir/testkeepass1reader_autogen/mocs_compilation.cpp.o
atspi-check	Configure + build	2026-09-05T15:08:44.7025425Z [525/650] Building CXX object tests/CMakeFiles/testdeletedobjects.dir/TestDeletedObjects.cpp.o
atspi-check	Configure + build	2026-09-05T15:08:45.2201430Z [526/650] Building CXX object tests/CMakeFiles/testmodified.dir/TestModified.cpp.o
atspi-check	Configure + build	2026-09-05T15:08:46.5461180Z [527/650] Building CXX object tests/CMakeFiles/testkeepass1reader.dir/TestKeePass1Reader.cpp.o
atspi-check	Configure + build	2026-09-05T15:08:46.9406458Z [528/650] Building CXX object tests/CMakeFiles/testautotype.dir/testautotype_autogen/mocs_compilation.cpp.o
atspi-check	Configure + build	2026-09-05T15:08:47.7341163Z [529/650] Building CXX object tests/CMakeFiles/testentry.dir/testentry_autogen/mocs_compilation.cpp.o
atspi-check	Configure + build	2026-09-05T15:08:49.5900860Z [530/650] Building CXX object tests/CMakeFiles/testimports.dir/TestImports.cpp.o
atspi-check	Configure + build	2026-09-05T15:08:50.8302298Z [531/650] Building CXX object tests/CMakeFiles/testpasswordgenerator.dir/testpasswordgenerator_autogen/mocs_compilation.cpp.o
atspi-check	Configure + build	2026-09-05T15:08:50.8731139Z [532/650] Building CXX object tests/CMakeFiles/testmerge.dir/testmerge_autogen/mocs_compilation.cpp.o
atspi-check	Configure + build	2026-09-05T15:08:52.0730984Z [533/650] Building CXX object tests/CMakeFiles/testautotype.dir/TestAutoType.cpp.o
atspi-check	Configure + build	2026-09-05T15:08:54.8751328Z [534/650] Building CXX object tests/CMakeFiles/testpasswordhealth.dir/testpasswordhealth_autogen/mocs_compilation.cpp.o
atspi-check	Configure + build	2026-09-05T15:08:55.0581359Z [535/650] Building CXX object tests/CMakeFiles/testpassphrasegenerator.dir/testpassphrasegenerator_autogen/mocs_compilation.cpp.o
atspi-check	Configure + build	2026-09-05T15:08:55.2705056Z [536/650] Building CXX object tests/CMakeFiles/testentry.dir/TestEntry.cpp.o
atspi-check	Configure + build	2026-09-05T15:08:58.3449027Z [537/650] Building CXX object tests/CMakeFiles/testpasswordgenerator.dir/TestPasswordGenerator.cpp.o
atspi-check	Configure + build	2026-09-05T15:08:58.5970865Z [538/650] Building CXX object tests/CMakeFiles/testmerge.dir/TestMerge.cpp.o
atspi-check	Configure + build	2026-09-05T15:08:58.6792161Z [539/650] Building CXX object tests/CMakeFiles/testpasswordhealth.dir/TestPasswordHealth.cpp.o
atspi-check	Configure + build	2026-09-05T15:08:58.8570907Z [540/650] Building CXX object tests/CMakeFiles/testhibp.dir/testhibp_autogen/mocs_compilation.cpp.o
atspi-check	Configure + build	2026-09-05T15:09:01.3020846Z [541/650] Building CXX object tests/CMakeFiles/testhibp.dir/TestHibp.cpp.o
atspi-check	Configure + build	2026-09-05T15:09:02.1511008Z [542/650] Building CXX object tests/CMakeFiles/testtotp.dir/testtotp_autogen/mocs_compilation.cpp.o
atspi-check	Configure + build	2026-09-05T15:09:02.3750956Z [543/650] Building CXX object tests/CMakeFiles/testbase32.dir/testbase32_autogen/mocs_compilation.cpp.o
atspi-check	Configure + build	2026-09-05T15:09:02.6341773Z [544/650] Building CXX object tests/CMakeFiles/testpassphrasegenerator.dir/TestPassphraseGenerator.cpp.o
atspi-check	Configure + build	2026-09-05T15:09:05.3271174Z [545/650] Building CXX object tests/CMakeFiles/testcsvparser.dir/testcsvparser_autogen/mocs_compilation.cpp.o
atspi-check	Configure + build	2026-09-05T15:09:06.3402914Z [546/650] Building CXX object tests/CMakeFiles/testtotp.dir/TestTotp.cpp.o
atspi-check	Configure + build	2026-09-05T15:09:07.2621775Z [547/650] Building CXX object tests/CMakeFiles/testrandomgenerator.dir/testrandomgenerator_autogen/mocs_compilation.cpp.o
atspi-check	Configure + build	2026-09-05T15:09:08.2701269Z [548/650] Building CXX object tests/CMakeFiles/testbase32.dir/TestBase32.cpp.o
atspi-check	Configure + build	2026-09-05T15:09:09.0472019Z [549/650] Building CXX object tests/CMakeFiles/testentrysearcher.dir/testentrysearcher_autogen/mocs_compilation.cpp.o
atspi-check	Configure + build	2026-09-05T15:09:10.5370958Z [550/650] Building CXX object tests/CMakeFiles/testcsvexporter.dir/testcsvexporter_autogen/mocs_compilation.cpp.o
atspi-check	Configure + build	2026-09-05T15:09:10.7621153Z [551/650] Building CXX object tests/CMakeFiles/testrandomgenerator.dir/TestRandomGenerator.cpp.o
atspi-check	Configure + build	2026-09-05T15:09:11.8156340Z [552/650] Building CXX object tests/CMakeFiles/testykchallengeresponsekey.dir/testykchallengeresponsekey_autogen/mocs_compilation.cpp.o
atspi-check	Configure + build	2026-09-05T15:09:12.2100332Z [553/650] Building CXX object tests/CMakeFiles/testcsvparser.dir/TestCsvParser.cpp.o
atspi-check	Configure + build	2026-09-05T15:09:14.3710979Z [554/650] Building CXX object tests/CMakeFiles/testentrysearcher.dir/TestEntrySearcher.cpp.o
atspi-check	Configure + build	2026-09-05T15:09:15.1575176Z [555/650] Building CXX object tests/CMakeFiles/testdatabase.dir/testdatabase_autogen/mocs_compilation.cpp.o
atspi-check	Configure + build	2026-09-05T15:09:15.1630588Z [556/650] Building CXX object tests/CMakeFiles/testsharing.dir/testsharing_autogen/mocs_compilation.cpp.o
atspi-check	Configure + build	2026-09-05T15:09:17.3940857Z [557/650] Building CXX object tests/CMakeFiles/testcsvexporter.dir/TestCsvExporter.cpp.o
atspi-check	Configure + build	2026-09-05T15:09:17.9862306Z [558/650] Building CXX object tests/CMakeFiles/testtools.dir/testtools_autogen/mocs_compilation.cpp.o
atspi-check	Configure + build	2026-09-05T15:09:19.3380992Z [559/650] Building CXX object tests/CMakeFiles/testykchallengeresponsekey.dir/TestYkChallengeResponseKey.cpp.o
atspi-check	Configure + build	2026-09-05T15:09:20.2230907Z [560/650] Building CXX object tests/CMakeFiles/testsharing.dir/TestSharing.cpp.o
atspi-check	Configure + build	2026-09-05T15:09:22.3180746Z [561/650] Building CXX object tests/CMakeFiles/testconfig.dir/testconfig_autogen/mocs_compilation.cpp.o
atspi-check	Configure + build	2026-09-05T15:09:23.0437185Z [562/650] Building CXX object tests/CMakeFiles/testtools.dir/TestTools.cpp.o
atspi-check	Configure + build	2026-09-05T15:09:23.8177513Z [563/650] Building CXX object tests/CMakeFiles/testcli.dir/testcli_autogen/mocs_compilation.cpp.o
atspi-check	Configure + build	2026-09-05T15:09:25.2807037Z [564/650] Building CXX object tests/CMakeFiles/testdatabase.dir/TestDatabase.cpp.o
atspi-check	Configure + build	2026-09-05T15:09:25.4592925Z [565/650] Building CXX object tests/CMakeFiles/testconfig.dir/TestConfig.cpp.o
atspi-check	Configure + build	2026-09-05T15:09:26.7681021Z [566/650] Building CXX object tests/CMakeFiles/testopensshkey.dir/testopensshkey_autogen/mocs_compilation.cpp.o
atspi-check	Configure + build	2026-09-05T15:09:28.4721004Z [567/650] Building CXX object tests/CMakeFiles/testsshagent.dir/testsshagent_autogen/mocs_compilation.cpp.o
atspi-check	Configure + build	2026-09-05T15:09:29.7352889Z [568/650] Building CXX object tests/CMakeFiles/testopensshkey.dir/TestOpenSSHKey.cpp.o
atspi-check	Configure + build	2026-09-05T15:09:30.7251733Z [569/650] Building CXX object tests/CMakeFiles/testfdosecrets.dir/testfdosecrets_autogen/mocs_compilation.cpp.o
atspi-check	Configure + build	2026-09-05T15:09:33.0930861Z [570/650] Building CXX object tests/CMakeFiles/testsshagent.dir/TestSSHAgent.cpp.o
atspi-check	Configure + build	2026-09-05T15:09:33.9611087Z [571/650] Building CXX object tests/CMakeFiles/testcli.dir/TestCli.cpp.o
atspi-check	Configure + build	2026-09-05T15:09:34.6668486Z [572/650] Building CXX object tests/CMakeFiles/testbrowser.dir/testbrowser_autogen/mocs_compilation.cpp.o
atspi-check	Configure + build	2026-09-05T15:09:34.9481383Z [573/650] Building CXX object tests/CMakeFiles/testpasskeys.dir/testpasskeys_autogen/mocs_compilation.cpp.o
atspi-check	Configure + build	2026-09-05T15:09:37.3510998Z [574/650] Building CXX object tests/CMakeFiles/testfdosecrets.dir/TestFdoSecrets.cpp.o
atspi-check	Configure + build	2026-09-05T15:09:39.2911045Z [575/650] Building CXX object tests/CMakeFiles/testurltools.dir/testurltools_autogen/mocs_compilation.cpp.o
atspi-check	Configure + build	2026-09-05T15:09:40.2600880Z [576/650] Building CXX object tests/gui/CMakeFiles/testgui.dir/testgui_autogen/mocs_compilation.cpp.o
atspi-check	Configure + build	2026-09-05T15:09:40.6531663Z [577/650] Building CXX object tests/CMakeFiles/testbrowser.dir/TestBrowser.cpp.o
atspi-check	Configure + build	2026-09-05T15:09:43.3101038Z [578/650] Building CXX object tests/CMakeFiles/testpasskeys.dir/TestPasskeys.cpp.o
atspi-check	Configure + build	2026-09-05T15:09:44.0361442Z [579/650] Building CXX object tests/gui/CMakeFiles/testgui.dir/__/util/TemporaryFile.cpp.o
atspi-check	Configure + build	2026-09-05T15:09:44.3351042Z [580/650] Building CXX object tests/CMakeFiles/testurltools.dir/TestUrlTools.cpp.o
atspi-check	Configure + build	2026-09-05T15:09:44.5150948Z [581/650] Building CXX object tests/gui/CMakeFiles/testgui.dir/__/mock/MockRemoteProcess.cpp.o
atspi-check	Configure + build	2026-09-05T15:09:44.7001298Z [582/650] Building CXX object tests/gui/CMakeFiles/testguipixmaps.dir/testguipixmaps_autogen/mocs_compilation.cpp.o
atspi-check	Configure + build	2026-09-05T15:09:50.2571686Z [583/650] Building CXX object tests/gui/CMakeFiles/testguiattachments.dir/attachments/TestAttachmentWidget.cpp.o
atspi-check	Configure + build	2026-09-05T15:09:50.6891367Z [584/650] Building CXX object tests/gui/CMakeFiles/testguiattachments.dir/testguiattachments_autogen/mocs_compilation.cpp.o
atspi-check	Configure + build	2026-09-05T15:09:50.7290962Z [585/650] Building CXX object tests/gui/CMakeFiles/testguipixmaps.dir/TestGuiPixmaps.cpp.o
atspi-check	Configure + build	2026-09-05T15:09:53.0811307Z [586/650] Building CXX object tests/gui/CMakeFiles/testguiattachments.dir/attachments/TestEditEntryAttachmentsDialog.cpp.o
atspi-check	Configure + build	2026-09-05T15:09:54.0971017Z [587/650] Building CXX object tests/gui/CMakeFiles/testgui.dir/TestGui.cpp.o
atspi-check	Configure + build	2026-09-05T15:09:54.7615525Z [588/650] Building CXX object tests/gui/CMakeFiles/testguiattachments.dir/attachments/TestAttachmentsGui.cpp.o
atspi-check	Configure + build	2026-09-05T15:09:57.8119700Z [589/650] Building CXX object tests/gui/CMakeFiles/testguiattachments.dir/attachments/TestImageAttachmentsView.cpp.o
atspi-check	Configure + build	2026-09-05T15:09:58.1541876Z [590/650] Building CXX object tests/gui/CMakeFiles/testguiattachments.dir/attachments/TestPreviewEntryAttachmentsDialog.cpp.o
atspi-check	Configure + build	2026-09-05T15:09:58.6147682Z [591/650] Building CXX object tests/gui/CMakeFiles/testguiattachments.dir/attachments/TestTextAttachmentsEditWidget.cpp.o
atspi-check	Configure + build	2026-09-05T15:10:00.3870977Z [592/650] Building CXX object tests/gui/CMakeFiles/testguiattachments.dir/attachments/TestImageAttachmentsWidget.cpp.o
atspi-check	Configure + build	2026-09-05T15:10:01.8581283Z [593/650] Building CXX object tests/gui/CMakeFiles/testguiattachments.dir/attachments/TestTextAttachmentsPreviewWidget.cpp.o
atspi-check	Configure + build	2026-09-05T15:10:03.4290922Z [594/650] Building CXX object tests/gui/CMakeFiles/testguibrowser.dir/__/util/TemporaryFile.cpp.o
atspi-check	Configure + build	2026-09-05T15:10:03.4470980Z [595/650] Building CXX object tests/gui/CMakeFiles/testguiattachments.dir/attachments/TestTextAttachmentsWidget.cpp.o
atspi-check	Configure + build	2026-09-05T15:10:04.1202941Z [596/650] Building CXX object tests/gui/CMakeFiles/testguibrowser.dir/testguibrowser_autogen/mocs_compilation.cpp.o
atspi-check	Configure + build	2026-09-05T15:10:07.6911008Z [597/650] Building CXX object tests/gui/CMakeFiles/testguibrowser.dir/TestGuiBrowser.cpp.o
atspi-check	Configure + build	2026-09-05T15:10:08.4600876Z [598/650] Linking CXX executable src/proxy/keepassxc-proxy
atspi-check	Configure + build	2026-09-05T15:10:09.7012964Z [599/650] Linking CXX executable src/keepassxc
atspi-check	Configure + build	2026-09-05T15:10:09.7840742Z [600/650] Linking CXX executable src/cli/keepassxc-cli
atspi-check	Configure + build	2026-09-05T15:10:09.9670783Z [601/650] Building CXX object tests/gui/CMakeFiles/testguifdosecrets.dir/__/util/TemporaryFile.cpp.o
atspi-check	Configure + build	2026-09-05T15:10:11.4860561Z [602/650] Linking CXX executable tests/testkdbx3
atspi-check	Configure + build	2026-09-05T15:10:12.4775735Z [603/650] Linking CXX executable tests/testgroup
atspi-check	Configure + build	2026-09-05T15:10:12.5170636Z [604/650] Linking CXX executable tests/testkdbx2
atspi-check	Configure + build	2026-09-05T15:10:13.1850225Z [605/650] Linking CXX executable tests/testkdbx4
atspi-check	Configure + build	2026-09-05T15:10:13.9000702Z [606/650] Linking CXX executable tests/testkeys
atspi-check	Configure + build	2026-09-05T15:10:14.2131191Z [607/650] Building CXX object tests/gui/CMakeFiles/testguifdosecrets.dir/__/util/FdoSecretsProxy.cpp.o
atspi-check	Configure + build	2026-09-05T15:10:15.3590575Z [608/650] Linking CXX executable tests/testcryptohash
atspi-check	Configure + build	2026-09-05T15:10:17.0381680Z [609/650] Linking CXX executable tests/testsymmetriccipher
atspi-check	Configure + build	2026-09-05T15:10:17.0521153Z [610/650] Building CXX object tests/gui/CMakeFiles/testguifdosecrets.dir/testguifdosecrets_autogen/mocs_compilation.cpp.o
atspi-check	Configure + build	2026-09-05T15:10:17.1870651Z [611/650] Linking CXX executable tests/testgroupmodel
atspi-check	Configure + build	2026-09-05T15:10:17.8120960Z [612/650] Linking CXX executable tests/testhashedblockstream
atspi-check	Configure + build	2026-09-05T15:10:17.9781223Z [613/650] Building CXX object tests/gui/CMakeFiles/testguifdosecrets.dir/TestGuiFdoSecrets.cpp.o
atspi-check	Configure + build	2026-09-05T15:10:18.5445184Z [614/650] Linking CXX executable tests/testkeepass2randomstream
atspi-check	Configure + build	2026-09-05T15:10:18.9852846Z [615/650] Linking CXX executable tests/testhmacblockstream
atspi-check	Configure + build	2026-09-05T15:10:19.1460918Z [616/650] Linking CXX executable tests/testmodified
atspi-check	Configure + build	2026-09-05T15:10:19.5170809Z [617/650] Linking CXX executable tests/testdeletedobjects
atspi-check	Configure + build	2026-09-05T15:10:20.4640930Z [618/650] Linking CXX executable tests/testkeepass1reader
atspi-check	Configure + build	2026-09-05T15:10:20.8680840Z [619/650] Linking CXX executable tests/testentry
atspi-check	Configure + build	2026-09-05T15:10:21.5620749Z [620/650] Linking CXX executable tests/testimports
atspi-check	Configure + build	2026-09-05T15:10:21.6550554Z [621/650] Linking CXX executable tests/testmerge
atspi-check	Configure + build	2026-09-05T15:10:22.2384405Z [622/650] Linking CXX executable tests/testentrymodel
atspi-check	Configure + build	2026-09-05T15:10:22.3470581Z [623/650] Linking CXX executable tests/testpasswordgenerator
atspi-check	Configure + build	2026-09-05T15:10:22.6170695Z [624/650] Linking CXX executable tests/testpasswordhealth
atspi-check	Configure + build	2026-09-05T15:10:23.3631570Z [625/650] Linking CXX executable tests/testhibp
atspi-check	Configure + build	2026-09-05T15:10:23.4890622Z [626/650] Linking CXX executable tests/testbase32
atspi-check	Configure + build	2026-09-05T15:10:24.0012176Z [627/650] Linking CXX executable tests/testpassphrasegenerator
atspi-check	Configure + build	2026-09-05T15:10:24.1836876Z [628/650] Linking CXX executable tests/testtotp
atspi-check	Configure + build	2026-09-05T15:10:24.2951332Z [629/650] Linking CXX executable tests/testcsvparser
atspi-check	Configure + build	2026-09-05T15:10:25.0131179Z [630/650] Linking CXX executable tests/testrandomgenerator
atspi-check	Configure + build	2026-09-05T15:10:25.3820677Z [631/650] Linking CXX executable tests/testsharing
atspi-check	Configure + build	2026-09-05T15:10:25.8930840Z [632/650] Linking CXX executable tests/testykchallengeresponsekey
atspi-check	Configure + build	2026-09-05T15:10:25.9930820Z [633/650] Linking CXX executable tests/testentrysearcher
atspi-check	Configure + build	2026-09-05T15:10:26.4143756Z [634/650] Linking CXX executable tests/testtools
atspi-check	Configure + build	2026-09-05T15:10:26.7120893Z [635/650] Linking CXX executable tests/testcsvexporter
atspi-check	Configure + build	2026-09-05T15:10:26.8785884Z [636/650] Linking CXX executable tests/testautotype
atspi-check	Configure + build	2026-09-05T15:10:27.2539746Z [637/650] Linking CXX executable tests/testdatabase
atspi-check	Configure + build	2026-09-05T15:10:27.8421070Z [638/650] Linking CXX executable tests/testconfig
atspi-check	Configure + build	2026-09-05T15:10:29.3002762Z [639/650] Linking CXX executable tests/testcli
atspi-check	Configure + build	2026-09-05T15:10:30.3110387Z [640/650] Linking CXX executable tests/testurltools
atspi-check	Configure + build	2026-09-05T15:10:33.4518050Z [641/650] Linking CXX executable tests/testsshagent
atspi-check	Configure + build	2026-09-05T15:10:33.8931299Z [642/650] Linking CXX executable tests/testfdosecrets
atspi-check	Configure + build	2026-09-05T15:10:34.1840768Z [643/650] Linking CXX executable tests/testpasskeys
atspi-check	Configure + build	2026-09-05T15:10:35.5040979Z [644/650] Linking CXX executable tests/testopensshkey
atspi-check	Configure + build	2026-09-05T15:10:35.9160671Z [645/650] Linking CXX executable tests/testbrowser
atspi-check	Configure + build	2026-09-05T15:10:37.2890630Z [646/650] Linking CXX executable tests/gui/testgui
atspi-check	Configure + build	2026-09-05T15:10:38.5684897Z [647/650] Linking CXX executable tests/gui/testguipixmaps
atspi-check	Configure + build	2026-09-05T15:10:39.3499284Z [648/650] Linking CXX executable tests/gui/testguiattachments
atspi-check	Configure + build	2026-09-05T15:10:39.9101762Z [649/650] Linking CXX executable tests/gui/testguibrowser
atspi-check	Configure + build	2026-09-05T15:10:40.0301881Z [650/650] Linking CXX executable tests/gui/testguifdosecrets
atspi-check	Run accessibility tree check	﻿2026-09-05T15:10:40.0416177Z ##[group]Run Xvfb :99 -screen 0 1280x1024x24 -nolisten tcp &
atspi-check	Run accessibility tree check	2026-09-05T15:10:40.0416776Z ^[[36;1mXvfb :99 -screen 0 1280x1024x24 -nolisten tcp &^[[0m
atspi-check	Run accessibility tree check	2026-09-05T15:10:40.0417110Z ^[[36;1msleep 1^[[0m
atspi-check	Run accessibility tree check	2026-09-05T15:10:40.0417338Z ^[[36;1mexport DISPLAY=:99^[[0m
atspi-check	Run accessibility tree check	2026-09-05T15:10:40.0417593Z ^[[36;1m^[[0m
atspi-check	Run accessibility tree check	2026-09-05T15:10:40.0417923Z ^[[36;1m# Run the complete accessibility session as a temporary script^[[0m
atspi-check	Run accessibility tree check	2026-09-05T15:10:40.0418431Z ^[[36;1m# under dbus-run-session. This avoids relying on shell quoting or^[[0m
atspi-check	Run accessibility tree check	2026-09-05T15:10:40.0418971Z ^[[36;1m# GitHub Actions' command wrapper to preserve the D-Bus environment.^[[0m
atspi-check	Run accessibility tree check	2026-09-05T15:10:40.0419753Z ^[[36;1mcat > /tmp/run-atspi-check.sh <<'ATSPISCRIPT'^[[0m
atspi-check	Run accessibility tree check	2026-09-05T15:10:40.0420100Z ^[[36;1m#!/usr/bin/env bash^[[0m
atspi-check	Run accessibility tree check	2026-09-05T15:10:40.0420343Z ^[[36;1mset -e^[[0m
atspi-check	Run accessibility tree check	2026-09-05T15:10:40.0420544Z ^[[36;1m^[[0m
atspi-check	Run accessibility tree check	2026-09-05T15:10:40.0420744Z ^[[36;1mfluxbox >/dev/null 2>&1 &^[[0m
atspi-check	Run accessibility tree check	2026-09-05T15:10:40.0421011Z ^[[36;1msleep 1^[[0m
atspi-check	Run accessibility tree check	2026-09-05T15:10:40.0421214Z ^[[36;1m^[[0m
atspi-check	Run accessibility tree check	2026-09-05T15:10:40.0421566Z ^[[36;1m# Dogtail checks GNOME's toolkit-accessibility setting before^[[0m
atspi-check	Run accessibility tree check	2026-09-05T15:10:40.0422048Z ^[[36;1m# connecting to AT-SPI. CI uses Fluxbox rather than GNOME, so^[[0m
atspi-check	Run accessibility tree check	2026-09-05T15:10:40.0422542Z ^[[36;1m# explicitly enable the setting in this temporary D-Bus session.^[[0m
atspi-check	Run accessibility tree check	2026-09-05T15:10:40.0423065Z ^[[36;1mgsettings set org.gnome.desktop.interface toolkit-accessibility true^[[0m
atspi-check	Run accessibility tree check	2026-09-05T15:10:40.0423469Z ^[[36;1m^[[0m
atspi-check	Run accessibility tree check	2026-09-05T15:10:40.0423697Z ^[[36;1mexport QT_LINUX_ACCESSIBILITY_ALWAYS_ON=1^[[0m
atspi-check	Run accessibility tree check	2026-09-05T15:10:40.0424033Z ^[[36;1mexport QT_ACCESSIBILITY=1^[[0m
atspi-check	Run accessibility tree check	2026-09-05T15:10:40.0424303Z ^[[36;1mexport QT_QPA_PLATFORM=xcb^[[0m
atspi-check	Run accessibility tree check	2026-09-05T15:10:40.0424632Z ^[[36;1mexport QT_LOGGING_RULES="qt.accessibility.*=true"^[[0m
atspi-check	Run accessibility tree check	2026-09-05T15:10:40.0424947Z ^[[36;1m^[[0m
atspi-check	Run accessibility tree check	2026-09-05T15:10:40.0425168Z ^[[36;1mecho "=== Accessibility environment ==="^[[0m
atspi-check	Run accessibility tree check	2026-09-05T15:10:40.0425596Z ^[[36;1mecho "QT_LINUX_ACCESSIBILITY_ALWAYS_ON=$QT_LINUX_ACCESSIBILITY_ALWAYS_ON"^[[0m
atspi-check	Run accessibility tree check	2026-09-05T15:10:40.0426047Z ^[[36;1mecho "QT_ACCESSIBILITY=$QT_ACCESSIBILITY"^[[0m
atspi-check	Run accessibility tree check	2026-09-05T15:10:40.0426381Z ^[[36;1mecho "QT_QPA_PLATFORM=$QT_QPA_PLATFORM"^[[0m
atspi-check	Run accessibility tree check	2026-09-05T15:10:40.0426720Z ^[[36;1mecho "QT_LOGGING_RULES=$QT_LOGGING_RULES"^[[0m
atspi-check	Run accessibility tree check	2026-09-05T15:10:40.0427244Z ^[[36;1mecho "toolkit-accessibility=$(gsettings get org.gnome.desktop.interface toolkit-accessibility)"^[[0m
atspi-check	Run accessibility tree check	2026-09-05T15:10:40.0427767Z ^[[36;1mecho "=== D-Bus environment ==="^[[0m
atspi-check	Run accessibility tree check	2026-09-05T15:10:40.0428120Z ^[[36;1mecho "DBUS_SESSION_BUS_ADDRESS=$DBUS_SESSION_BUS_ADDRESS"^[[0m
atspi-check	Run accessibility tree check	2026-09-05T15:10:40.0428534Z ^[[36;1mecho "DBUS_STARTER_BUS_TYPE=$DBUS_STARTER_BUS_TYPE"^[[0m
atspi-check	Run accessibility tree check	2026-09-05T15:10:40.0428929Z ^[[36;1mecho "DBUS_STARTER_ADDRESS=$DBUS_STARTER_ADDRESS"^[[0m
atspi-check	Run accessibility tree check	2026-09-05T15:10:40.0429265Z ^[[36;1menv | grep '^DBUS_' | sort || true^[[0m
atspi-check	Run accessibility tree check	2026-09-05T15:10:40.0429754Z ^[[36;1m^[[0m
atspi-check	Run accessibility tree check	2026-09-05T15:10:40.0430073Z ^[[36;1m# Ubuntu installs at-spi-bus-launcher outside the normal PATH on^[[0m
atspi-check	Run accessibility tree check	2026-09-05T15:10:40.0430556Z ^[[36;1m# some runner images. Prefer the standard libexec location and^[[0m
atspi-check	Run accessibility tree check	2026-09-05T15:10:40.0430981Z ^[[36;1m# fall back to PATH lookup for other distributions.^[[0m
atspi-check	Run accessibility tree check	2026-09-05T15:10:40.0431341Z ^[[36;1mecho "=== Starting AT-SPI bus launcher ==="^[[0m
atspi-check	Run accessibility tree check	2026-09-05T15:10:40.0431689Z ^[[36;1mif [ -x /usr/libexec/at-spi-bus-launcher ]; then^[[0m
atspi-check	Run accessibility tree check	2026-09-05T15:10:40.0432059Z ^[[36;1m  AT_SPI_LAUNCHER=/usr/libexec/at-spi-bus-launcher^[[0m
atspi-check	Run accessibility tree check	2026-09-05T15:10:40.0432459Z ^[[36;1melif [ -x /usr/lib/at-spi2-core/at-spi-bus-launcher ]; then^[[0m
atspi-check	Run accessibility tree check	2026-09-05T15:10:40.0432895Z ^[[36;1m  AT_SPI_LAUNCHER=/usr/lib/at-spi2-core/at-spi-bus-launcher^[[0m
atspi-check	Run accessibility tree check	2026-09-05T15:10:40.0433465Z ^[[36;1melse^[[0m
atspi-check	Run accessibility tree check	2026-09-05T15:10:40.0433736Z ^[[36;1m  AT_SPI_LAUNCHER="$(command -v at-spi-bus-launcher)"^[[0m
atspi-check	Run accessibility tree check	2026-09-05T15:10:40.0434058Z ^[[36;1mfi^[[0m
atspi-check	Run accessibility tree check	2026-09-05T15:10:40.0434292Z ^[[36;1mecho "AT_SPI_LAUNCHER=$AT_SPI_LAUNCHER"^[[0m
atspi-check	Run accessibility tree check	2026-09-05T15:10:40.0434735Z ^[[36;1m"$AT_SPI_LAUNCHER" --launch-immediately >/tmp/at-spi-bus-launcher.log 2>&1 &^[[0m
atspi-check	Run accessibility tree check	2026-09-05T15:10:40.0435173Z ^[[36;1mATSPI_LAUNCHER_PID=$!^[[0m
atspi-check	Run accessibility tree check	2026-09-05T15:10:40.0435420Z ^[[36;1msleep 2^[[0m
atspi-check	Run accessibility tree check	2026-09-05T15:10:40.0435845Z ^[[36;1mecho "AT-SPI launcher PID=$ATSPI_LAUNCHER_PID"^[[0m
atspi-check	Run accessibility tree check	2026-09-05T15:10:40.0436191Z ^[[36;1mcat /tmp/at-spi-bus-launcher.log || true^[[0m
atspi-check	Run accessibility tree check	2026-09-05T15:10:40.0436484Z ^[[36;1m^[[0m
atspi-check	Run accessibility tree check	2026-09-05T15:10:40.0436727Z ^[[36;1mecho "=== AT-SPI services after launcher ==="^[[0m
atspi-check	Run accessibility tree check	2026-09-05T15:10:40.0437103Z ^[[36;1mbusctl --user list | grep -E 'atspi|a11y' || true^[[0m
atspi-check	Run accessibility tree check	2026-09-05T15:10:40.0437451Z ^[[36;1mecho "=== AT-SPI bus address ==="^[[0m
atspi-check	Run accessibility tree check	2026-09-05T15:10:40.0438016Z ^[[36;1mAT_SPI_BUS_ADDRESS="$(busctl --user call org.a11y.Bus /org/a11y/bus org.a11y.Bus GetAddress | sed -n 's/^s "\(.*\)"$/\1/p')"^[[0m
atspi-check	Run accessibility tree check	2026-09-05T15:10:40.0438603Z ^[[36;1mif [ -z "$AT_SPI_BUS_ADDRESS" ]; then^[[0m
atspi-check	Run accessibility tree check	2026-09-05T15:10:40.0438984Z ^[[36;1m  echo "ERROR: org.a11y.Bus did not return an AT-SPI bus address"^[[0m
atspi-check	Run accessibility tree check	2026-09-05T15:10:40.0439349Z ^[[36;1m  exit 1^[[0m
atspi-check	Run accessibility tree check	2026-09-05T15:10:40.0439795Z ^[[36;1mfi^[[0m
atspi-check	Run accessibility tree check	2026-09-05T15:10:40.0440007Z ^[[36;1mexport AT_SPI_BUS_ADDRESS^[[0m
atspi-check	Run accessibility tree check	2026-09-05T15:10:40.0440317Z ^[[36;1mecho "AT_SPI_BUS_ADDRESS=$AT_SPI_BUS_ADDRESS"^[[0m
atspi-check	Run accessibility tree check	2026-09-05T15:10:40.0440626Z ^[[36;1m^[[0m
atspi-check	Run accessibility tree check	2026-09-05T15:10:40.0440823Z ^[[36;1mecho "=== Qt version ==="^[[0m
atspi-check	Run accessibility tree check	2026-09-05T15:10:40.0441087Z ^[[36;1mqmake6 -query QT_VERSION || true^[[0m
atspi-check	Run accessibility tree check	2026-09-05T15:10:40.0441393Z ^[[36;1mecho "=== Qt accessibility plugins ==="^[[0m
atspi-check	Run accessibility tree check	2026-09-05T15:10:40.0441966Z ^[[36;1mfind /usr/lib /usr/local/lib -type f \( -iname '*accessib*' -o -path '*/accessiblebridge/*' \) 2>/dev/null | sort || true^[[0m
atspi-check	Run accessibility tree check	2026-09-05T15:10:40.0442535Z ^[[36;1mecho "=== Qt plugin directories ==="^[[0m
atspi-check	Run accessibility tree check	2026-09-05T15:10:40.0442854Z ^[[36;1mqmake6 -query QT_INSTALL_PLUGINS || true^[[0m
atspi-check	Run accessibility tree check	2026-09-05T15:10:40.0443158Z ^[[36;1mecho "=== AT-SPI libraries ==="^[[0m
atspi-check	Run accessibility tree check	2026-09-05T15:10:40.0443508Z ^[[36;1mldconfig -p | grep -E 'libatspi|libatk-bridge' || true^[[0m
atspi-check	Run accessibility tree check	2026-09-05T15:10:40.0443839Z ^[[36;1m^[[0m
atspi-check	Run accessibility tree check	2026-09-05T15:10:40.0444037Z ^[[36;1m./build-debug/src/keepassxc &^[[0m
atspi-check	Run accessibility tree check	2026-09-05T15:10:40.0444303Z ^[[36;1mAPP_PID=$!^[[0m
atspi-check	Run accessibility tree check	2026-09-05T15:10:40.0444520Z ^[[36;1msleep 3^[[0m
atspi-check	Run accessibility tree check	2026-09-05T15:10:40.0444712Z ^[[36;1m^[[0m
atspi-check	Run accessibility tree check	2026-09-05T15:10:40.0444945Z ^[[36;1mecho "=== KeePassXC process environment ==="^[[0m
atspi-check	Run accessibility tree check	2026-09-05T15:10:40.0445439Z ^[[36;1mtr '\0' '\n' < "/proc/$APP_PID/environ" | grep -E '^(QT_|DISPLAY|DBUS_|AT_SPI_)' | sort || true^[[0m
atspi-check	Run accessibility tree check	2026-09-05T15:10:40.0445947Z ^[[36;1mecho "=== AT-SPI services after app launch ==="^[[0m
atspi-check	Run accessibility tree check	2026-09-05T15:10:40.0446357Z ^[[36;1mbusctl --user list | grep -E 'atspi|a11y|keepassxc' || true^[[0m
atspi-check	Run accessibility tree check	2026-09-05T15:10:40.0446746Z ^[[36;1mecho "=== KeePassXC process status ==="^[[0m
atspi-check	Run accessibility tree check	2026-09-05T15:10:40.0447071Z ^[[36;1mps -p "$APP_PID" -o pid=,stat=,cmd=^[[0m
atspi-check	Run accessibility tree check	2026-09-05T15:10:40.0447345Z ^[[36;1m^[[0m
atspi-check	Run accessibility tree check	2026-09-05T15:10:40.0447573Z ^[[36;1mpython3 tests/accessibility/dump_tree.py^[[0m
atspi-check	Run accessibility tree check	2026-09-05T15:10:40.0447863Z ^[[36;1mSTATUS=$?^[[0m
atspi-check	Run accessibility tree check	2026-09-05T15:10:40.0448092Z ^[[36;1mkill "$APP_PID" 2>/dev/null || true^[[0m
atspi-check	Run accessibility tree check	2026-09-05T15:10:40.0448447Z ^[[36;1mkill "$ATSPI_LAUNCHER_PID" 2>/dev/null || true^[[0m
atspi-check	Run accessibility tree check	2026-09-05T15:10:40.0448749Z ^[[36;1mexit $STATUS^[[0m
atspi-check	Run accessibility tree check	2026-09-05T15:10:40.0448960Z ^[[36;1mATSPISCRIPT^[[0m
atspi-check	Run accessibility tree check	2026-09-05T15:10:40.0449166Z ^[[36;1m^[[0m
atspi-check	Run accessibility tree check	2026-09-05T15:10:40.0449364Z ^[[36;1mchmod +x /tmp/run-atspi-check.sh^[[0m
atspi-check	Run accessibility tree check	2026-09-05T15:10:40.0449967Z ^[[36;1mdbus-run-session -- /tmp/run-atspi-check.sh^[[0m
atspi-check	Run accessibility tree check	2026-09-05T15:10:40.0488861Z shell: /usr/bin/bash -e {0}
atspi-check	Run accessibility tree check	2026-09-05T15:10:40.0489132Z ##[endgroup]
atspi-check	Run accessibility tree check	2026-09-05T15:10:42.3837805Z dbus-daemon[8116]: [session uid=1001 pid=8116] Activating service name='ca.desrt.dconf' requested by ':1.0' (uid=1001 pid=8120 comm="gsettings set org.gnome.desktop.interface toolkit-" label="unconfined")
atspi-check	Run accessibility tree check	2026-09-05T15:10:42.5398083Z dbus-daemon[8116]: [session uid=1001 pid=8116] Successfully activated service 'ca.desrt.dconf'
atspi-check	Run accessibility tree check	2026-09-05T15:10:42.5412450Z === Accessibility environment ===
atspi-check	Run accessibility tree check	2026-09-05T15:10:42.5413081Z QT_LINUX_ACCESSIBILITY_ALWAYS_ON=1
atspi-check	Run accessibility tree check	2026-09-05T15:10:42.5413585Z QT_ACCESSIBILITY=1
atspi-check	Run accessibility tree check	2026-09-05T15:10:42.5414010Z QT_QPA_PLATFORM=xcb
atspi-check	Run accessibility tree check	2026-09-05T15:10:42.5414466Z QT_LOGGING_RULES=qt.accessibility.*=true
atspi-check	Run accessibility tree check	2026-09-05T15:10:42.5449241Z toolkit-accessibility=true
atspi-check	Run accessibility tree check	2026-09-05T15:10:42.5450488Z === D-Bus environment ===
atspi-check	Run accessibility tree check	2026-09-05T15:10:42.5451533Z DBUS_SESSION_BUS_ADDRESS=unix:path=/tmp/dbus-WVflRm3Cbc,guid=2d0b8bb4d78302d1bf04cd656a9c30f1
atspi-check	Run accessibility tree check	2026-09-05T15:10:42.5452520Z DBUS_STARTER_BUS_TYPE=
atspi-check	Run accessibility tree check	2026-09-05T15:10:42.5453108Z DBUS_STARTER_ADDRESS=
atspi-check	Run accessibility tree check	2026-09-05T15:10:42.5473828Z DBUS_SESSION_BUS_ADDRESS=unix:path=/tmp/dbus-WVflRm3Cbc,guid=2d0b8bb4d78302d1bf04cd656a9c30f1
atspi-check	Run accessibility tree check	2026-09-05T15:10:42.5476336Z === Starting AT-SPI bus launcher ===
atspi-check	Run accessibility tree check	2026-09-05T15:10:42.5477028Z AT_SPI_LAUNCHER=/usr/libexec/at-spi-bus-launcher
atspi-check	Run accessibility tree check	2026-09-05T15:10:44.5495807Z AT-SPI launcher PID=8137
atspi-check	Run accessibility tree check	2026-09-05T15:10:44.5510354Z === AT-SPI services after launcher ===
atspi-check	Run accessibility tree check	2026-09-05T15:10:44.5574818Z org.a11y.Bus                8137 at-spi-bus-laun runner :1.2          hosted-compute-agent.service -       -
atspi-check	Run accessibility tree check	2026-09-05T15:10:44.5576810Z === AT-SPI bus address ===
atspi-check	Run accessibility tree check	2026-09-05T15:10:45.4485971Z The XKEYBOARD keymap compiler (xkbcomp) reports:
atspi-check	Run accessibility tree check	2026-09-05T15:10:45.4486883Z > Warning:          Could not resolve keysym XF86CameraAccessEnable
atspi-check	Run accessibility tree check	2026-09-05T15:10:45.4487889Z > Warning:          Could not resolve keysym XF86CameraAccessDisable
atspi-check	Run accessibility tree check	2026-09-05T15:10:45.4488883Z > Warning:          Could not resolve keysym XF86CameraAccessToggle
atspi-check	Run accessibility tree check	2026-09-05T15:10:45.4489988Z > Warning:          Could not resolve keysym XF86NextElement
atspi-check	Run accessibility tree check	2026-09-05T15:10:45.4490645Z > Warning:          Could not resolve keysym XF86PreviousElement
atspi-check	Run accessibility tree check	2026-09-05T15:10:45.4491349Z > Warning:          Could not resolve keysym XF86AutopilotEngageToggle
atspi-check	Run accessibility tree check	2026-09-05T15:10:45.4492064Z > Warning:          Could not resolve keysym XF86MarkWaypoint
atspi-check	Run accessibility tree check	2026-09-05T15:10:45.4492707Z > Warning:          Could not resolve keysym XF86Sos
atspi-check	Run accessibility tree check	2026-09-05T15:10:45.4493291Z > Warning:          Could not resolve keysym XF86NavChart
atspi-check	Run accessibility tree check	2026-09-05T15:10:45.4493899Z > Warning:          Could not resolve keysym XF86FishingChart
atspi-check	Run accessibility tree check	2026-09-05T15:10:45.4494545Z > Warning:          Could not resolve keysym XF86SingleRangeRadar
atspi-check	Run accessibility tree check	2026-09-05T15:10:45.4495212Z > Warning:          Could not resolve keysym XF86DualRangeRadar
atspi-check	Run accessibility tree check	2026-09-05T15:10:45.4495861Z > Warning:          Could not resolve keysym XF86RadarOverlay
atspi-check	Run accessibility tree check	2026-09-05T15:10:45.4496503Z > Warning:          Could not resolve keysym XF86TraditionalSonar
atspi-check	Run accessibility tree check	2026-09-05T15:10:45.4497135Z > Warning:          Could not resolve keysym XF86ClearvuSonar
atspi-check	Run accessibility tree check	2026-09-05T15:10:45.4497717Z > Warning:          Could not resolve keysym XF86SidevuSonar
atspi-check	Run accessibility tree check	2026-09-05T15:10:45.4498253Z > Warning:          Could not resolve keysym XF86NavInfo
atspi-check	Run accessibility tree check	2026-09-05T15:10:45.4499967Z Errors from xkbcomp are not fatal to the X server
atspi-check	Run accessibility tree check	2026-09-05T15:10:45.4556667Z AT_SPI_BUS_ADDRESS=unix:path=/run/user/1001/at-spi/bus_99,guid=61929cf5daef04a94a70b4cf6a9c30f2
atspi-check	Run accessibility tree check	2026-09-05T15:10:45.4557534Z === Qt version ===
atspi-check	Run accessibility tree check	2026-09-05T15:10:45.4602623Z 6.4.2
atspi-check	Run accessibility tree check	2026-09-05T15:10:45.4608210Z === Qt accessibility plugins ===
atspi-check	Run accessibility tree check	2026-09-05T15:12:10.2115060Z /usr/lib/google-cloud-sdk/lib/surface/healthcare/consent_stores/query_accessible_data.yaml
atspi-check	Run accessibility tree check	2026-09-05T15:12:10.2117235Z /usr/lib/google-cloud-sdk/lib/surface/topic/__pycache__/accessibility.cpython-314.pyc
atspi-check	Run accessibility tree check	2026-09-05T15:12:10.2118716Z /usr/lib/google-cloud-sdk/lib/surface/topic/accessibility.py
atspi-check	Run accessibility tree check	2026-09-05T15:12:10.2120068Z /usr/lib/jvm/temurin-11-jdk-amd64/jmods/jdk.accessibility.jmod
atspi-check	Run accessibility tree check	2026-09-05T15:12:10.2121227Z /usr/lib/jvm/temurin-17-jdk-amd64/jmods/jdk.accessibility.jmod
atspi-check	Run accessibility tree check	2026-09-05T15:12:10.2122343Z /usr/lib/jvm/temurin-21-jdk-amd64/jmods/jdk.accessibility.jmod
atspi-check	Run accessibility tree check	2026-09-05T15:12:10.2123378Z /usr/lib/python3/dist-packages/pyatspi/Accessibility.py
atspi-check	Run accessibility tree check	2026-09-05T15:12:10.2124299Z /usr/lib/python3/dist-packages/pyatspi/__pycache__/Accessibility.cpython-312.pyc
atspi-check	Run accessibility tree check	2026-09-05T15:12:10.2126704Z /usr/local/lib/android/sdk/platforms/android-34-ext10/data/res/drawable-hdpi/perm_group_accessibility_features.png
atspi-check	Run accessibility tree check	2026-09-05T15:12:10.2127922Z /usr/local/lib/android/sdk/platforms/android-34-ext10/data/res/drawable-mdpi/perm_group_accessibility_features.png
atspi-check	Run accessibility tree check	2026-09-05T15:12:10.2129664Z /usr/local/lib/android/sdk/platforms/android-34-ext10/data/res/drawable-xhdpi/perm_group_accessibility_features.png
atspi-check	Run accessibility tree check	2026-09-05T15:12:10.2131333Z /usr/local/lib/android/sdk/platforms/android-34-ext10/data/res/drawable-xxhdpi/perm_group_accessibility_features.png
atspi-check	Run accessibility tree check	2026-09-05T15:12:10.2133073Z /usr/local/lib/android/sdk/platforms/android-34-ext10/data/res/drawable-xxxhdpi/perm_group_accessibility_features.png
atspi-check	Run accessibility tree check	2026-09-05T15:12:10.2134641Z /usr/local/lib/android/sdk/platforms/android-34-ext10/data/res/drawable/accessibility_magnification_thumbnail_background_bg.xml
atspi-check	Run accessibility tree check	2026-09-05T15:12:10.2136243Z /usr/local/lib/android/sdk/platforms/android-34-ext10/data/res/drawable/accessibility_magnification_thumbnail_background_fg.xml
atspi-check	Run accessibility tree check	2026-09-05T15:12:10.2137770Z /usr/local/lib/android/sdk/platforms/android-34-ext10/data/res/drawable/accessibility_magnification_thumbnail_bg.xml
atspi-check	Run accessibility tree check	2026-09-05T15:12:10.2139078Z /usr/local/lib/android/sdk/platforms/android-34-ext10/data/res/drawable/ic_accessibility_24dp.xml
atspi-check	Run accessibility tree check	2026-09-05T15:12:10.2140983Z /usr/local/lib/android/sdk/platforms/android-34-ext10/data/res/drawable/ic_accessibility_color_correction.xml
atspi-check	Run accessibility tree check	2026-09-05T15:12:10.2142404Z /usr/local/lib/android/sdk/platforms/android-34-ext10/data/res/drawable/ic_accessibility_color_correction_foreground.xml
atspi-check	Run accessibility tree check	2026-09-05T15:12:10.2143807Z /usr/local/lib/android/sdk/platforms/android-34-ext10/data/res/drawable/ic_accessibility_color_inversion.xml
atspi-check	Run accessibility tree check	2026-09-05T15:12:10.2145183Z /usr/local/lib/android/sdk/platforms/android-34-ext10/data/res/drawable/ic_accessibility_color_inversion_foreground.xml
atspi-check	Run accessibility tree check	2026-09-05T15:12:10.2146531Z /usr/local/lib/android/sdk/platforms/android-34-ext10/data/res/drawable/ic_accessibility_hearing_aid.xml
atspi-check	Run accessibility tree check	2026-09-05T15:12:10.2147926Z /usr/local/lib/android/sdk/platforms/android-34-ext10/data/res/drawable/ic_accessibility_hearing_aid_foreground.xml
atspi-check	Run accessibility tree check	2026-09-05T15:12:10.2149328Z /usr/local/lib/android/sdk/platforms/android-34-ext10/data/res/drawable/ic_accessibility_magnification.xml
atspi-check	Run accessibility tree check	2026-09-05T15:12:10.2150964Z /usr/local/lib/android/sdk/platforms/android-34-ext10/data/res/drawable/ic_accessibility_magnification_foreground.xml
atspi-check	Run accessibility tree check	2026-09-05T15:12:10.2152287Z /usr/local/lib/android/sdk/platforms/android-34-ext10/data/res/drawable/ic_accessibility_one_handed.xml
atspi-check	Run accessibility tree check	2026-09-05T15:12:10.2153583Z /usr/local/lib/android/sdk/platforms/android-34-ext10/data/res/drawable/ic_accessibility_one_handed_foreground.xml
atspi-check	Run accessibility tree check	2026-09-05T15:12:10.2154862Z /usr/local/lib/android/sdk/platforms/android-34-ext10/data/res/drawable/ic_accessibility_reduce_bright_colors.xml
atspi-check	Run accessibility tree check	2026-09-05T15:12:10.2156193Z /usr/local/lib/android/sdk/platforms/android-34-ext10/data/res/drawable/ic_accessibility_reduce_bright_colors_foreground.xml
atspi-check	Run accessibility tree check	2026-09-05T15:12:10.2157537Z /usr/local/lib/android/sdk/platforms/android-34-ext10/data/res/drawable/view_accessibility_focused.xml
atspi-check	Run accessibility tree check	2026-09-05T15:12:10.2158738Z /usr/local/lib/android/sdk/platforms/android-34-ext10/data/res/layout/accessibility_button_chooser.xml
atspi-check	Run accessibility tree check	2026-09-05T15:12:10.2160216Z /usr/local/lib/android/sdk/platforms/android-34-ext10/data/res/layout/accessibility_button_chooser_item.xml
atspi-check	Run accessibility tree check	2026-09-05T15:12:10.2161426Z /usr/local/lib/android/sdk/platforms/android-34-ext10/data/res/layout/accessibility_enable_service_warning.xml
atspi-check	Run accessibility tree check	2026-09-05T15:12:10.2162683Z /usr/local/lib/android/sdk/platforms/android-34-ext10/data/res/layout/accessibility_shortcut_chooser_item.xml
atspi-check	Run accessibility tree check	2026-09-05T15:12:10.2163992Z /usr/local/lib/android/sdk/platforms/android-34-ext10/data/res/xml/autofill_compat_accessibility_service.xml
atspi-check	Run accessibility tree check	2026-09-05T15:12:10.2165259Z /usr/local/lib/android/sdk/platforms/android-34-ext11/data/res/drawable-hdpi/perm_group_accessibility_features.png
atspi-check	Run accessibility tree check	2026-09-05T15:12:10.2166613Z /usr/local/lib/android/sdk/platforms/android-34-ext11/data/res/drawable-mdpi/perm_group_accessibility_features.png
atspi-check	Run accessibility tree check	2026-09-05T15:12:10.2168321Z /usr/local/lib/android/sdk/platforms/android-34-ext11/data/res/drawable-xhdpi/perm_group_accessibility_features.png
atspi-check	Run accessibility tree check	2026-09-05T15:12:10.2170047Z /usr/local/lib/android/sdk/platforms/android-34-ext11/data/res/drawable-xxhdpi/perm_group_accessibility_features.png
atspi-check	Run accessibility tree check	2026-09-05T15:12:10.2171423Z /usr/local/lib/android/sdk/platforms/android-34-ext11/data/res/drawable-xxxhdpi/perm_group_accessibility_features.png
atspi-check	Run accessibility tree check	2026-09-05T15:12:10.2173244Z /usr/local/lib/android/sdk/platforms/android-34-ext11/data/res/drawable/accessibility_magnification_thumbnail_background_bg.xml
atspi-check	Run accessibility tree check	2026-09-05T15:12:10.2174809Z /usr/local/lib/android/sdk/platforms/android-34-ext11/data/res/drawable/accessibility_magnification_thumbnail_background_fg.xml
atspi-check	Run accessibility tree check	2026-09-05T15:12:10.2176345Z /usr/local/lib/android/sdk/platforms/android-34-ext11/data/res/drawable/accessibility_magnification_thumbnail_bg.xml
atspi-check	Run accessibility tree check	2026-09-05T15:12:10.2177654Z /usr/local/lib/android/sdk/platforms/android-34-ext11/data/res/drawable/ic_accessibility_24dp.xml
atspi-check	Run accessibility tree check	2026-09-05T15:12:10.2178926Z /usr/local/lib/android/sdk/platforms/android-34-ext11/data/res/drawable/ic_accessibility_color_correction.xml
atspi-check	Run accessibility tree check	2026-09-05T15:12:10.2180354Z /usr/local/lib/android/sdk/platforms/android-34-ext11/data/res/drawable/ic_accessibility_color_correction_foreground.xml
atspi-check	Run accessibility tree check	2026-09-05T15:12:10.2181841Z /usr/local/lib/android/sdk/platforms/android-34-ext11/data/res/drawable/ic_accessibility_color_inversion.xml
atspi-check	Run accessibility tree check	2026-09-05T15:12:10.2183533Z /usr/local/lib/android/sdk/platforms/android-34-ext11/data/res/drawable/ic_accessibility_color_inversion_foreground.xml
atspi-check	Run accessibility tree check	2026-09-05T15:12:10.2184961Z /usr/local/lib/android/sdk/platforms/android-34-ext11/data/res/drawable/ic_accessibility_hearing_aid.xml
atspi-check	Run accessibility tree check	2026-09-05T15:12:10.2186157Z /usr/local/lib/android/sdk/platforms/android-34-ext11/data/res/drawable/ic_accessibility_hearing_aid_foreground.xml
atspi-check	Run accessibility tree check	2026-09-05T15:12:10.2187535Z /usr/local/lib/android/sdk/platforms/android-34-ext11/data/res/drawable/ic_accessibility_magnification.xml
atspi-check	Run accessibility tree check	2026-09-05T15:12:10.2189051Z /usr/local/lib/android/sdk/platforms/android-34-ext11/data/res/drawable/ic_accessibility_magnification_foreground.xml
atspi-check	Run accessibility tree check	2026-09-05T15:12:10.2190655Z /usr/local/lib/android/sdk/platforms/android-34-ext11/data/res/drawable/ic_accessibility_one_handed.xml
atspi-check	Run accessibility tree check	2026-09-05T15:12:10.2191992Z /usr/local/lib/android/sdk/platforms/android-34-ext11/data/res/drawable/ic_accessibility_one_handed_foreground.xml
atspi-check	Run accessibility tree check	2026-09-05T15:12:10.2193358Z /usr/local/lib/android/sdk/platforms/android-34-ext11/data/res/drawable/ic_accessibility_reduce_bright_colors.xml
atspi-check	Run accessibility tree check	2026-09-05T15:12:10.2194839Z /usr/local/lib/android/sdk/platforms/android-34-ext11/data/res/drawable/ic_accessibility_reduce_bright_colors_foreground.xml
atspi-check	Run accessibility tree check	2026-09-05T15:12:10.2196321Z /usr/local/lib/android/sdk/platforms/android-34-ext11/data/res/drawable/view_accessibility_focused.xml
atspi-check	Run accessibility tree check	2026-09-05T15:12:10.2197528Z /usr/local/lib/android/sdk/platforms/android-34-ext11/data/res/layout/accessibility_button_chooser.xml
atspi-check	Run accessibility tree check	2026-09-05T15:12:10.2198851Z /usr/local/lib/android/sdk/platforms/android-34-ext11/data/res/layout/accessibility_button_chooser_item.xml
atspi-check	Run accessibility tree check	2026-09-05T15:12:10.2200470Z /usr/local/lib/android/sdk/platforms/android-34-ext11/data/res/layout/accessibility_enable_service_warning.xml
atspi-check	Run accessibility tree check	2026-09-05T15:12:10.2201804Z /usr/local/lib/android/sdk/platforms/android-34-ext11/data/res/layout/accessibility_shortcut_chooser_item.xml
atspi-check	Run accessibility tree check	2026-09-05T15:12:10.2203163Z /usr/local/lib/android/sdk/platforms/android-34-ext11/data/res/xml/autofill_compat_accessibility_service.xml
atspi-check	Run accessibility tree check	2026-09-05T15:12:10.2204560Z /usr/local/lib/android/sdk/platforms/android-34-ext12/data/res/drawable-hdpi/perm_group_accessibility_features.png
atspi-check	Run accessibility tree check	2026-09-05T15:12:10.2205957Z /usr/local/lib/android/sdk/platforms/android-34-ext12/data/res/drawable-mdpi/perm_group_accessibility_features.png
atspi-check	Run accessibility tree check	2026-09-05T15:12:10.2206763Z /usr/local/lib/android/sdk/platforms/android-34-ext12/data/res/drawable-xhdpi/perm_group_accessibility_features.png
atspi-check	Run accessibility tree check	2026-09-05T15:12:10.2207655Z /usr/local/lib/android/sdk/platforms/android-34-ext12/data/res/drawable-xxhdpi/perm_group_accessibility_features.png
atspi-check	Run accessibility tree check	2026-09-05T15:12:10.2208983Z /usr/local/lib/android/sdk/platforms/android-34-ext12/data/res/drawable-xxxhdpi/perm_group_accessibility_features.png
atspi-check	Run accessibility tree check	2026-09-05T15:12:10.2210174Z /usr/local/lib/android/sdk/platforms/android-34-ext12/data/res/drawable/accessibility_magnification_thumbnail_background_bg.xml
atspi-check	Run accessibility tree check	2026-09-05T15:12:10.2212085Z /usr/local/lib/android/sdk/platforms/android-34-ext12/data/res/drawable/accessibility_magnification_thumbnail_background_fg.xml
atspi-check	Run accessibility tree check	2026-09-05T15:12:10.2213827Z /usr/local/lib/android/sdk/platforms/android-34-ext12/data/res/drawable/accessibility_magnification_thumbnail_bg.xml
atspi-check	Run accessibility tree check	2026-09-05T15:12:10.2215269Z /usr/local/lib/android/sdk/platforms/android-34-ext12/data/res/drawable/ic_accessibility_24dp.xml
atspi-check	Run accessibility tree check	2026-09-05T15:12:10.2216558Z /usr/local/lib/android/sdk/platforms/android-34-ext12/data/res/drawable/ic_accessibility_color_correction.xml
atspi-check	Run accessibility tree check	2026-09-05T15:12:10.2217983Z /usr/local/lib/android/sdk/platforms/android-34-ext12/data/res/drawable/ic_accessibility_color_correction_foreground.xml
atspi-check	Run accessibility tree check	2026-09-05T15:12:10.2219741Z /usr/local/lib/android/sdk/platforms/android-34-ext12/data/res/drawable/ic_accessibility_color_inversion.xml
atspi-check	Run accessibility tree check	2026-09-05T15:12:10.2221121Z /usr/local/lib/android/sdk/platforms/android-34-ext12/data/res/drawable/ic_accessibility_color_inversion_foreground.xml
atspi-check	Run accessibility tree check	2026-09-05T15:12:10.2221935Z /usr/local/lib/android/sdk/platforms/android-34-ext12/data/res/drawable/ic_accessibility_hearing_aid.xml
atspi-check	Run accessibility tree check	2026-09-05T15:12:10.2222695Z /usr/local/lib/android/sdk/platforms/android-34-ext12/data/res/drawable/ic_accessibility_hearing_aid_foreground.xml
atspi-check	Run accessibility tree check	2026-09-05T15:12:10.2223452Z /usr/local/lib/android/sdk/platforms/android-34-ext12/data/res/drawable/ic_accessibility_magnification.xml
atspi-check	Run accessibility tree check	2026-09-05T15:12:10.2224222Z /usr/local/lib/android/sdk/platforms/android-34-ext12/data/res/drawable/ic_accessibility_magnification_foreground.xml
atspi-check	Run accessibility tree check	2026-09-05T15:12:10.2224963Z /usr/local/lib/android/sdk/platforms/android-34-ext12/data/res/drawable/ic_accessibility_one_handed.xml
atspi-check	Run accessibility tree check	2026-09-05T15:12:10.2225696Z /usr/local/lib/android/sdk/platforms/android-34-ext12/data/res/drawable/ic_accessibility_one_handed_foreground.xml
atspi-check	Run accessibility tree check	2026-09-05T15:12:10.2226465Z /usr/local/lib/android/sdk/platforms/android-34-ext12/data/res/drawable/ic_accessibility_reduce_bright_colors.xml
atspi-check	Run accessibility tree check	2026-09-05T15:12:10.2227296Z /usr/local/lib/android/sdk/platforms/android-34-ext12/data/res/drawable/ic_accessibility_reduce_bright_colors_foreground.xml
atspi-check	Run accessibility tree check	2026-09-05T15:12:10.2228068Z /usr/local/lib/android/sdk/platforms/android-34-ext12/data/res/drawable/view_accessibility_focused.xml
atspi-check	Run accessibility tree check	2026-09-05T15:12:10.2228761Z /usr/local/lib/android/sdk/platforms/android-34-ext12/data/res/layout/accessibility_button_chooser.xml
atspi-check	Run accessibility tree check	2026-09-05T15:12:10.2229726Z /usr/local/lib/android/sdk/platforms/android-34-ext12/data/res/layout/accessibility_button_chooser_item.xml
atspi-check	Run accessibility tree check	2026-09-05T15:12:10.2230508Z /usr/local/lib/android/sdk/platforms/android-34-ext12/data/res/layout/accessibility_enable_service_warning.xml
atspi-check	Run accessibility tree check	2026-09-05T15:12:10.2231261Z /usr/local/lib/android/sdk/platforms/android-34-ext12/data/res/layout/accessibility_shortcut_chooser_item.xml
atspi-check	Run accessibility tree check	2026-09-05T15:12:10.2232005Z /usr/local/lib/android/sdk/platforms/android-34-ext12/data/res/xml/autofill_compat_accessibility_service.xml
atspi-check	Run accessibility tree check	2026-09-05T15:12:10.2232776Z /usr/local/lib/android/sdk/platforms/android-34-ext8/data/res/drawable-hdpi/perm_group_accessibility_features.png
atspi-check	Run accessibility tree check	2026-09-05T15:12:10.2233551Z /usr/local/lib/android/sdk/platforms/android-34-ext8/data/res/drawable-mdpi/perm_group_accessibility_features.png
atspi-check	Run accessibility tree check	2026-09-05T15:12:10.2234343Z /usr/local/lib/android/sdk/platforms/android-34-ext8/data/res/drawable-xhdpi/perm_group_accessibility_features.png
atspi-check	Run accessibility tree check	2026-09-05T15:12:10.2235121Z /usr/local/lib/android/sdk/platforms/android-34-ext8/data/res/drawable-xxhdpi/perm_group_accessibility_features.png
atspi-check	Run accessibility tree check	2026-09-05T15:12:10.2235914Z /usr/local/lib/android/sdk/platforms/android-34-ext8/data/res/drawable-xxxhdpi/perm_group_accessibility_features.png
atspi-check	Run accessibility tree check	2026-09-05T15:12:10.2236956Z /usr/local/lib/android/sdk/platforms/android-34-ext8/data/res/drawable/accessibility_magnification_thumbnail_background_bg.xml
atspi-check	Run accessibility tree check	2026-09-05T15:12:10.2237832Z /usr/local/lib/android/sdk/platforms/android-34-ext8/data/res/drawable/accessibility_magnification_thumbnail_background_fg.xml
atspi-check	Run accessibility tree check	2026-09-05T15:12:10.2238651Z /usr/local/lib/android/sdk/platforms/android-34-ext8/data/res/drawable/accessibility_magnification_thumbnail_bg.xml
atspi-check	Run accessibility tree check	2026-09-05T15:12:10.2239374Z /usr/local/lib/android/sdk/platforms/android-34-ext8/data/res/drawable/ic_accessibility_24dp.xml
atspi-check	Run accessibility tree check	2026-09-05T15:12:10.2240602Z /usr/local/lib/android/sdk/platforms/android-34-ext8/data/res/drawable/ic_accessibility_color_correction.xml
atspi-check	Run accessibility tree check	2026-09-05T15:12:10.2241383Z /usr/local/lib/android/sdk/platforms/android-34-ext8/data/res/drawable/ic_accessibility_color_correction_foreground.xml
atspi-check	Run accessibility tree check	2026-09-05T15:12:10.2242157Z /usr/local/lib/android/sdk/platforms/android-34-ext8/data/res/drawable/ic_accessibility_color_inversion.xml
atspi-check	Run accessibility tree check	2026-09-05T15:12:10.2242944Z /usr/local/lib/android/sdk/platforms/android-34-ext8/data/res/drawable/ic_accessibility_color_inversion_foreground.xml
atspi-check	Run accessibility tree check	2026-09-05T15:12:10.2243686Z /usr/local/lib/android/sdk/platforms/android-34-ext8/data/res/drawable/ic_accessibility_hearing_aid.xml
atspi-check	Run accessibility tree check	2026-09-05T15:12:10.2244414Z /usr/local/lib/android/sdk/platforms/android-34-ext8/data/res/drawable/ic_accessibility_hearing_aid_foreground.xml
atspi-check	Run accessibility tree check	2026-09-05T15:12:10.2245154Z /usr/local/lib/android/sdk/platforms/android-34-ext8/data/res/drawable/ic_accessibility_magnification.xml
atspi-check	Run accessibility tree check	2026-09-05T15:12:10.2245937Z /usr/local/lib/android/sdk/platforms/android-34-ext8/data/res/drawable/ic_accessibility_magnification_foreground.xml
atspi-check	Run accessibility tree check	2026-09-05T15:12:10.2246674Z /usr/local/lib/android/sdk/platforms/android-34-ext8/data/res/drawable/ic_accessibility_one_handed.xml
atspi-check	Run accessibility tree check	2026-09-05T15:12:10.2247405Z /usr/local/lib/android/sdk/platforms/android-34-ext8/data/res/drawable/ic_accessibility_one_handed_foreground.xml
atspi-check	Run accessibility tree check	2026-09-05T15:12:10.2248164Z /usr/local/lib/android/sdk/platforms/android-34-ext8/data/res/drawable/ic_accessibility_reduce_bright_colors.xml
atspi-check	Run accessibility tree check	2026-09-05T15:12:10.2248968Z /usr/local/lib/android/sdk/platforms/android-34-ext8/data/res/drawable/ic_accessibility_reduce_bright_colors_foreground.xml
atspi-check	Run accessibility tree check	2026-09-05T15:12:10.2250018Z /usr/local/lib/android/sdk/platforms/android-34-ext8/data/res/drawable/view_accessibility_focused.xml
atspi-check	Run accessibility tree check	2026-09-05T15:12:10.2250705Z /usr/local/lib/android/sdk/platforms/android-34-ext8/data/res/layout/accessibility_button_chooser.xml
atspi-check	Run accessibility tree check	2026-09-05T15:12:10.2251409Z /usr/local/lib/android/sdk/platforms/android-34-ext8/data/res/layout/accessibility_button_chooser_item.xml
atspi-check	Run accessibility tree check	2026-09-05T15:12:10.2252161Z /usr/local/lib/android/sdk/platforms/android-34-ext8/data/res/layout/accessibility_enable_service_warning.xml
atspi-check	Run accessibility tree check	2026-09-05T15:12:10.2252893Z /usr/local/lib/android/sdk/platforms/android-34-ext8/data/res/layout/accessibility_shortcut_chooser_item.xml
atspi-check	Run accessibility tree check	2026-09-05T15:12:10.2253615Z /usr/local/lib/android/sdk/platforms/android-34-ext8/data/res/xml/autofill_compat_accessibility_service.xml
atspi-check	Run accessibility tree check	2026-09-05T15:12:10.2254346Z /usr/local/lib/android/sdk/platforms/android-34/data/res/drawable-hdpi/perm_group_accessibility_features.png
atspi-check	Run accessibility tree check	2026-09-05T15:12:10.2255065Z /usr/local/lib/android/sdk/platforms/android-34/data/res/drawable-mdpi/perm_group_accessibility_features.png
atspi-check	Run accessibility tree check	2026-09-05T15:12:10.2255794Z /usr/local/lib/android/sdk/platforms/android-34/data/res/drawable-xhdpi/perm_group_accessibility_features.png
atspi-check	Run accessibility tree check	2026-09-05T15:12:10.2256533Z /usr/local/lib/android/sdk/platforms/android-34/data/res/drawable-xxhdpi/perm_group_accessibility_features.png
atspi-check	Run accessibility tree check	2026-09-05T15:12:10.2257291Z /usr/local/lib/android/sdk/platforms/android-34/data/res/drawable-xxxhdpi/perm_group_accessibility_features.png
atspi-check	Run accessibility tree check	2026-09-05T15:12:10.2279075Z /usr/local/lib/android/sdk/platforms/android-34/data/res/drawable/accessibility_magnification_thumbnail_background_bg.xml
atspi-check	Run accessibility tree check	2026-09-05T15:12:10.2280383Z /usr/local/lib/android/sdk/platforms/android-34/data/res/drawable/accessibility_magnification_thumbnail_background_fg.xml
atspi-check	Run accessibility tree check	2026-09-05T15:12:10.2281444Z /usr/local/lib/android/sdk/platforms/android-34/data/res/drawable/accessibility_magnification_thumbnail_bg.xml
atspi-check	Run accessibility tree check	2026-09-05T15:12:10.2282143Z /usr/local/lib/android/sdk/platforms/android-34/data/res/drawable/ic_accessibility_24dp.xml
atspi-check	Run accessibility tree check	2026-09-05T15:12:10.2282831Z /usr/local/lib/android/sdk/platforms/android-34/data/res/drawable/ic_accessibility_color_correction.xml
atspi-check	Run accessibility tree check	2026-09-05T15:12:10.2283568Z /usr/local/lib/android/sdk/platforms/android-34/data/res/drawable/ic_accessibility_color_correction_foreground.xml
atspi-check	Run accessibility tree check	2026-09-05T15:12:10.2284419Z /usr/local/lib/android/sdk/platforms/android-34/data/res/drawable/ic_accessibility_color_inversion.xml
atspi-check	Run accessibility tree check	2026-09-05T15:12:10.2285147Z /usr/local/lib/android/sdk/platforms/android-34/data/res/drawable/ic_accessibility_color_inversion_foreground.xml
atspi-check	Run accessibility tree check	2026-09-05T15:12:10.2285900Z /usr/local/lib/android/sdk/platforms/android-34/data/res/drawable/ic_accessibility_hearing_aid.xml
atspi-check	Run accessibility tree check	2026-09-05T15:12:10.2286601Z /usr/local/lib/android/sdk/platforms/android-34/data/res/drawable/ic_accessibility_hearing_aid_foreground.xml
atspi-check	Run accessibility tree check	2026-09-05T15:12:10.2287326Z /usr/local/lib/android/sdk/platforms/android-34/data/res/drawable/ic_accessibility_magnification.xml
atspi-check	Run accessibility tree check	2026-09-05T15:12:10.2288048Z /usr/local/lib/android/sdk/platforms/android-34/data/res/drawable/ic_accessibility_magnification_foreground.xml
atspi-check	Run accessibility tree check	2026-09-05T15:12:10.2288754Z /usr/local/lib/android/sdk/platforms/android-34/data/res/drawable/ic_accessibility_one_handed.xml
atspi-check	Run accessibility tree check	2026-09-05T15:12:10.2289692Z /usr/local/lib/android/sdk/platforms/android-34/data/res/drawable/ic_accessibility_one_handed_foreground.xml
atspi-check	Run accessibility tree check	2026-09-05T15:12:10.2290700Z /usr/local/lib/android/sdk/platforms/android-34/data/res/drawable/ic_accessibility_reduce_bright_colors.xml
atspi-check	Run accessibility tree check	2026-09-05T15:12:10.2291469Z /usr/local/lib/android/sdk/platforms/android-34/data/res/drawable/ic_accessibility_reduce_bright_colors_foreground.xml
atspi-check	Run accessibility tree check	2026-09-05T15:12:10.2292191Z /usr/local/lib/android/sdk/platforms/android-34/data/res/drawable/view_accessibility_focused.xml
atspi-check	Run accessibility tree check	2026-09-05T15:12:10.2292835Z /usr/local/lib/android/sdk/platforms/android-34/data/res/layout/accessibility_button_chooser.xml
atspi-check	Run accessibility tree check	2026-09-05T15:12:10.2293495Z /usr/local/lib/android/sdk/platforms/android-34/data/res/layout/accessibility_button_chooser_item.xml
atspi-check	Run accessibility tree check	2026-09-05T15:12:10.2294187Z /usr/local/lib/android/sdk/platforms/android-34/data/res/layout/accessibility_enable_service_warning.xml
atspi-check	Run accessibility tree check	2026-09-05T15:12:10.2294881Z /usr/local/lib/android/sdk/platforms/android-34/data/res/layout/accessibility_shortcut_chooser_item.xml
atspi-check	Run accessibility tree check	2026-09-05T15:12:10.2295567Z /usr/local/lib/android/sdk/platforms/android-34/data/res/xml/autofill_compat_accessibility_service.xml
atspi-check	Run accessibility tree check	2026-09-05T15:12:10.2296307Z /usr/local/lib/android/sdk/platforms/android-35-ext14/data/res/drawable-hdpi/perm_group_accessibility_features.png
atspi-check	Run accessibility tree check	2026-09-05T15:12:10.2297081Z /usr/local/lib/android/sdk/platforms/android-35-ext14/data/res/drawable-mdpi/perm_group_accessibility_features.png
atspi-check	Run accessibility tree check	2026-09-05T15:12:10.2297854Z /usr/local/lib/android/sdk/platforms/android-35-ext14/data/res/drawable-xhdpi/perm_group_accessibility_features.png
atspi-check	Run accessibility tree check	2026-09-05T15:12:10.2298679Z /usr/local/lib/android/sdk/platforms/android-35-ext14/data/res/drawable-xxhdpi/perm_group_accessibility_features.png
atspi-check	Run accessibility tree check	2026-09-05T15:12:10.2299780Z /usr/local/lib/android/sdk/platforms/android-35-ext14/data/res/drawable-xxxhdpi/perm_group_accessibility_features.png
atspi-check	Run accessibility tree check	2026-09-05T15:12:10.2300714Z /usr/local/lib/android/sdk/platforms/android-35-ext14/data/res/drawable/accessibility_magnification_thumbnail_background_bg.xml
atspi-check	Run accessibility tree check	2026-09-05T15:12:10.2301613Z /usr/local/lib/android/sdk/platforms/android-35-ext14/data/res/drawable/accessibility_magnification_thumbnail_background_fg.xml
atspi-check	Run accessibility tree check	2026-09-05T15:12:10.2302442Z /usr/local/lib/android/sdk/platforms/android-35-ext14/data/res/drawable/accessibility_magnification_thumbnail_bg.xml
atspi-check	Run accessibility tree check	2026-09-05T15:12:10.2303163Z /usr/local/lib/android/sdk/platforms/android-35-ext14/data/res/drawable/ic_accessibility_24dp.xml
atspi-check	Run accessibility tree check	2026-09-05T15:12:10.2303862Z /usr/local/lib/android/sdk/platforms/android-35-ext14/data/res/drawable/ic_accessibility_color_correction.xml
atspi-check	Run accessibility tree check	2026-09-05T15:12:10.2304816Z /usr/local/lib/android/sdk/platforms/android-35-ext14/data/res/drawable/ic_accessibility_color_correction_foreground.xml
atspi-check	Run accessibility tree check	2026-09-05T15:12:10.2305597Z /usr/local/lib/android/sdk/platforms/android-35-ext14/data/res/drawable/ic_accessibility_color_inversion.xml
atspi-check	Run accessibility tree check	2026-09-05T15:12:10.2306369Z /usr/local/lib/android/sdk/platforms/android-35-ext14/data/res/drawable/ic_accessibility_color_inversion_foreground.xml
atspi-check	Run accessibility tree check	2026-09-05T15:12:10.2307101Z /usr/local/lib/android/sdk/platforms/android-35-ext14/data/res/drawable/ic_accessibility_generic.xml
atspi-check	Run accessibility tree check	2026-09-05T15:12:10.2307909Z /usr/local/lib/android/sdk/platforms/android-35-ext14/data/res/drawable/ic_accessibility_hearing_aid.xml
atspi-check	Run accessibility tree check	2026-09-05T15:12:10.2308654Z /usr/local/lib/android/sdk/platforms/android-35-ext14/data/res/drawable/ic_accessibility_hearing_aid_foreground.xml
atspi-check	Run accessibility tree check	2026-09-05T15:12:10.2309686Z /usr/local/lib/android/sdk/platforms/android-35-ext14/data/res/drawable/ic_accessibility_magnification.xml
atspi-check	Run accessibility tree check	2026-09-05T15:12:10.2310664Z /usr/local/lib/android/sdk/platforms/android-35-ext14/data/res/drawable/ic_accessibility_magnification_foreground.xml
atspi-check	Run accessibility tree check	2026-09-05T15:12:10.2311428Z /usr/local/lib/android/sdk/platforms/android-35-ext14/data/res/drawable/ic_accessibility_one_handed.xml
atspi-check	Run accessibility tree check	2026-09-05T15:12:10.2312163Z /usr/local/lib/android/sdk/platforms/android-35-ext14/data/res/drawable/ic_accessibility_one_handed_foreground.xml
atspi-check	Run accessibility tree check	2026-09-05T15:12:10.2312923Z /usr/local/lib/android/sdk/platforms/android-35-ext14/data/res/drawable/ic_accessibility_reduce_bright_colors.xml
atspi-check	Run accessibility tree check	2026-09-05T15:12:10.2313736Z /usr/local/lib/android/sdk/platforms/android-35-ext14/data/res/drawable/ic_accessibility_reduce_bright_colors_foreground.xml
atspi-check	Run accessibility tree check	2026-09-05T15:12:10.2314510Z /usr/local/lib/android/sdk/platforms/android-35-ext14/data/res/drawable/view_accessibility_focused.xml
atspi-check	Run accessibility tree check	2026-09-05T15:12:10.2315207Z /usr/local/lib/android/sdk/platforms/android-35-ext14/data/res/layout/accessibility_button_chooser.xml
atspi-check	Run accessibility tree check	2026-09-05T15:12:10.2315913Z /usr/local/lib/android/sdk/platforms/android-35-ext14/data/res/layout/accessibility_button_chooser_item.xml
atspi-check	Run accessibility tree check	2026-09-05T15:12:10.2316807Z /usr/local/lib/android/sdk/platforms/android-35-ext14/data/res/layout/accessibility_enable_service_warning.xml
atspi-check	Run accessibility tree check	2026-09-05T15:12:10.2317613Z /usr/local/lib/android/sdk/platforms/android-35-ext14/data/res/layout/accessibility_service_warning.xml
atspi-check	Run accessibility tree check	2026-09-05T15:12:10.2318323Z /usr/local/lib/android/sdk/platforms/android-35-ext14/data/res/layout/accessibility_shortcut_chooser_item.xml
atspi-check	Run accessibility tree check	2026-09-05T15:12:10.2319058Z /usr/local/lib/android/sdk/platforms/android-35-ext14/data/res/xml/autofill_compat_accessibility_service.xml
atspi-check	Run accessibility tree check	2026-09-05T15:12:10.2320355Z /usr/local/lib/android/sdk/platforms/android-35-ext15/data/res/drawable-hdpi/perm_group_accessibility_features.png
atspi-check	Run accessibility tree check	2026-09-05T15:12:10.2321187Z /usr/local/lib/android/sdk/platforms/android-35-ext15/data/res/drawable-mdpi/perm_group_accessibility_features.png
atspi-check	Run accessibility tree check	2026-09-05T15:12:10.2321979Z /usr/local/lib/android/sdk/platforms/android-35-ext15/data/res/drawable-xhdpi/perm_group_accessibility_features.png
atspi-check	Run accessibility tree check	2026-09-05T15:12:10.2322781Z /usr/local/lib/android/sdk/platforms/android-35-ext15/data/res/drawable-xxhdpi/perm_group_accessibility_features.png
atspi-check	Run accessibility tree check	2026-09-05T15:12:10.2323570Z /usr/local/lib/android/sdk/platforms/android-35-ext15/data/res/drawable-xxxhdpi/perm_group_accessibility_features.png
atspi-check	Run accessibility tree check	2026-09-05T15:12:10.2324406Z /usr/local/lib/android/sdk/platforms/android-35-ext15/data/res/drawable/accessibility_magnification_thumbnail_background_bg.xml
atspi-check	Run accessibility tree check	2026-09-05T15:12:10.2325319Z /usr/local/lib/android/sdk/platforms/android-35-ext15/data/res/drawable/accessibility_magnification_thumbnail_background_fg.xml
atspi-check	Run accessibility tree check	2026-09-05T15:12:10.2326135Z /usr/local/lib/android/sdk/platforms/android-35-ext15/data/res/drawable/accessibility_magnification_thumbnail_bg.xml
atspi-check	Run accessibility tree check	2026-09-05T15:12:10.2326857Z /usr/local/lib/android/sdk/platforms/android-35-ext15/data/res/drawable/ic_accessibility_24dp.xml
atspi-check	Run accessibility tree check	2026-09-05T15:12:10.2327562Z /usr/local/lib/android/sdk/platforms/android-35-ext15/data/res/drawable/ic_accessibility_color_correction.xml
atspi-check	Run accessibility tree check	2026-09-05T15:12:10.2328662Z /usr/local/lib/android/sdk/platforms/android-35-ext15/data/res/drawable/ic_accessibility_color_correction_foreground.xml
atspi-check	Run accessibility tree check	2026-09-05T15:12:10.2329777Z /usr/local/lib/android/sdk/platforms/android-35-ext15/data/res/drawable/ic_accessibility_color_inversion.xml
atspi-check	Run accessibility tree check	2026-09-05T15:12:10.2330766Z /usr/local/lib/android/sdk/platforms/android-35-ext15/data/res/drawable/ic_accessibility_color_inversion_foreground.xml
atspi-check	Run accessibility tree check	2026-09-05T15:12:10.2331683Z /usr/local/lib/android/sdk/platforms/android-35-ext15/data/res/drawable/ic_accessibility_generic.xml
atspi-check	Run accessibility tree check	2026-09-05T15:12:10.2332367Z /usr/local/lib/android/sdk/platforms/android-35-ext15/data/res/drawable/ic_accessibility_hearing_aid.xml
atspi-check	Run accessibility tree check	2026-09-05T15:12:10.2333100Z /usr/local/lib/android/sdk/platforms/android-35-ext15/data/res/drawable/ic_accessibility_hearing_aid_foreground.xml
atspi-check	Run accessibility tree check	2026-09-05T15:12:10.2333852Z /usr/local/lib/android/sdk/platforms/android-35-ext15/data/res/drawable/ic_accessibility_magnification.xml
atspi-check	Run accessibility tree check	2026-09-05T15:12:10.2334605Z /usr/local/lib/android/sdk/platforms/android-35-ext15/data/res/drawable/ic_accessibility_magnification_foreground.xml
atspi-check	Run accessibility tree check	2026-09-05T15:12:10.2335342Z /usr/local/lib/android/sdk/platforms/android-35-ext15/data/res/drawable/ic_accessibility_one_handed.xml
atspi-check	Run accessibility tree check	2026-09-05T15:12:10.2336063Z /usr/local/lib/android/sdk/platforms/android-35-ext15/data/res/drawable/ic_accessibility_one_handed_foreground.xml
atspi-check	Run accessibility tree check	2026-09-05T15:12:10.2336823Z /usr/local/lib/android/sdk/platforms/android-35-ext15/data/res/drawable/ic_accessibility_reduce_bright_colors.xml
atspi-check	Run accessibility tree check	2026-09-05T15:12:10.2337626Z /usr/local/lib/android/sdk/platforms/android-35-ext15/data/res/drawable/ic_accessibility_reduce_bright_colors_foreground.xml
atspi-check	Run accessibility tree check	2026-09-05T15:12:10.2338386Z /usr/local/lib/android/sdk/platforms/android-35-ext15/data/res/drawable/view_accessibility_focused.xml
atspi-check	Run accessibility tree check	2026-09-05T15:12:10.2339075Z /usr/local/lib/android/sdk/platforms/android-35-ext15/data/res/layout/accessibility_button_chooser.xml
atspi-check	Run accessibility tree check	2026-09-05T15:12:10.2339947Z /usr/local/lib/android/sdk/platforms/android-35-ext15/data/res/layout/accessibility_button_chooser_item.xml
atspi-check	Run accessibility tree check	2026-09-05T15:12:10.2340688Z /usr/local/lib/android/sdk/platforms/android-35-ext15/data/res/layout/accessibility_enable_service_warning.xml
atspi-check	Run accessibility tree check	2026-09-05T15:12:10.2341406Z /usr/local/lib/android/sdk/platforms/android-35-ext15/data/res/layout/accessibility_service_warning.xml
atspi-check	Run accessibility tree check	2026-09-05T15:12:10.2342112Z /usr/local/lib/android/sdk/platforms/android-35-ext15/data/res/layout/accessibility_shortcut_chooser_item.xml
atspi-check	Run accessibility tree check	2026-09-05T15:12:10.2342847Z /usr/local/lib/android/sdk/platforms/android-35-ext15/data/res/xml/autofill_compat_accessibility_service.xml
atspi-check	Run accessibility tree check	2026-09-05T15:12:10.2343573Z /usr/local/lib/android/sdk/platforms/android-35/data/res/drawable-hdpi/perm_group_accessibility_features.png
atspi-check	Run accessibility tree check	2026-09-05T15:12:10.2344296Z /usr/local/lib/android/sdk/platforms/android-35/data/res/drawable-mdpi/perm_group_accessibility_features.png
atspi-check	Run accessibility tree check	2026-09-05T15:12:10.2345021Z /usr/local/lib/android/sdk/platforms/android-35/data/res/drawable-xhdpi/perm_group_accessibility_features.png
atspi-check	Run accessibility tree check	2026-09-05T15:12:10.2345765Z /usr/local/lib/android/sdk/platforms/android-35/data/res/drawable-xxhdpi/perm_group_accessibility_features.png
atspi-check	Run accessibility tree check	2026-09-05T15:12:10.2346511Z /usr/local/lib/android/sdk/platforms/android-35/data/res/drawable-xxxhdpi/perm_group_accessibility_features.png
atspi-check	Run accessibility tree check	2026-09-05T15:12:10.2347311Z /usr/local/lib/android/sdk/platforms/android-35/data/res/drawable/accessibility_magnification_thumbnail_background_bg.xml
atspi-check	Run accessibility tree check	2026-09-05T15:12:10.2348135Z /usr/local/lib/android/sdk/platforms/android-35/data/res/drawable/accessibility_magnification_thumbnail_background_fg.xml
atspi-check	Run accessibility tree check	2026-09-05T15:12:10.2348930Z /usr/local/lib/android/sdk/platforms/android-35/data/res/drawable/accessibility_magnification_thumbnail_bg.xml
atspi-check	Run accessibility tree check	2026-09-05T15:12:10.2349742Z /usr/local/lib/android/sdk/platforms/android-35/data/res/drawable/ic_accessibility_24dp.xml
atspi-check	Run accessibility tree check	2026-09-05T15:12:10.2350392Z /usr/local/lib/android/sdk/platforms/android-35/data/res/drawable/ic_accessibility_color_correction.xml
atspi-check	Run accessibility tree check	2026-09-05T15:12:10.2351250Z /usr/local/lib/android/sdk/platforms/android-35/data/res/drawable/ic_accessibility_color_correction_foreground.xml
atspi-check	Run accessibility tree check	2026-09-05T15:12:10.2351974Z /usr/local/lib/android/sdk/platforms/android-35/data/res/drawable/ic_accessibility_color_inversion.xml
atspi-check	Run accessibility tree check	2026-09-05T15:12:10.2352698Z /usr/local/lib/android/sdk/platforms/android-35/data/res/drawable/ic_accessibility_color_inversion_foreground.xml
atspi-check	Run accessibility tree check	2026-09-05T15:12:10.2353388Z /usr/local/lib/android/sdk/platforms/android-35/data/res/drawable/ic_accessibility_generic.xml
atspi-check	Run accessibility tree check	2026-09-05T15:12:10.2354153Z /usr/local/lib/android/sdk/platforms/android-35/data/res/drawable/ic_accessibility_hearing_aid.xml
atspi-check	Run accessibility tree check	2026-09-05T15:12:10.2354840Z /usr/local/lib/android/sdk/platforms/android-35/data/res/drawable/ic_accessibility_hearing_aid_foreground.xml
atspi-check	Run accessibility tree check	2026-09-05T15:12:10.2355539Z /usr/local/lib/android/sdk/platforms/android-35/data/res/drawable/ic_accessibility_magnification.xml
atspi-check	Run accessibility tree check	2026-09-05T15:12:10.2356247Z /usr/local/lib/android/sdk/platforms/android-35/data/res/drawable/ic_accessibility_magnification_foreground.xml
atspi-check	Run accessibility tree check	2026-09-05T15:12:10.2356945Z /usr/local/lib/android/sdk/platforms/android-35/data/res/drawable/ic_accessibility_one_handed.xml
atspi-check	Run accessibility tree check	2026-09-05T15:12:10.2357763Z /usr/local/lib/android/sdk/platforms/android-35/data/res/drawable/ic_accessibility_one_handed_foreground.xml
atspi-check	Run accessibility tree check	2026-09-05T15:12:10.2358570Z /usr/local/lib/android/sdk/platforms/android-35/data/res/drawable/ic_accessibility_reduce_bright_colors.xml
atspi-check	Run accessibility tree check	2026-09-05T15:12:10.2359346Z /usr/local/lib/android/sdk/platforms/android-35/data/res/drawable/ic_accessibility_reduce_bright_colors_foreground.xml
atspi-check	Run accessibility tree check	2026-09-05T15:12:10.2360437Z /usr/local/lib/android/sdk/platforms/android-35/data/res/drawable/view_accessibility_focused.xml
atspi-check	Run accessibility tree check	2026-09-05T15:12:10.2361079Z /usr/local/lib/android/sdk/platforms/android-35/data/res/layout/accessibility_button_chooser.xml
atspi-check	Run accessibility tree check	2026-09-05T15:12:10.2361732Z /usr/local/lib/android/sdk/platforms/android-35/data/res/layout/accessibility_button_chooser_item.xml
atspi-check	Run accessibility tree check	2026-09-05T15:12:10.2362418Z /usr/local/lib/android/sdk/platforms/android-35/data/res/layout/accessibility_enable_service_warning.xml
atspi-check	Run accessibility tree check	2026-09-05T15:12:10.2363091Z /usr/local/lib/android/sdk/platforms/android-35/data/res/layout/accessibility_service_warning.xml
atspi-check	Run accessibility tree check	2026-09-05T15:12:10.2363752Z /usr/local/lib/android/sdk/platforms/android-35/data/res/layout/accessibility_shortcut_chooser_item.xml
atspi-check	Run accessibility tree check	2026-09-05T15:12:10.2364445Z /usr/local/lib/android/sdk/platforms/android-35/data/res/xml/autofill_compat_accessibility_service.xml
atspi-check	Run accessibility tree check	2026-09-05T15:12:10.2365187Z /usr/local/lib/android/sdk/platforms/android-36-ext18/data/res/drawable-hdpi/perm_group_accessibility_features.png
atspi-check	Run accessibility tree check	2026-09-05T15:12:10.2365962Z /usr/local/lib/android/sdk/platforms/android-36-ext18/data/res/drawable-mdpi/perm_group_accessibility_features.png
atspi-check	Run accessibility tree check	2026-09-05T15:12:10.2366738Z /usr/local/lib/android/sdk/platforms/android-36-ext18/data/res/drawable-xhdpi/perm_group_accessibility_features.png
atspi-check	Run accessibility tree check	2026-09-05T15:12:10.2367537Z /usr/local/lib/android/sdk/platforms/android-36-ext18/data/res/drawable-xxhdpi/perm_group_accessibility_features.png
atspi-check	Run accessibility tree check	2026-09-05T15:12:10.2368337Z /usr/local/lib/android/sdk/platforms/android-36-ext18/data/res/drawable-xxxhdpi/perm_group_accessibility_features.png
atspi-check	Run accessibility tree check	2026-09-05T15:12:10.2369187Z /usr/local/lib/android/sdk/platforms/android-36-ext18/data/res/drawable/accessibility_autoclick_button_group_rounded_background.xml
atspi-check	Run accessibility tree check	2026-09-05T15:12:10.2370368Z /usr/local/lib/android/sdk/platforms/android-36-ext18/data/res/drawable/accessibility_autoclick_button_rounded_background.xml
atspi-check	Run accessibility tree check	2026-09-05T15:12:10.2371191Z /usr/local/lib/android/sdk/platforms/android-36-ext18/data/res/drawable/accessibility_autoclick_double_click.xml
atspi-check	Run accessibility tree check	2026-09-05T15:12:10.2371919Z /usr/local/lib/android/sdk/platforms/android-36-ext18/data/res/drawable/accessibility_autoclick_drag.xml
atspi-check	Run accessibility tree check	2026-09-05T15:12:10.2372635Z /usr/local/lib/android/sdk/platforms/android-36-ext18/data/res/drawable/accessibility_autoclick_left_click.xml
atspi-check	Run accessibility tree check	2026-09-05T15:12:10.2373361Z /usr/local/lib/android/sdk/platforms/android-36-ext18/data/res/drawable/accessibility_autoclick_pause.xml
atspi-check	Run accessibility tree check	2026-09-05T15:12:10.2374260Z /usr/local/lib/android/sdk/platforms/android-36-ext18/data/res/drawable/accessibility_autoclick_position.xml
atspi-check	Run accessibility tree check	2026-09-05T15:12:10.2374989Z /usr/local/lib/android/sdk/platforms/android-36-ext18/data/res/drawable/accessibility_autoclick_resume.xml
atspi-check	Run accessibility tree check	2026-09-05T15:12:10.2375720Z /usr/local/lib/android/sdk/platforms/android-36-ext18/data/res/drawable/accessibility_autoclick_right_click.xml
atspi-check	Run accessibility tree check	2026-09-05T15:12:10.2376458Z /usr/local/lib/android/sdk/platforms/android-36-ext18/data/res/drawable/accessibility_autoclick_scroll.xml
atspi-check	Run accessibility tree check	2026-09-05T15:12:10.2377307Z /usr/local/lib/android/sdk/platforms/android-36-ext18/data/res/drawable/accessibility_autoclick_scroll_down.xml
atspi-check	Run accessibility tree check	2026-09-05T15:12:10.2378046Z /usr/local/lib/android/sdk/platforms/android-36-ext18/data/res/drawable/accessibility_autoclick_scroll_exit.xml
atspi-check	Run accessibility tree check	2026-09-05T15:12:10.2378784Z /usr/local/lib/android/sdk/platforms/android-36-ext18/data/res/drawable/accessibility_autoclick_scroll_left.xml
atspi-check	Run accessibility tree check	2026-09-05T15:12:10.2379703Z /usr/local/lib/android/sdk/platforms/android-36-ext18/data/res/drawable/accessibility_autoclick_scroll_right.xml
atspi-check	Run accessibility tree check	2026-09-05T15:12:10.2380453Z /usr/local/lib/android/sdk/platforms/android-36-ext18/data/res/drawable/accessibility_autoclick_scroll_up.xml
atspi-check	Run accessibility tree check	2026-09-05T15:12:10.2381263Z /usr/local/lib/android/sdk/platforms/android-36-ext18/data/res/drawable/accessibility_autoclick_type_panel_rounded_background.xml
atspi-check	Run accessibility tree check	2026-09-05T15:12:10.2382137Z /usr/local/lib/android/sdk/platforms/android-36-ext18/data/res/drawable/accessibility_magnification_thumbnail_background_bg.xml
atspi-check	Run accessibility tree check	2026-09-05T15:12:10.2383036Z /usr/local/lib/android/sdk/platforms/android-36-ext18/data/res/drawable/accessibility_magnification_thumbnail_background_fg.xml
atspi-check	Run accessibility tree check	2026-09-05T15:12:10.2383870Z /usr/local/lib/android/sdk/platforms/android-36-ext18/data/res/drawable/accessibility_magnification_thumbnail_bg.xml
atspi-check	Run accessibility tree check	2026-09-05T15:12:10.2384590Z /usr/local/lib/android/sdk/platforms/android-36-ext18/data/res/drawable/ic_accessibility_24dp.xml
atspi-check	Run accessibility tree check	2026-09-05T15:12:10.2385263Z /usr/local/lib/android/sdk/platforms/android-36-ext18/data/res/drawable/ic_accessibility_autoclick.xml
atspi-check	Run accessibility tree check	2026-09-05T15:12:10.2385994Z /usr/local/lib/android/sdk/platforms/android-36-ext18/data/res/drawable/ic_accessibility_autoclick_foreground.xml
atspi-check	Run accessibility tree check	2026-09-05T15:12:10.2386738Z /usr/local/lib/android/sdk/platforms/android-36-ext18/data/res/drawable/ic_accessibility_color_correction.xml
atspi-check	Run accessibility tree check	2026-09-05T15:12:10.2387521Z /usr/local/lib/android/sdk/platforms/android-36-ext18/data/res/drawable/ic_accessibility_color_correction_foreground.xml
atspi-check	Run accessibility tree check	2026-09-05T15:12:10.2388295Z /usr/local/lib/android/sdk/platforms/android-36-ext18/data/res/drawable/ic_accessibility_color_inversion.xml
atspi-check	Run accessibility tree check	2026-09-05T15:12:10.2389066Z /usr/local/lib/android/sdk/platforms/android-36-ext18/data/res/drawable/ic_accessibility_color_inversion_foreground.xml
atspi-check	Run accessibility tree check	2026-09-05T15:12:10.2389935Z /usr/local/lib/android/sdk/platforms/android-36-ext18/data/res/drawable/ic_accessibility_generic.xml
atspi-check	Run accessibility tree check	2026-09-05T15:12:10.2390623Z /usr/local/lib/android/sdk/platforms/android-36-ext18/data/res/drawable/ic_accessibility_hearing_aid.xml
atspi-check	Run accessibility tree check	2026-09-05T15:12:10.2391350Z /usr/local/lib/android/sdk/platforms/android-36-ext18/data/res/drawable/ic_accessibility_hearing_aid_blue_dot.xml
atspi-check	Run accessibility tree check	2026-09-05T15:12:10.2392125Z /usr/local/lib/android/sdk/platforms/android-36-ext18/data/res/drawable/ic_accessibility_hearing_aid_disconnected.xml
atspi-check	Run accessibility tree check	2026-09-05T15:12:10.2392956Z /usr/local/lib/android/sdk/platforms/android-36-ext18/data/res/drawable/ic_accessibility_hearing_aid_disconnected_foreground.xml
atspi-check	Run accessibility tree check	2026-09-05T15:12:10.2393783Z /usr/local/lib/android/sdk/platforms/android-36-ext18/data/res/drawable/ic_accessibility_hearing_aid_foreground.xml
atspi-check	Run accessibility tree check	2026-09-05T15:12:10.2394552Z /usr/local/lib/android/sdk/platforms/android-36-ext18/data/res/drawable/ic_accessibility_hearing_aid_green_dot.xml
atspi-check	Run accessibility tree check	2026-09-05T15:12:10.2395295Z /usr/local/lib/android/sdk/platforms/android-36-ext18/data/res/drawable/ic_accessibility_magnification.xml
atspi-check	Run accessibility tree check	2026-09-05T15:12:10.2396055Z /usr/local/lib/android/sdk/platforms/android-36-ext18/data/res/drawable/ic_accessibility_magnification_foreground.xml
atspi-check	Run accessibility tree check	2026-09-05T15:12:10.2396932Z /usr/local/lib/android/sdk/platforms/android-36-ext18/data/res/drawable/ic_accessibility_one_handed.xml
atspi-check	Run accessibility tree check	2026-09-05T15:12:10.2397661Z /usr/local/lib/android/sdk/platforms/android-36-ext18/data/res/drawable/ic_accessibility_one_handed_foreground.xml
atspi-check	Run accessibility tree check	2026-09-05T15:12:10.2398420Z /usr/local/lib/android/sdk/platforms/android-36-ext18/data/res/drawable/ic_accessibility_reduce_bright_colors.xml
atspi-check	Run accessibility tree check	2026-09-05T15:12:10.2399326Z /usr/local/lib/android/sdk/platforms/android-36-ext18/data/res/drawable/ic_accessibility_reduce_bright_colors_foreground.xml
atspi-check	Run accessibility tree check	2026-09-05T15:12:10.2400478Z /usr/local/lib/android/sdk/platforms/android-36-ext18/data/res/drawable/view_accessibility_focused.xml
atspi-check	Run accessibility tree check	2026-09-05T15:12:10.2401207Z /usr/local/lib/android/sdk/platforms/android-36-ext18/data/res/layout/accessibility_autoclick_scroll_panel.xml
atspi-check	Run accessibility tree check	2026-09-05T15:12:10.2401945Z /usr/local/lib/android/sdk/platforms/android-36-ext18/data/res/layout/accessibility_autoclick_type_panel.xml
atspi-check	Run accessibility tree check	2026-09-05T15:12:10.2402653Z /usr/local/lib/android/sdk/platforms/android-36-ext18/data/res/layout/accessibility_button_chooser.xml
atspi-check	Run accessibility tree check	2026-09-05T15:12:10.2403360Z /usr/local/lib/android/sdk/platforms/android-36-ext18/data/res/layout/accessibility_button_chooser_item.xml
atspi-check	Run accessibility tree check	2026-09-05T15:12:10.2404089Z /usr/local/lib/android/sdk/platforms/android-36-ext18/data/res/layout/accessibility_enable_service_warning.xml
atspi-check	Run accessibility tree check	2026-09-05T15:12:10.2404802Z /usr/local/lib/android/sdk/platforms/android-36-ext18/data/res/layout/accessibility_service_warning.xml
atspi-check	Run accessibility tree check	2026-09-05T15:12:10.2405532Z /usr/local/lib/android/sdk/platforms/android-36-ext18/data/res/layout/accessibility_shortcut_chooser_item.xml
atspi-check	Run accessibility tree check	2026-09-05T15:12:10.2406271Z /usr/local/lib/android/sdk/platforms/android-36-ext18/data/res/xml/autofill_compat_accessibility_service.xml
atspi-check	Run accessibility tree check	2026-09-05T15:12:10.2407023Z /usr/local/lib/android/sdk/platforms/android-36-ext19/data/res/drawable-hdpi/perm_group_accessibility_features.png
atspi-check	Run accessibility tree check	2026-09-05T15:12:10.2407800Z /usr/local/lib/android/sdk/platforms/android-36-ext19/data/res/drawable-mdpi/perm_group_accessibility_features.png
atspi-check	Run accessibility tree check	2026-09-05T15:12:10.2408578Z /usr/local/lib/android/sdk/platforms/android-36-ext19/data/res/drawable-xhdpi/perm_group_accessibility_features.png
atspi-check	Run accessibility tree check	2026-09-05T15:12:10.2409364Z /usr/local/lib/android/sdk/platforms/android-36-ext19/data/res/drawable-xxhdpi/perm_group_accessibility_features.png
atspi-check	Run accessibility tree check	2026-09-05T15:12:10.2410438Z /usr/local/lib/android/sdk/platforms/android-36-ext19/data/res/drawable-xxxhdpi/perm_group_accessibility_features.png
atspi-check	Run accessibility tree check	2026-09-05T15:12:10.2411298Z /usr/local/lib/android/sdk/platforms/android-36-ext19/data/res/drawable/accessibility_autoclick_button_group_rounded_background.xml
atspi-check	Run accessibility tree check	2026-09-05T15:12:10.2412186Z /usr/local/lib/android/sdk/platforms/android-36-ext19/data/res/drawable/accessibility_autoclick_button_rounded_background.xml
atspi-check	Run accessibility tree check	2026-09-05T15:12:10.2412992Z /usr/local/lib/android/sdk/platforms/android-36-ext19/data/res/drawable/accessibility_autoclick_double_click.xml
atspi-check	Run accessibility tree check	2026-09-05T15:12:10.2413724Z /usr/local/lib/android/sdk/platforms/android-36-ext19/data/res/drawable/accessibility_autoclick_drag.xml
atspi-check	Run accessibility tree check	2026-09-05T15:12:10.2414451Z /usr/local/lib/android/sdk/platforms/android-36-ext19/data/res/drawable/accessibility_autoclick_left_click.xml
atspi-check	Run accessibility tree check	2026-09-05T15:12:10.2415180Z /usr/local/lib/android/sdk/platforms/android-36-ext19/data/res/drawable/accessibility_autoclick_pause.xml
atspi-check	Run accessibility tree check	2026-09-05T15:12:10.2415896Z /usr/local/lib/android/sdk/platforms/android-36-ext19/data/res/drawable/accessibility_autoclick_position.xml
atspi-check	Run accessibility tree check	2026-09-05T15:12:10.2416630Z /usr/local/lib/android/sdk/platforms/android-36-ext19/data/res/drawable/accessibility_autoclick_resume.xml
atspi-check	Run accessibility tree check	2026-09-05T15:12:10.2417371Z /usr/local/lib/android/sdk/platforms/android-36-ext19/data/res/drawable/accessibility_autoclick_right_click.xml
atspi-check	Run accessibility tree check	2026-09-05T15:12:10.2418109Z /usr/local/lib/android/sdk/platforms/android-36-ext19/data/res/drawable/accessibility_autoclick_scroll.xml
atspi-check	Run accessibility tree check	2026-09-05T15:12:10.2418834Z /usr/local/lib/android/sdk/platforms/android-36-ext19/data/res/drawable/accessibility_autoclick_scroll_down.xml
atspi-check	Run accessibility tree check	2026-09-05T15:12:10.2419882Z /usr/local/lib/android/sdk/platforms/android-36-ext19/data/res/drawable/accessibility_autoclick_scroll_exit.xml
atspi-check	Run accessibility tree check	2026-09-05T15:12:10.2420631Z /usr/local/lib/android/sdk/platforms/android-36-ext19/data/res/drawable/accessibility_autoclick_scroll_left.xml
atspi-check	Run accessibility tree check	2026-09-05T15:12:10.2421378Z /usr/local/lib/android/sdk/platforms/android-36-ext19/data/res/drawable/accessibility_autoclick_scroll_right.xml
atspi-check	Run accessibility tree check	2026-09-05T15:12:10.2422251Z /usr/local/lib/android/sdk/platforms/android-36-ext19/data/res/drawable/accessibility_autoclick_scroll_up.xml
atspi-check	Run accessibility tree check	2026-09-05T15:12:10.2423067Z /usr/local/lib/android/sdk/platforms/android-36-ext19/data/res/drawable/accessibility_autoclick_type_panel_rounded_background.xml
atspi-check	Run accessibility tree check	2026-09-05T15:12:10.2423952Z /usr/local/lib/android/sdk/platforms/android-36-ext19/data/res/drawable/accessibility_magnification_thumbnail_background_bg.xml
atspi-check	Run accessibility tree check	2026-09-05T15:12:10.2424819Z /usr/local/lib/android/sdk/platforms/android-36-ext19/data/res/drawable/accessibility_magnification_thumbnail_background_fg.xml
atspi-check	Run accessibility tree check	2026-09-05T15:12:10.2425657Z /usr/local/lib/android/sdk/platforms/android-36-ext19/data/res/drawable/accessibility_magnification_thumbnail_bg.xml
atspi-check	Run accessibility tree check	2026-09-05T15:12:10.2426382Z /usr/local/lib/android/sdk/platforms/android-36-ext19/data/res/drawable/ic_accessibility_24dp.xml
atspi-check	Run accessibility tree check	2026-09-05T15:12:10.2427068Z /usr/local/lib/android/sdk/platforms/android-36-ext19/data/res/drawable/ic_accessibility_autoclick.xml
atspi-check	Run accessibility tree check	2026-09-05T15:12:10.2427801Z /usr/local/lib/android/sdk/platforms/android-36-ext19/data/res/drawable/ic_accessibility_autoclick_foreground.xml
atspi-check	Run accessibility tree check	2026-09-05T15:12:10.2428550Z /usr/local/lib/android/sdk/platforms/android-36-ext19/data/res/drawable/ic_accessibility_color_correction.xml
atspi-check	Run accessibility tree check	2026-09-05T15:12:10.2429325Z /usr/local/lib/android/sdk/platforms/android-36-ext19/data/res/drawable/ic_accessibility_color_correction_foreground.xml
atspi-check	Run accessibility tree check	2026-09-05T15:12:10.2430239Z /usr/local/lib/android/sdk/platforms/android-36-ext19/data/res/drawable/ic_accessibility_color_inversion.xml
atspi-check	Run accessibility tree check	2026-09-05T15:12:10.2431051Z /usr/local/lib/android/sdk/platforms/android-36-ext19/data/res/drawable/ic_accessibility_color_inversion_foreground.xml
atspi-check	Run accessibility tree check	2026-09-05T15:12:10.2431788Z /usr/local/lib/android/sdk/platforms/android-36-ext19/data/res/drawable/ic_accessibility_generic.xml
atspi-check	Run accessibility tree check	2026-09-05T15:12:10.2432476Z /usr/local/lib/android/sdk/platforms/android-36-ext19/data/res/drawable/ic_accessibility_hearing_aid.xml
atspi-check	Run accessibility tree check	2026-09-05T15:12:10.2433200Z /usr/local/lib/android/sdk/platforms/android-36-ext19/data/res/drawable/ic_accessibility_hearing_aid_blue_dot.xml
atspi-check	Run accessibility tree check	2026-09-05T15:12:10.2433985Z /usr/local/lib/android/sdk/platforms/android-36-ext19/data/res/drawable/ic_accessibility_hearing_aid_disconnected.xml
atspi-check	Run accessibility tree check	2026-09-05T15:12:10.2434816Z /usr/local/lib/android/sdk/platforms/android-36-ext19/data/res/drawable/ic_accessibility_hearing_aid_disconnected_foreground.xml
atspi-check	Run accessibility tree check	2026-09-05T15:12:10.2435641Z /usr/local/lib/android/sdk/platforms/android-36-ext19/data/res/drawable/ic_accessibility_hearing_aid_foreground.xml
atspi-check	Run accessibility tree check	2026-09-05T15:12:10.2436414Z /usr/local/lib/android/sdk/platforms/android-36-ext19/data/res/drawable/ic_accessibility_hearing_aid_green_dot.xml
atspi-check	Run accessibility tree check	2026-09-05T15:12:10.2437153Z /usr/local/lib/android/sdk/platforms/android-36-ext19/data/res/drawable/ic_accessibility_magnification.xml
atspi-check	Run accessibility tree check	2026-09-05T15:12:10.2437910Z /usr/local/lib/android/sdk/platforms/android-36-ext19/data/res/drawable/ic_accessibility_magnification_foreground.xml
atspi-check	Run accessibility tree check	2026-09-05T15:12:10.2438648Z /usr/local/lib/android/sdk/platforms/android-36-ext19/data/res/drawable/ic_accessibility_one_handed.xml
atspi-check	Run accessibility tree check	2026-09-05T15:12:10.2439631Z /usr/local/lib/android/sdk/platforms/android-36-ext19/data/res/drawable/ic_accessibility_one_handed_foreground.xml
atspi-check	Run accessibility tree check	2026-09-05T15:12:10.2440573Z /usr/local/lib/android/sdk/platforms/android-36-ext19/data/res/drawable/ic_accessibility_reduce_bright_colors.xml
atspi-check	Run accessibility tree check	2026-09-05T15:12:10.2441389Z /usr/local/lib/android/sdk/platforms/android-36-ext19/data/res/drawable/ic_accessibility_reduce_bright_colors_foreground.xml
atspi-check	Run accessibility tree check	2026-09-05T15:12:10.2442333Z /usr/local/lib/android/sdk/platforms/android-36-ext19/data/res/drawable/view_accessibility_focused.xml
atspi-check	Run accessibility tree check	2026-09-05T15:12:10.2443060Z /usr/local/lib/android/sdk/platforms/android-36-ext19/data/res/layout/accessibility_autoclick_scroll_panel.xml
atspi-check	Run accessibility tree check	2026-09-05T15:12:10.2443962Z /usr/local/lib/android/sdk/platforms/android-36-ext19/data/res/layout/accessibility_autoclick_type_panel.xml
atspi-check	Run accessibility tree check	2026-09-05T15:12:10.2444676Z /usr/local/lib/android/sdk/platforms/android-36-ext19/data/res/layout/accessibility_button_chooser.xml
atspi-check	Run accessibility tree check	2026-09-05T15:12:10.2445503Z /usr/local/lib/android/sdk/platforms/android-36-ext19/data/res/layout/accessibility_button_chooser_item.xml
atspi-check	Run accessibility tree check	2026-09-05T15:12:10.2446231Z /usr/local/lib/android/sdk/platforms/android-36-ext19/data/res/layout/accessibility_enable_service_warning.xml
atspi-check	Run accessibility tree check	2026-09-05T15:12:10.2446944Z /usr/local/lib/android/sdk/platforms/android-36-ext19/data/res/layout/accessibility_service_warning.xml
atspi-check	Run accessibility tree check	2026-09-05T15:12:10.2447653Z /usr/local/lib/android/sdk/platforms/android-36-ext19/data/res/layout/accessibility_shortcut_chooser_item.xml
atspi-check	Run accessibility tree check	2026-09-05T15:12:10.2448393Z /usr/local/lib/android/sdk/platforms/android-36-ext19/data/res/xml/autofill_compat_accessibility_service.xml
atspi-check	Run accessibility tree check	2026-09-05T15:12:10.2449144Z /usr/local/lib/android/sdk/platforms/android-36.1/data/res/color/accessibility_autoclick_type_button_color.xml
atspi-check	Run accessibility tree check	2026-09-05T15:12:10.2450211Z /usr/local/lib/android/sdk/platforms/android-36.1/data/res/color/accessibility_autoclick_type_button_container_background.xml
atspi-check	Run accessibility tree check	2026-09-05T15:12:10.2451023Z /usr/local/lib/android/sdk/platforms/android-36.1/data/res/drawable-hdpi/perm_group_accessibility_features.png
atspi-check	Run accessibility tree check	2026-09-05T15:12:10.2451751Z /usr/local/lib/android/sdk/platforms/android-36.1/data/res/drawable-mdpi/perm_group_accessibility_features.png
atspi-check	Run accessibility tree check	2026-09-05T15:12:10.2452499Z /usr/local/lib/android/sdk/platforms/android-36.1/data/res/drawable-xhdpi/perm_group_accessibility_features.png
atspi-check	Run accessibility tree check	2026-09-05T15:12:10.2453252Z /usr/local/lib/android/sdk/platforms/android-36.1/data/res/drawable-xxhdpi/perm_group_accessibility_features.png
atspi-check	Run accessibility tree check	2026-09-05T15:12:10.2454008Z /usr/local/lib/android/sdk/platforms/android-36.1/data/res/drawable-xxxhdpi/perm_group_accessibility_features.png
atspi-check	Run accessibility tree check	2026-09-05T15:12:10.2454825Z /usr/local/lib/android/sdk/platforms/android-36.1/data/res/drawable/accessibility_autoclick_button_group_rounded_background.xml
atspi-check	Run accessibility tree check	2026-09-05T15:12:10.2455663Z /usr/local/lib/android/sdk/platforms/android-36.1/data/res/drawable/accessibility_autoclick_button_rounded_background.xml
atspi-check	Run accessibility tree check	2026-09-05T15:12:10.2456437Z /usr/local/lib/android/sdk/platforms/android-36.1/data/res/drawable/accessibility_autoclick_double_click.xml
atspi-check	Run accessibility tree check	2026-09-05T15:12:10.2457130Z /usr/local/lib/android/sdk/platforms/android-36.1/data/res/drawable/accessibility_autoclick_drag.xml
atspi-check	Run accessibility tree check	2026-09-05T15:12:10.2457816Z /usr/local/lib/android/sdk/platforms/android-36.1/data/res/drawable/accessibility_autoclick_left_click.xml
atspi-check	Run accessibility tree check	2026-09-05T15:12:10.2458520Z /usr/local/lib/android/sdk/platforms/android-36.1/data/res/drawable/accessibility_autoclick_long_press.xml
atspi-check	Run accessibility tree check	2026-09-05T15:12:10.2459213Z /usr/local/lib/android/sdk/platforms/android-36.1/data/res/drawable/accessibility_autoclick_pause.xml
atspi-check	Run accessibility tree check	2026-09-05T15:12:10.2460154Z /usr/local/lib/android/sdk/platforms/android-36.1/data/res/drawable/accessibility_autoclick_position.xml
atspi-check	Run accessibility tree check	2026-09-05T15:12:10.2460893Z /usr/local/lib/android/sdk/platforms/android-36.1/data/res/drawable/accessibility_autoclick_position_bottom_left.xml
atspi-check	Run accessibility tree check	2026-09-05T15:12:10.2461671Z /usr/local/lib/android/sdk/platforms/android-36.1/data/res/drawable/accessibility_autoclick_position_bottom_right.xml
atspi-check	Run accessibility tree check	2026-09-05T15:12:10.2462441Z /usr/local/lib/android/sdk/platforms/android-36.1/data/res/drawable/accessibility_autoclick_position_top_left.xml
atspi-check	Run accessibility tree check	2026-09-05T15:12:10.2463200Z /usr/local/lib/android/sdk/platforms/android-36.1/data/res/drawable/accessibility_autoclick_position_top_right.xml
atspi-check	Run accessibility tree check	2026-09-05T15:12:10.2463915Z /usr/local/lib/android/sdk/platforms/android-36.1/data/res/drawable/accessibility_autoclick_resume.xml
atspi-check	Run accessibility tree check	2026-09-05T15:12:10.2464614Z /usr/local/lib/android/sdk/platforms/android-36.1/data/res/drawable/accessibility_autoclick_right_click.xml
atspi-check	Run accessibility tree check	2026-09-05T15:12:10.2465484Z /usr/local/lib/android/sdk/platforms/android-36.1/data/res/drawable/accessibility_autoclick_scroll.xml
atspi-check	Run accessibility tree check	2026-09-05T15:12:10.2466176Z /usr/local/lib/android/sdk/platforms/android-36.1/data/res/drawable/accessibility_autoclick_scroll_down.xml
atspi-check	Run accessibility tree check	2026-09-05T15:12:10.2466937Z /usr/local/lib/android/sdk/platforms/android-36.1/data/res/drawable/accessibility_autoclick_scroll_down_background.xml
atspi-check	Run accessibility tree check	2026-09-05T15:12:10.2467791Z /usr/local/lib/android/sdk/platforms/android-36.1/data/res/drawable/accessibility_autoclick_scroll_exit.xml
atspi-check	Run accessibility tree check	2026-09-05T15:12:10.2468543Z /usr/local/lib/android/sdk/platforms/android-36.1/data/res/drawable/accessibility_autoclick_scroll_exit_background.xml
atspi-check	Run accessibility tree check	2026-09-05T15:12:10.2469292Z /usr/local/lib/android/sdk/platforms/android-36.1/data/res/drawable/accessibility_autoclick_scroll_left.xml
atspi-check	Run accessibility tree check	2026-09-05T15:12:10.2470181Z /usr/local/lib/android/sdk/platforms/android-36.1/data/res/drawable/accessibility_autoclick_scroll_left_background.xml
atspi-check	Run accessibility tree check	2026-09-05T15:12:10.2470974Z /usr/local/lib/android/sdk/platforms/android-36.1/data/res/drawable/accessibility_autoclick_scroll_panel_container.xml
atspi-check	Run accessibility tree check	2026-09-05T15:12:10.2471727Z /usr/local/lib/android/sdk/platforms/android-36.1/data/res/drawable/accessibility_autoclick_scroll_right.xml
atspi-check	Run accessibility tree check	2026-09-05T15:12:10.2472491Z /usr/local/lib/android/sdk/platforms/android-36.1/data/res/drawable/accessibility_autoclick_scroll_right_background.xml
atspi-check	Run accessibility tree check	2026-09-05T15:12:10.2473244Z /usr/local/lib/android/sdk/platforms/android-36.1/data/res/drawable/accessibility_autoclick_scroll_up.xml
atspi-check	Run accessibility tree check	2026-09-05T15:12:10.2473989Z /usr/local/lib/android/sdk/platforms/android-36.1/data/res/drawable/accessibility_autoclick_scroll_up_background.xml
atspi-check	Run accessibility tree check	2026-09-05T15:12:10.2474811Z /usr/local/lib/android/sdk/platforms/android-36.1/data/res/drawable/accessibility_autoclick_type_panel_rounded_background.xml
atspi-check	Run accessibility tree check	2026-09-05T15:12:10.2475671Z /usr/local/lib/android/sdk/platforms/android-36.1/data/res/drawable/accessibility_magnification_thumbnail_background_bg.xml
atspi-check	Run accessibility tree check	2026-09-05T15:12:10.2476524Z /usr/local/lib/android/sdk/platforms/android-36.1/data/res/drawable/accessibility_magnification_thumbnail_background_fg.xml
atspi-check	Run accessibility tree check	2026-09-05T15:12:10.2477328Z /usr/local/lib/android/sdk/platforms/android-36.1/data/res/drawable/accessibility_magnification_thumbnail_bg.xml
atspi-check	Run accessibility tree check	2026-09-05T15:12:10.2478020Z /usr/local/lib/android/sdk/platforms/android-36.1/data/res/drawable/ic_accessibility_24dp.xml
atspi-check	Run accessibility tree check	2026-09-05T15:12:10.2478668Z /usr/local/lib/android/sdk/platforms/android-36.1/data/res/drawable/ic_accessibility_autoclick.xml
atspi-check	Run accessibility tree check	2026-09-05T15:12:10.2479365Z /usr/local/lib/android/sdk/platforms/android-36.1/data/res/drawable/ic_accessibility_autoclick_foreground.xml
atspi-check	Run accessibility tree check	2026-09-05T15:12:10.2480409Z /usr/local/lib/android/sdk/platforms/android-36.1/data/res/drawable/ic_accessibility_color_correction.xml
atspi-check	Run accessibility tree check	2026-09-05T15:12:10.2481150Z /usr/local/lib/android/sdk/platforms/android-36.1/data/res/drawable/ic_accessibility_color_correction_foreground.xml
atspi-check	Run accessibility tree check	2026-09-05T15:12:10.2481893Z /usr/local/lib/android/sdk/platforms/android-36.1/data/res/drawable/ic_accessibility_color_inversion.xml
atspi-check	Run accessibility tree check	2026-09-05T15:12:10.2482620Z /usr/local/lib/android/sdk/platforms/android-36.1/data/res/drawable/ic_accessibility_color_inversion_foreground.xml
atspi-check	Run accessibility tree check	2026-09-05T15:12:10.2483325Z /usr/local/lib/android/sdk/platforms/android-36.1/data/res/drawable/ic_accessibility_generic.xml
atspi-check	Run accessibility tree check	2026-09-05T15:12:10.2483980Z /usr/local/lib/android/sdk/platforms/android-36.1/data/res/drawable/ic_accessibility_hearing_aid.xml
atspi-check	Run accessibility tree check	2026-09-05T15:12:10.2484683Z /usr/local/lib/android/sdk/platforms/android-36.1/data/res/drawable/ic_accessibility_hearing_aid_blue_dot.xml
atspi-check	Run accessibility tree check	2026-09-05T15:12:10.2485425Z /usr/local/lib/android/sdk/platforms/android-36.1/data/res/drawable/ic_accessibility_hearing_aid_disconnected.xml
atspi-check	Run accessibility tree check	2026-09-05T15:12:10.2486216Z /usr/local/lib/android/sdk/platforms/android-36.1/data/res/drawable/ic_accessibility_hearing_aid_disconnected_foreground.xml
atspi-check	Run accessibility tree check	2026-09-05T15:12:10.2487056Z /usr/local/lib/android/sdk/platforms/android-36.1/data/res/drawable/ic_accessibility_hearing_aid_foreground.xml
atspi-check	Run accessibility tree check	2026-09-05T15:12:10.2487935Z /usr/local/lib/android/sdk/platforms/android-36.1/data/res/drawable/ic_accessibility_hearing_aid_green_dot.xml
atspi-check	Run accessibility tree check	2026-09-05T15:12:10.2488643Z /usr/local/lib/android/sdk/platforms/android-36.1/data/res/drawable/ic_accessibility_magnification.xml
atspi-check	Run accessibility tree check	2026-09-05T15:12:10.2489356Z /usr/local/lib/android/sdk/platforms/android-36.1/data/res/drawable/ic_accessibility_magnification_foreground.xml
atspi-check	Run accessibility tree check	2026-09-05T15:12:10.2490513Z /usr/local/lib/android/sdk/platforms/android-36.1/data/res/drawable/ic_accessibility_mouse_keys.xml
atspi-check	Run accessibility tree check	2026-09-05T15:12:10.2491240Z /usr/local/lib/android/sdk/platforms/android-36.1/data/res/drawable/ic_accessibility_mouse_keys_foreground.xml
atspi-check	Run accessibility tree check	2026-09-05T15:12:10.2491943Z /usr/local/lib/android/sdk/platforms/android-36.1/data/res/drawable/ic_accessibility_one_handed.xml
atspi-check	Run accessibility tree check	2026-09-05T15:12:10.2492643Z /usr/local/lib/android/sdk/platforms/android-36.1/data/res/drawable/ic_accessibility_one_handed_foreground.xml
atspi-check	Run accessibility tree check	2026-09-05T15:12:10.2493379Z /usr/local/lib/android/sdk/platforms/android-36.1/data/res/drawable/ic_accessibility_reduce_bright_colors.xml
atspi-check	Run accessibility tree check	2026-09-05T15:12:10.2494158Z /usr/local/lib/android/sdk/platforms/android-36.1/data/res/drawable/ic_accessibility_reduce_bright_colors_foreground.xml
atspi-check	Run accessibility tree check	2026-09-05T15:12:10.2494886Z /usr/local/lib/android/sdk/platforms/android-36.1/data/res/drawable/view_accessibility_focused.xml
atspi-check	Run accessibility tree check	2026-09-05T15:12:10.2495566Z /usr/local/lib/android/sdk/platforms/android-36.1/data/res/layout/accessibility_autoclick_scroll_panel.xml
atspi-check	Run accessibility tree check	2026-09-05T15:12:10.2496273Z /usr/local/lib/android/sdk/platforms/android-36.1/data/res/layout/accessibility_autoclick_type_panel.xml
atspi-check	Run accessibility tree check	2026-09-05T15:12:10.2496946Z /usr/local/lib/android/sdk/platforms/android-36.1/data/res/layout/accessibility_button_chooser.xml
atspi-check	Run accessibility tree check	2026-09-05T15:12:10.2497609Z /usr/local/lib/android/sdk/platforms/android-36.1/data/res/layout/accessibility_button_chooser_item.xml
atspi-check	Run accessibility tree check	2026-09-05T15:12:10.2498299Z /usr/local/lib/android/sdk/platforms/android-36.1/data/res/layout/accessibility_enable_service_warning.xml
atspi-check	Run accessibility tree check	2026-09-05T15:12:10.2498985Z /usr/local/lib/android/sdk/platforms/android-36.1/data/res/layout/accessibility_service_warning.xml
atspi-check	Run accessibility tree check	2026-09-05T15:12:10.2499951Z /usr/local/lib/android/sdk/platforms/android-36.1/data/res/layout/accessibility_shortcut_chooser_item.xml
atspi-check	Run accessibility tree check	2026-09-05T15:12:10.2500661Z /usr/local/lib/android/sdk/platforms/android-36.1/data/res/xml/autofill_compat_accessibility_service.xml
atspi-check	Run accessibility tree check	2026-09-05T15:12:10.2501378Z /usr/local/lib/android/sdk/platforms/android-36/data/res/drawable-hdpi/perm_group_accessibility_features.png
atspi-check	Run accessibility tree check	2026-09-05T15:12:10.2502115Z /usr/local/lib/android/sdk/platforms/android-36/data/res/drawable-mdpi/perm_group_accessibility_features.png
atspi-check	Run accessibility tree check	2026-09-05T15:12:10.2502980Z /usr/local/lib/android/sdk/platforms/android-36/data/res/drawable-xhdpi/perm_group_accessibility_features.png
atspi-check	Run accessibility tree check	2026-09-05T15:12:10.2503729Z /usr/local/lib/android/sdk/platforms/android-36/data/res/drawable-xxhdpi/perm_group_accessibility_features.png
atspi-check	Run accessibility tree check	2026-09-05T15:12:10.2504504Z /usr/local/lib/android/sdk/platforms/android-36/data/res/drawable-xxxhdpi/perm_group_accessibility_features.png
atspi-check	Run accessibility tree check	2026-09-05T15:12:10.2505317Z /usr/local/lib/android/sdk/platforms/android-36/data/res/drawable/accessibility_autoclick_button_group_rounded_background.xml
atspi-check	Run accessibility tree check	2026-09-05T15:12:10.2506158Z /usr/local/lib/android/sdk/platforms/android-36/data/res/drawable/accessibility_autoclick_button_rounded_background.xml
atspi-check	Run accessibility tree check	2026-09-05T15:12:10.2506926Z /usr/local/lib/android/sdk/platforms/android-36/data/res/drawable/accessibility_autoclick_double_click.xml
atspi-check	Run accessibility tree check	2026-09-05T15:12:10.2507615Z /usr/local/lib/android/sdk/platforms/android-36/data/res/drawable/accessibility_autoclick_drag.xml
atspi-check	Run accessibility tree check	2026-09-05T15:12:10.2508293Z /usr/local/lib/android/sdk/platforms/android-36/data/res/drawable/accessibility_autoclick_left_click.xml
atspi-check	Run accessibility tree check	2026-09-05T15:12:10.2508976Z /usr/local/lib/android/sdk/platforms/android-36/data/res/drawable/accessibility_autoclick_pause.xml
atspi-check	Run accessibility tree check	2026-09-05T15:12:10.2509933Z /usr/local/lib/android/sdk/platforms/android-36/data/res/drawable/accessibility_autoclick_position.xml
atspi-check	Run accessibility tree check	2026-09-05T15:12:10.2510838Z /usr/local/lib/android/sdk/platforms/android-36/data/res/drawable/accessibility_autoclick_resume.xml
atspi-check	Run accessibility tree check	2026-09-05T15:12:10.2511534Z /usr/local/lib/android/sdk/platforms/android-36/data/res/drawable/accessibility_autoclick_right_click.xml
atspi-check	Run accessibility tree check	2026-09-05T15:12:10.2512217Z /usr/local/lib/android/sdk/platforms/android-36/data/res/drawable/accessibility_autoclick_scroll.xml
atspi-check	Run accessibility tree check	2026-09-05T15:12:10.2512906Z /usr/local/lib/android/sdk/platforms/android-36/data/res/drawable/accessibility_autoclick_scroll_down.xml
atspi-check	Run accessibility tree check	2026-09-05T15:12:10.2513737Z /usr/local/lib/android/sdk/platforms/android-36/data/res/drawable/accessibility_autoclick_scroll_exit.xml
atspi-check	Run accessibility tree check	2026-09-05T15:12:10.2514442Z /usr/local/lib/android/sdk/platforms/android-36/data/res/drawable/accessibility_autoclick_scroll_left.xml
atspi-check	Run accessibility tree check	2026-09-05T15:12:10.2515153Z /usr/local/lib/android/sdk/platforms/android-36/data/res/drawable/accessibility_autoclick_scroll_right.xml
atspi-check	Run accessibility tree check	2026-09-05T15:12:10.2515862Z /usr/local/lib/android/sdk/platforms/android-36/data/res/drawable/accessibility_autoclick_scroll_up.xml
atspi-check	Run accessibility tree check	2026-09-05T15:12:10.2516637Z /usr/local/lib/android/sdk/platforms/android-36/data/res/drawable/accessibility_autoclick_type_panel_rounded_background.xml
atspi-check	Run accessibility tree check	2026-09-05T15:12:10.2517492Z /usr/local/lib/android/sdk/platforms/android-36/data/res/drawable/accessibility_magnification_thumbnail_background_bg.xml
atspi-check	Run accessibility tree check	2026-09-05T15:12:10.2518322Z /usr/local/lib/android/sdk/platforms/android-36/data/res/drawable/accessibility_magnification_thumbnail_background_fg.xml
atspi-check	Run accessibility tree check	2026-09-05T15:12:10.2519110Z /usr/local/lib/android/sdk/platforms/android-36/data/res/drawable/accessibility_magnification_thumbnail_bg.xml
atspi-check	Run accessibility tree check	2026-09-05T15:12:10.2520157Z /usr/local/lib/android/sdk/platforms/android-36/data/res/drawable/ic_accessibility_24dp.xml
atspi-check	Run accessibility tree check	2026-09-05T15:12:10.2520797Z /usr/local/lib/android/sdk/platforms/android-36/data/res/drawable/ic_accessibility_autoclick.xml
atspi-check	Run accessibility tree check	2026-09-05T15:12:10.2521477Z /usr/local/lib/android/sdk/platforms/android-36/data/res/drawable/ic_accessibility_autoclick_foreground.xml
atspi-check	Run accessibility tree check	2026-09-05T15:12:10.2522187Z /usr/local/lib/android/sdk/platforms/android-36/data/res/drawable/ic_accessibility_color_correction.xml
atspi-check	Run accessibility tree check	2026-09-05T15:12:10.2522923Z /usr/local/lib/android/sdk/platforms/android-36/data/res/drawable/ic_accessibility_color_correction_foreground.xml
atspi-check	Run accessibility tree check	2026-09-05T15:12:10.2523653Z /usr/local/lib/android/sdk/platforms/android-36/data/res/drawable/ic_accessibility_color_inversion.xml
atspi-check	Run accessibility tree check	2026-09-05T15:12:10.2524381Z /usr/local/lib/android/sdk/platforms/android-36/data/res/drawable/ic_accessibility_color_inversion_foreground.xml
atspi-check	Run accessibility tree check	2026-09-05T15:12:10.2525075Z /usr/local/lib/android/sdk/platforms/android-36/data/res/drawable/ic_accessibility_generic.xml
atspi-check	Run accessibility tree check	2026-09-05T15:12:10.2525716Z /usr/local/lib/android/sdk/platforms/android-36/data/res/drawable/ic_accessibility_hearing_aid.xml
atspi-check	Run accessibility tree check	2026-09-05T15:12:10.2526403Z /usr/local/lib/android/sdk/platforms/android-36/data/res/drawable/ic_accessibility_hearing_aid_blue_dot.xml
atspi-check	Run accessibility tree check	2026-09-05T15:12:10.2527143Z /usr/local/lib/android/sdk/platforms/android-36/data/res/drawable/ic_accessibility_hearing_aid_disconnected.xml
atspi-check	Run accessibility tree check	2026-09-05T15:12:10.2527925Z /usr/local/lib/android/sdk/platforms/android-36/data/res/drawable/ic_accessibility_hearing_aid_disconnected_foreground.xml
atspi-check	Run accessibility tree check	2026-09-05T15:12:10.2528710Z /usr/local/lib/android/sdk/platforms/android-36/data/res/drawable/ic_accessibility_hearing_aid_foreground.xml
atspi-check	Run accessibility tree check	2026-09-05T15:12:10.2529696Z /usr/local/lib/android/sdk/platforms/android-36/data/res/drawable/ic_accessibility_hearing_aid_green_dot.xml
atspi-check	Run accessibility tree check	2026-09-05T15:12:10.2530447Z /usr/local/lib/android/sdk/platforms/android-36/data/res/drawable/ic_accessibility_magnification.xml
atspi-check	Run accessibility tree check	2026-09-05T15:12:10.2531202Z /usr/local/lib/android/sdk/platforms/android-36/data/res/drawable/ic_accessibility_magnification_foreground.xml
atspi-check	Run accessibility tree check	2026-09-05T15:12:10.2531900Z /usr/local/lib/android/sdk/platforms/android-36/data/res/drawable/ic_accessibility_one_handed.xml
atspi-check	Run accessibility tree check	2026-09-05T15:12:10.2532588Z /usr/local/lib/android/sdk/platforms/android-36/data/res/drawable/ic_accessibility_one_handed_foreground.xml
atspi-check	Run accessibility tree check	2026-09-05T15:12:10.2533462Z /usr/local/lib/android/sdk/platforms/android-36/data/res/drawable/ic_accessibility_reduce_bright_colors.xml
atspi-check	Run accessibility tree check	2026-09-05T15:12:10.2534222Z /usr/local/lib/android/sdk/platforms/android-36/data/res/drawable/ic_accessibility_reduce_bright_colors_foreground.xml
atspi-check	Run accessibility tree check	2026-09-05T15:12:10.2534944Z /usr/local/lib/android/sdk/platforms/android-36/data/res/drawable/view_accessibility_focused.xml
atspi-check	Run accessibility tree check	2026-09-05T15:12:10.2535728Z /usr/local/lib/android/sdk/platforms/android-36/data/res/layout/accessibility_autoclick_scroll_panel.xml
atspi-check	Run accessibility tree check	2026-09-05T15:12:10.2536421Z /usr/local/lib/android/sdk/platforms/android-36/data/res/layout/accessibility_autoclick_type_panel.xml
atspi-check	Run accessibility tree check	2026-09-05T15:12:10.2537083Z /usr/local/lib/android/sdk/platforms/android-36/data/res/layout/accessibility_button_chooser.xml
atspi-check	Run accessibility tree check	2026-09-05T15:12:10.2537736Z /usr/local/lib/android/sdk/platforms/android-36/data/res/layout/accessibility_button_chooser_item.xml
atspi-check	Run accessibility tree check	2026-09-05T15:12:10.2538434Z /usr/local/lib/android/sdk/platforms/android-36/data/res/layout/accessibility_enable_service_warning.xml
atspi-check	Run accessibility tree check	2026-09-05T15:12:10.2539101Z /usr/local/lib/android/sdk/platforms/android-36/data/res/layout/accessibility_service_warning.xml
atspi-check	Run accessibility tree check	2026-09-05T15:12:10.2539909Z /usr/local/lib/android/sdk/platforms/android-36/data/res/layout/accessibility_shortcut_chooser_item.xml
atspi-check	Run accessibility tree check	2026-09-05T15:12:10.2540592Z /usr/local/lib/android/sdk/platforms/android-36/data/res/xml/autofill_compat_accessibility_service.xml
atspi-check	Run accessibility tree check	2026-09-05T15:12:10.2541302Z /usr/local/lib/android/sdk/platforms/android-37.0/data/res/color/accessibility_autoclick_type_button_color.xml
atspi-check	Run accessibility tree check	2026-09-05T15:12:10.2542089Z /usr/local/lib/android/sdk/platforms/android-37.0/data/res/color/accessibility_autoclick_type_button_container_background.xml
atspi-check	Run accessibility tree check	2026-09-05T15:12:10.2542887Z /usr/local/lib/android/sdk/platforms/android-37.0/data/res/drawable-hdpi/perm_group_accessibility_features.png
atspi-check	Run accessibility tree check	2026-09-05T15:12:10.2543622Z /usr/local/lib/android/sdk/platforms/android-37.0/data/res/drawable-mdpi/perm_group_accessibility_features.png
atspi-check	Run accessibility tree check	2026-09-05T15:12:10.2544365Z /usr/local/lib/android/sdk/platforms/android-37.0/data/res/drawable-xhdpi/perm_group_accessibility_features.png
atspi-check	Run accessibility tree check	2026-09-05T15:12:10.2545113Z /usr/local/lib/android/sdk/platforms/android-37.0/data/res/drawable-xxhdpi/perm_group_accessibility_features.png
atspi-check	Run accessibility tree check	2026-09-05T15:12:10.2545876Z /usr/local/lib/android/sdk/platforms/android-37.0/data/res/drawable-xxxhdpi/perm_group_accessibility_features.png
atspi-check	Run accessibility tree check	2026-09-05T15:12:10.2546711Z /usr/local/lib/android/sdk/platforms/android-37.0/data/res/drawable/accessibility_autoclick_button_group_rounded_background.xml
atspi-check	Run accessibility tree check	2026-09-05T15:12:10.2547562Z /usr/local/lib/android/sdk/platforms/android-37.0/data/res/drawable/accessibility_autoclick_button_rounded_background.xml
atspi-check	Run accessibility tree check	2026-09-05T15:12:10.2548339Z /usr/local/lib/android/sdk/platforms/android-37.0/data/res/drawable/accessibility_autoclick_double_click.xml
atspi-check	Run accessibility tree check	2026-09-05T15:12:10.2549031Z /usr/local/lib/android/sdk/platforms/android-37.0/data/res/drawable/accessibility_autoclick_drag.xml
atspi-check	Run accessibility tree check	2026-09-05T15:12:10.2549837Z /usr/local/lib/android/sdk/platforms/android-37.0/data/res/drawable/accessibility_autoclick_left_click.xml
atspi-check	Run accessibility tree check	2026-09-05T15:12:10.2550544Z /usr/local/lib/android/sdk/platforms/android-37.0/data/res/drawable/accessibility_autoclick_long_press.xml
atspi-check	Run accessibility tree check	2026-09-05T15:12:10.2551234Z /usr/local/lib/android/sdk/platforms/android-37.0/data/res/drawable/accessibility_autoclick_pause.xml
atspi-check	Run accessibility tree check	2026-09-05T15:12:10.2551918Z /usr/local/lib/android/sdk/platforms/android-37.0/data/res/drawable/accessibility_autoclick_position.xml
atspi-check	Run accessibility tree check	2026-09-05T15:12:10.2552661Z /usr/local/lib/android/sdk/platforms/android-37.0/data/res/drawable/accessibility_autoclick_position_bottom_left.xml
atspi-check	Run accessibility tree check	2026-09-05T15:12:10.2553450Z /usr/local/lib/android/sdk/platforms/android-37.0/data/res/drawable/accessibility_autoclick_position_bottom_right.xml
atspi-check	Run accessibility tree check	2026-09-05T15:12:10.2554224Z /usr/local/lib/android/sdk/platforms/android-37.0/data/res/drawable/accessibility_autoclick_position_top_left.xml
atspi-check	Run accessibility tree check	2026-09-05T15:12:10.2555134Z /usr/local/lib/android/sdk/platforms/android-37.0/data/res/drawable/accessibility_autoclick_position_top_right.xml
atspi-check	Run accessibility tree check	2026-09-05T15:12:10.2555853Z /usr/local/lib/android/sdk/platforms/android-37.0/data/res/drawable/accessibility_autoclick_resume.xml
atspi-check	Run accessibility tree check	2026-09-05T15:12:10.2556556Z /usr/local/lib/android/sdk/platforms/android-37.0/data/res/drawable/accessibility_autoclick_right_click.xml
atspi-check	Run accessibility tree check	2026-09-05T15:12:10.2557249Z /usr/local/lib/android/sdk/platforms/android-37.0/data/res/drawable/accessibility_autoclick_scroll.xml
atspi-check	Run accessibility tree check	2026-09-05T15:12:10.2558048Z /usr/local/lib/android/sdk/platforms/android-37.0/data/res/drawable/accessibility_autoclick_scroll_down.xml
atspi-check	Run accessibility tree check	2026-09-05T15:12:10.2558801Z /usr/local/lib/android/sdk/platforms/android-37.0/data/res/drawable/accessibility_autoclick_scroll_down_background.xml
atspi-check	Run accessibility tree check	2026-09-05T15:12:10.2559893Z /usr/local/lib/android/sdk/platforms/android-37.0/data/res/drawable/accessibility_autoclick_scroll_exit.xml
atspi-check	Run accessibility tree check	2026-09-05T15:12:10.2560666Z /usr/local/lib/android/sdk/platforms/android-37.0/data/res/drawable/accessibility_autoclick_scroll_exit_background.xml
atspi-check	Run accessibility tree check	2026-09-05T15:12:10.2561426Z /usr/local/lib/android/sdk/platforms/android-37.0/data/res/drawable/accessibility_autoclick_scroll_left.xml
atspi-check	Run accessibility tree check	2026-09-05T15:12:10.2562173Z /usr/local/lib/android/sdk/platforms/android-37.0/data/res/drawable/accessibility_autoclick_scroll_left_background.xml
atspi-check	Run accessibility tree check	2026-09-05T15:12:10.2562961Z /usr/local/lib/android/sdk/platforms/android-37.0/data/res/drawable/accessibility_autoclick_scroll_panel_container.xml
atspi-check	Run accessibility tree check	2026-09-05T15:12:10.2563739Z /usr/local/lib/android/sdk/platforms/android-37.0/data/res/drawable/accessibility_autoclick_scroll_right.xml
atspi-check	Run accessibility tree check	2026-09-05T15:12:10.2564515Z /usr/local/lib/android/sdk/platforms/android-37.0/data/res/drawable/accessibility_autoclick_scroll_right_background.xml
atspi-check	Run accessibility tree check	2026-09-05T15:12:10.2565272Z /usr/local/lib/android/sdk/platforms/android-37.0/data/res/drawable/accessibility_autoclick_scroll_up.xml
atspi-check	Run accessibility tree check	2026-09-05T15:12:10.2566023Z /usr/local/lib/android/sdk/platforms/android-37.0/data/res/drawable/accessibility_autoclick_scroll_up_background.xml
atspi-check	Run accessibility tree check	2026-09-05T15:12:10.2566856Z /usr/local/lib/android/sdk/platforms/android-37.0/data/res/drawable/accessibility_autoclick_type_panel_rounded_background.xml
atspi-check	Run accessibility tree check	2026-09-05T15:12:10.2567700Z /usr/local/lib/android/sdk/platforms/android-37.0/data/res/drawable/accessibility_magnification_thumbnail_background_bg.xml
atspi-check	Run accessibility tree check	2026-09-05T15:12:10.2568534Z /usr/local/lib/android/sdk/platforms/android-37.0/data/res/drawable/accessibility_magnification_thumbnail_background_fg.xml
atspi-check	Run accessibility tree check	2026-09-05T15:12:10.2569344Z /usr/local/lib/android/sdk/platforms/android-37.0/data/res/drawable/accessibility_magnification_thumbnail_bg.xml
atspi-check	Run accessibility tree check	2026-09-05T15:12:10.2570308Z /usr/local/lib/android/sdk/platforms/android-37.0/data/res/drawable/ic_accessibility_24dp.xml
atspi-check	Run accessibility tree check	2026-09-05T15:12:10.2570956Z /usr/local/lib/android/sdk/platforms/android-37.0/data/res/drawable/ic_accessibility_autoclick.xml
atspi-check	Run accessibility tree check	2026-09-05T15:12:10.2571652Z /usr/local/lib/android/sdk/platforms/android-37.0/data/res/drawable/ic_accessibility_autoclick_foreground.xml
atspi-check	Run accessibility tree check	2026-09-05T15:12:10.2572369Z /usr/local/lib/android/sdk/platforms/android-37.0/data/res/drawable/ic_accessibility_color_correction.xml
atspi-check	Run accessibility tree check	2026-09-05T15:12:10.2573108Z /usr/local/lib/android/sdk/platforms/android-37.0/data/res/drawable/ic_accessibility_color_correction_foreground.xml
atspi-check	Run accessibility tree check	2026-09-05T15:12:10.2573849Z /usr/local/lib/android/sdk/platforms/android-37.0/data/res/drawable/ic_accessibility_color_inversion.xml
atspi-check	Run accessibility tree check	2026-09-05T15:12:10.2574592Z /usr/local/lib/android/sdk/platforms/android-37.0/data/res/drawable/ic_accessibility_color_inversion_foreground.xml
atspi-check	Run accessibility tree check	2026-09-05T15:12:10.2575307Z /usr/local/lib/android/sdk/platforms/android-37.0/data/res/drawable/ic_accessibility_generic.xml
atspi-check	Run accessibility tree check	2026-09-05T15:12:10.2575964Z /usr/local/lib/android/sdk/platforms/android-37.0/data/res/drawable/ic_accessibility_hearing_aid.xml
atspi-check	Run accessibility tree check	2026-09-05T15:12:10.2576653Z /usr/local/lib/android/sdk/platforms/android-37.0/data/res/drawable/ic_accessibility_hearing_aid_blue_dot.xml
atspi-check	Run accessibility tree check	2026-09-05T15:12:10.2577389Z /usr/local/lib/android/sdk/platforms/android-37.0/data/res/drawable/ic_accessibility_hearing_aid_disconnected.xml
atspi-check	Run accessibility tree check	2026-09-05T15:12:10.2578328Z /usr/local/lib/android/sdk/platforms/android-37.0/data/res/drawable/ic_accessibility_hearing_aid_disconnected_foreground.xml
atspi-check	Run accessibility tree check	2026-09-05T15:12:10.2579120Z /usr/local/lib/android/sdk/platforms/android-37.0/data/res/drawable/ic_accessibility_hearing_aid_foreground.xml
atspi-check	Run accessibility tree check	2026-09-05T15:12:10.2579993Z /usr/local/lib/android/sdk/platforms/android-37.0/data/res/drawable/ic_accessibility_hearing_aid_green_dot.xml
atspi-check	Run accessibility tree check	2026-09-05T15:12:10.2580815Z /usr/local/lib/android/sdk/platforms/android-37.0/data/res/drawable/ic_accessibility_magnification.xml
atspi-check	Run accessibility tree check	2026-09-05T15:12:10.2581533Z /usr/local/lib/android/sdk/platforms/android-37.0/data/res/drawable/ic_accessibility_magnification_foreground.xml
atspi-check	Run accessibility tree check	2026-09-05T15:12:10.2582239Z /usr/local/lib/android/sdk/platforms/android-37.0/data/res/drawable/ic_accessibility_mouse_keys.xml
atspi-check	Run accessibility tree check	2026-09-05T15:12:10.2582923Z /usr/local/lib/android/sdk/platforms/android-37.0/data/res/drawable/ic_accessibility_mouse_keys_foreground.xml
atspi-check	Run accessibility tree check	2026-09-05T15:12:10.2583612Z /usr/local/lib/android/sdk/platforms/android-37.0/data/res/drawable/ic_accessibility_one_handed.xml
atspi-check	Run accessibility tree check	2026-09-05T15:12:10.2584304Z /usr/local/lib/android/sdk/platforms/android-37.0/data/res/drawable/ic_accessibility_one_handed_foreground.xml
atspi-check	Run accessibility tree check	2026-09-05T15:12:10.2585027Z /usr/local/lib/android/sdk/platforms/android-37.0/data/res/drawable/ic_accessibility_reduce_bright_colors.xml
atspi-check	Run accessibility tree check	2026-09-05T15:12:10.2585791Z /usr/local/lib/android/sdk/platforms/android-37.0/data/res/drawable/ic_accessibility_reduce_bright_colors_foreground.xml
atspi-check	Run accessibility tree check	2026-09-05T15:12:10.2586530Z /usr/local/lib/android/sdk/platforms/android-37.0/data/res/drawable/view_accessibility_focused.xml
atspi-check	Run accessibility tree check	2026-09-05T15:12:10.2587212Z /usr/local/lib/android/sdk/platforms/android-37.0/data/res/layout/accessibility_autoclick_scroll_panel.xml
atspi-check	Run accessibility tree check	2026-09-05T15:12:10.2587917Z /usr/local/lib/android/sdk/platforms/android-37.0/data/res/layout/accessibility_autoclick_type_panel.xml
atspi-check	Run accessibility tree check	2026-09-05T15:12:10.2588590Z /usr/local/lib/android/sdk/platforms/android-37.0/data/res/layout/accessibility_button_chooser.xml
atspi-check	Run accessibility tree check	2026-09-05T15:12:10.2589269Z /usr/local/lib/android/sdk/platforms/android-37.0/data/res/layout/accessibility_button_chooser_item.xml
atspi-check	Run accessibility tree check	2026-09-05T15:12:10.2590255Z /usr/local/lib/android/sdk/platforms/android-37.0/data/res/layout/accessibility_enable_service_warning.xml
atspi-check	Run accessibility tree check	2026-09-05T15:12:10.2590960Z /usr/local/lib/android/sdk/platforms/android-37.0/data/res/layout/accessibility_service_warning.xml
atspi-check	Run accessibility tree check	2026-09-05T15:12:10.2591657Z /usr/local/lib/android/sdk/platforms/android-37.0/data/res/layout/accessibility_shortcut_chooser_item.xml
atspi-check	Run accessibility tree check	2026-09-05T15:12:10.2592360Z /usr/local/lib/android/sdk/platforms/android-37.0/data/res/xml/autofill_compat_accessibility_service.xml
atspi-check	Run accessibility tree check	2026-09-05T15:12:10.2593082Z /usr/local/lib/android/sdk/platforms/android-37.1/data/res/color/accessibility_autoclick_type_button_color.xml
atspi-check	Run accessibility tree check	2026-09-05T15:12:10.2593889Z /usr/local/lib/android/sdk/platforms/android-37.1/data/res/color/accessibility_autoclick_type_button_container_background.xml
atspi-check	Run accessibility tree check	2026-09-05T15:12:10.2594718Z /usr/local/lib/android/sdk/platforms/android-37.1/data/res/drawable-hdpi/perm_group_accessibility_features.png
atspi-check	Run accessibility tree check	2026-09-05T15:12:10.2595467Z /usr/local/lib/android/sdk/platforms/android-37.1/data/res/drawable-mdpi/perm_group_accessibility_features.png
atspi-check	Run accessibility tree check	2026-09-05T15:12:10.2596231Z /usr/local/lib/android/sdk/platforms/android-37.1/data/res/drawable-xhdpi/perm_group_accessibility_features.png
atspi-check	Run accessibility tree check	2026-09-05T15:12:10.2597006Z /usr/local/lib/android/sdk/platforms/android-37.1/data/res/drawable-xxhdpi/perm_group_accessibility_features.png
atspi-check	Run accessibility tree check	2026-09-05T15:12:10.2597791Z /usr/local/lib/android/sdk/platforms/android-37.1/data/res/drawable-xxxhdpi/perm_group_accessibility_features.png
atspi-check	Run accessibility tree check	2026-09-05T15:12:10.2598632Z /usr/local/lib/android/sdk/platforms/android-37.1/data/res/drawable/accessibility_autoclick_button_group_rounded_background.xml
atspi-check	Run accessibility tree check	2026-09-05T15:12:10.2599801Z /usr/local/lib/android/sdk/platforms/android-37.1/data/res/drawable/accessibility_autoclick_button_rounded_background.xml
atspi-check	Run accessibility tree check	2026-09-05T15:12:10.2600795Z /usr/local/lib/android/sdk/platforms/android-37.1/data/res/drawable/accessibility_autoclick_double_click.xml
atspi-check	Run accessibility tree check	2026-09-05T15:12:10.2601513Z /usr/local/lib/android/sdk/platforms/android-37.1/data/res/drawable/accessibility_autoclick_drag.xml
atspi-check	Run accessibility tree check	2026-09-05T15:12:10.2602217Z /usr/local/lib/android/sdk/platforms/android-37.1/data/res/drawable/accessibility_autoclick_left_click.xml
atspi-check	Run accessibility tree check	2026-09-05T15:12:10.2602930Z /usr/local/lib/android/sdk/platforms/android-37.1/data/res/drawable/accessibility_autoclick_long_press.xml
atspi-check	Run accessibility tree check	2026-09-05T15:12:10.2603735Z /usr/local/lib/android/sdk/platforms/android-37.1/data/res/drawable/accessibility_autoclick_pause.xml
atspi-check	Run accessibility tree check	2026-09-05T15:12:10.2604422Z /usr/local/lib/android/sdk/platforms/android-37.1/data/res/drawable/accessibility_autoclick_position.xml
atspi-check	Run accessibility tree check	2026-09-05T15:12:10.2605171Z /usr/local/lib/android/sdk/platforms/android-37.1/data/res/drawable/accessibility_autoclick_position_bottom_left.xml
atspi-check	Run accessibility tree check	2026-09-05T15:12:10.2605974Z /usr/local/lib/android/sdk/platforms/android-37.1/data/res/drawable/accessibility_autoclick_position_bottom_right.xml
atspi-check	Run accessibility tree check	2026-09-05T15:12:10.2606779Z /usr/local/lib/android/sdk/platforms/android-37.1/data/res/drawable/accessibility_autoclick_position_top_left.xml
atspi-check	Run accessibility tree check	2026-09-05T15:12:10.2607558Z /usr/local/lib/android/sdk/platforms/android-37.1/data/res/drawable/accessibility_autoclick_position_top_right.xml
atspi-check	Run accessibility tree check	2026-09-05T15:12:10.2608304Z /usr/local/lib/android/sdk/platforms/android-37.1/data/res/drawable/accessibility_autoclick_resume.xml
atspi-check	Run accessibility tree check	2026-09-05T15:12:10.2609023Z /usr/local/lib/android/sdk/platforms/android-37.1/data/res/drawable/accessibility_autoclick_right_click.xml
atspi-check	Run accessibility tree check	2026-09-05T15:12:10.2610034Z /usr/local/lib/android/sdk/platforms/android-37.1/data/res/drawable/accessibility_autoclick_scroll.xml
atspi-check	Run accessibility tree check	2026-09-05T15:12:10.2610773Z /usr/local/lib/android/sdk/platforms/android-37.1/data/res/drawable/accessibility_autoclick_scroll_down.xml
atspi-check	Run accessibility tree check	2026-09-05T15:12:10.2611548Z /usr/local/lib/android/sdk/platforms/android-37.1/data/res/drawable/accessibility_autoclick_scroll_down_background.xml
atspi-check	Run accessibility tree check	2026-09-05T15:12:10.2612323Z /usr/local/lib/android/sdk/platforms/android-37.1/data/res/drawable/accessibility_autoclick_scroll_exit.xml
atspi-check	Run accessibility tree check	2026-09-05T15:12:10.2613075Z /usr/local/lib/android/sdk/platforms/android-37.1/data/res/drawable/accessibility_autoclick_scroll_exit_background.xml
atspi-check	Run accessibility tree check	2026-09-05T15:12:10.2613823Z /usr/local/lib/android/sdk/platforms/android-37.1/data/res/drawable/accessibility_autoclick_scroll_left.xml
atspi-check	Run accessibility tree check	2026-09-05T15:12:10.2614577Z /usr/local/lib/android/sdk/platforms/android-37.1/data/res/drawable/accessibility_autoclick_scroll_left_background.xml
atspi-check	Run accessibility tree check	2026-09-05T15:12:10.2615364Z /usr/local/lib/android/sdk/platforms/android-37.1/data/res/drawable/accessibility_autoclick_scroll_panel_container.xml
atspi-check	Run accessibility tree check	2026-09-05T15:12:10.2616143Z /usr/local/lib/android/sdk/platforms/android-37.1/data/res/drawable/accessibility_autoclick_scroll_right.xml
atspi-check	Run accessibility tree check	2026-09-05T15:12:10.2616928Z /usr/local/lib/android/sdk/platforms/android-37.1/data/res/drawable/accessibility_autoclick_scroll_right_background.xml
atspi-check	Run accessibility tree check	2026-09-05T15:12:10.2617703Z /usr/local/lib/android/sdk/platforms/android-37.1/data/res/drawable/accessibility_autoclick_scroll_up.xml
atspi-check	Run accessibility tree check	2026-09-05T15:12:10.2618463Z /usr/local/lib/android/sdk/platforms/android-37.1/data/res/drawable/accessibility_autoclick_scroll_up_background.xml
atspi-check	Run accessibility tree check	2026-09-05T15:12:10.2619299Z /usr/local/lib/android/sdk/platforms/android-37.1/data/res/drawable/accessibility_autoclick_type_panel_rounded_background.xml
atspi-check	Run accessibility tree check	2026-09-05T15:12:10.2620301Z /usr/local/lib/android/sdk/platforms/android-37.1/data/res/drawable/accessibility_magnification_thumbnail_background_bg.xml
atspi-check	Run accessibility tree check	2026-09-05T15:12:10.2621151Z /usr/local/lib/android/sdk/platforms/android-37.1/data/res/drawable/accessibility_magnification_thumbnail_background_fg.xml
atspi-check	Run accessibility tree check	2026-09-05T15:12:10.2621949Z /usr/local/lib/android/sdk/platforms/android-37.1/data/res/drawable/accessibility_magnification_thumbnail_bg.xml
atspi-check	Run accessibility tree check	2026-09-05T15:12:10.2622654Z /usr/local/lib/android/sdk/platforms/android-37.1/data/res/drawable/ic_accessibility_24dp.xml
atspi-check	Run accessibility tree check	2026-09-05T15:12:10.2623455Z /usr/local/lib/android/sdk/platforms/android-37.1/data/res/drawable/ic_accessibility_autoclick.xml
atspi-check	Run accessibility tree check	2026-09-05T15:12:10.2624169Z /usr/local/lib/android/sdk/platforms/android-37.1/data/res/drawable/ic_accessibility_autoclick_foreground.xml
atspi-check	Run accessibility tree check	2026-09-05T15:12:10.2624897Z /usr/local/lib/android/sdk/platforms/android-37.1/data/res/drawable/ic_accessibility_color_correction.xml
atspi-check	Run accessibility tree check	2026-09-05T15:12:10.2625647Z /usr/local/lib/android/sdk/platforms/android-37.1/data/res/drawable/ic_accessibility_color_correction_foreground.xml
atspi-check	Run accessibility tree check	2026-09-05T15:12:10.2626518Z /usr/local/lib/android/sdk/platforms/android-37.1/data/res/drawable/ic_accessibility_color_inversion.xml
atspi-check	Run accessibility tree check	2026-09-05T15:12:10.2627258Z /usr/local/lib/android/sdk/platforms/android-37.1/data/res/drawable/ic_accessibility_color_inversion_foreground.xml
atspi-check	Run accessibility tree check	2026-09-05T15:12:10.2627980Z /usr/local/lib/android/sdk/platforms/android-37.1/data/res/drawable/ic_accessibility_generic.xml
atspi-check	Run accessibility tree check	2026-09-05T15:12:10.2628659Z /usr/local/lib/android/sdk/platforms/android-37.1/data/res/drawable/ic_accessibility_hearing_aid.xml
atspi-check	Run accessibility tree check	2026-09-05T15:12:10.2629369Z /usr/local/lib/android/sdk/platforms/android-37.1/data/res/drawable/ic_accessibility_hearing_aid_blue_dot.xml
atspi-check	Run accessibility tree check	2026-09-05T15:12:10.2630242Z /usr/local/lib/android/sdk/platforms/android-37.1/data/res/drawable/ic_accessibility_hearing_aid_disconnected.xml
atspi-check	Run accessibility tree check	2026-09-05T15:12:10.2631101Z /usr/local/lib/android/sdk/platforms/android-37.1/data/res/drawable/ic_accessibility_hearing_aid_disconnected_foreground.xml
atspi-check	Run accessibility tree check	2026-09-05T15:12:10.2631924Z /usr/local/lib/android/sdk/platforms/android-37.1/data/res/drawable/ic_accessibility_hearing_aid_foreground.xml
atspi-check	Run accessibility tree check	2026-09-05T15:12:10.2632681Z /usr/local/lib/android/sdk/platforms/android-37.1/data/res/drawable/ic_accessibility_hearing_aid_green_dot.xml
atspi-check	Run accessibility tree check	2026-09-05T15:12:10.2633402Z /usr/local/lib/android/sdk/platforms/android-37.1/data/res/drawable/ic_accessibility_magnification.xml
atspi-check	Run accessibility tree check	2026-09-05T15:12:10.2634126Z /usr/local/lib/android/sdk/platforms/android-37.1/data/res/drawable/ic_accessibility_magnification_foreground.xml
atspi-check	Run accessibility tree check	2026-09-05T15:12:10.2634844Z /usr/local/lib/android/sdk/platforms/android-37.1/data/res/drawable/ic_accessibility_mouse_keys.xml
atspi-check	Run accessibility tree check	2026-09-05T15:12:10.2635541Z /usr/local/lib/android/sdk/platforms/android-37.1/data/res/drawable/ic_accessibility_mouse_keys_foreground.xml
atspi-check	Run accessibility tree check	2026-09-05T15:12:10.2636250Z /usr/local/lib/android/sdk/platforms/android-37.1/data/res/drawable/ic_accessibility_one_handed.xml
atspi-check	Run accessibility tree check	2026-09-05T15:12:10.2636956Z /usr/local/lib/android/sdk/platforms/android-37.1/data/res/drawable/ic_accessibility_one_handed_foreground.xml
atspi-check	Run accessibility tree check	2026-09-05T15:12:10.2637705Z /usr/local/lib/android/sdk/platforms/android-37.1/data/res/drawable/ic_accessibility_reduce_bright_colors.xml
atspi-check	Run accessibility tree check	2026-09-05T15:12:10.2638481Z /usr/local/lib/android/sdk/platforms/android-37.1/data/res/drawable/ic_accessibility_reduce_bright_colors_foreground.xml
atspi-check	Run accessibility tree check	2026-09-05T15:12:10.2639218Z /usr/local/lib/android/sdk/platforms/android-37.1/data/res/drawable/view_accessibility_focused.xml
atspi-check	Run accessibility tree check	2026-09-05T15:12:10.2640249Z /usr/local/lib/android/sdk/platforms/android-37.1/data/res/layout/accessibility_autoclick_scroll_panel.xml
atspi-check	Run accessibility tree check	2026-09-05T15:12:10.2640974Z /usr/local/lib/android/sdk/platforms/android-37.1/data/res/layout/accessibility_autoclick_type_panel.xml
atspi-check	Run accessibility tree check	2026-09-05T15:12:10.2641653Z /usr/local/lib/android/sdk/platforms/android-37.1/data/res/layout/accessibility_button_chooser.xml
atspi-check	Run accessibility tree check	2026-09-05T15:12:10.2642320Z /usr/local/lib/android/sdk/platforms/android-37.1/data/res/layout/accessibility_button_chooser_item.xml
atspi-check	Run accessibility tree check	2026-09-05T15:12:10.2643026Z /usr/local/lib/android/sdk/platforms/android-37.1/data/res/layout/accessibility_enable_service_warning.xml
atspi-check	Run accessibility tree check	2026-09-05T15:12:10.2643703Z /usr/local/lib/android/sdk/platforms/android-37.1/data/res/layout/accessibility_service_warning.xml
atspi-check	Run accessibility tree check	2026-09-05T15:12:10.2644378Z /usr/local/lib/android/sdk/platforms/android-37.1/data/res/layout/accessibility_shortcut_chooser_item.xml
atspi-check	Run accessibility tree check	2026-09-05T15:12:10.2645067Z /usr/local/lib/android/sdk/platforms/android-37.1/data/res/xml/autofill_compat_accessibility_service.xml
atspi-check	Run accessibility tree check	2026-09-05T15:12:10.2645947Z /usr/local/lib/android/sdk/platforms/android-37.2-beta1/data/res/color/accessibility_autoclick_type_button_color.xml
atspi-check	Run accessibility tree check	2026-09-05T15:12:10.2646791Z /usr/local/lib/android/sdk/platforms/android-37.2-beta1/data/res/color/accessibility_autoclick_type_button_container_background.xml
atspi-check	Run accessibility tree check	2026-09-05T15:12:10.2647643Z /usr/local/lib/android/sdk/platforms/android-37.2-beta1/data/res/drawable-hdpi/perm_group_accessibility_features.png
atspi-check	Run accessibility tree check	2026-09-05T15:12:10.2648533Z /usr/local/lib/android/sdk/platforms/android-37.2-beta1/data/res/drawable-mdpi/perm_group_accessibility_features.png
atspi-check	Run accessibility tree check	2026-09-05T15:12:10.2649322Z /usr/local/lib/android/sdk/platforms/android-37.2-beta1/data/res/drawable-xhdpi/perm_group_accessibility_features.png
atspi-check	Run accessibility tree check	2026-09-05T15:12:10.2650397Z /usr/local/lib/android/sdk/platforms/android-37.2-beta1/data/res/drawable-xxhdpi/perm_group_accessibility_features.png
atspi-check	Run accessibility tree check	2026-09-05T15:12:10.2651205Z /usr/local/lib/android/sdk/platforms/android-37.2-beta1/data/res/drawable-xxxhdpi/perm_group_accessibility_features.png
atspi-check	Run accessibility tree check	2026-09-05T15:12:10.2652084Z /usr/local/lib/android/sdk/platforms/android-37.2-beta1/data/res/drawable/accessibility_autoclick_button_group_rounded_background.xml
atspi-check	Run accessibility tree check	2026-09-05T15:12:10.2652976Z /usr/local/lib/android/sdk/platforms/android-37.2-beta1/data/res/drawable/accessibility_autoclick_button_rounded_background.xml
atspi-check	Run accessibility tree check	2026-09-05T15:12:10.2653800Z /usr/local/lib/android/sdk/platforms/android-37.2-beta1/data/res/drawable/accessibility_autoclick_double_click.xml
atspi-check	Run accessibility tree check	2026-09-05T15:12:10.2654545Z /usr/local/lib/android/sdk/platforms/android-37.2-beta1/data/res/drawable/accessibility_autoclick_drag.xml
atspi-check	Run accessibility tree check	2026-09-05T15:12:10.2655272Z /usr/local/lib/android/sdk/platforms/android-37.2-beta1/data/res/drawable/accessibility_autoclick_left_click.xml
atspi-check	Run accessibility tree check	2026-09-05T15:12:10.2656039Z /usr/local/lib/android/sdk/platforms/android-37.2-beta1/data/res/drawable/accessibility_autoclick_long_press.xml
atspi-check	Run accessibility tree check	2026-09-05T15:12:10.2656774Z /usr/local/lib/android/sdk/platforms/android-37.2-beta1/data/res/drawable/accessibility_autoclick_pause.xml
atspi-check	Run accessibility tree check	2026-09-05T15:12:10.2657522Z /usr/local/lib/android/sdk/platforms/android-37.2-beta1/data/res/drawable/accessibility_autoclick_position.xml
atspi-check	Run accessibility tree check	2026-09-05T15:12:10.2658308Z /usr/local/lib/android/sdk/platforms/android-37.2-beta1/data/res/drawable/accessibility_autoclick_position_bottom_left.xml
atspi-check	Run accessibility tree check	2026-09-05T15:12:10.2659143Z /usr/local/lib/android/sdk/platforms/android-37.2-beta1/data/res/drawable/accessibility_autoclick_position_bottom_right.xml
atspi-check	Run accessibility tree check	2026-09-05T15:12:10.2660098Z /usr/local/lib/android/sdk/platforms/android-37.2-beta1/data/res/drawable/accessibility_autoclick_position_top_left.xml
atspi-check	Run accessibility tree check	2026-09-05T15:12:10.2660909Z /usr/local/lib/android/sdk/platforms/android-37.2-beta1/data/res/drawable/accessibility_autoclick_position_top_right.xml
atspi-check	Run accessibility tree check	2026-09-05T15:12:10.2661676Z /usr/local/lib/android/sdk/platforms/android-37.2-beta1/data/res/drawable/accessibility_autoclick_resume.xml
atspi-check	Run accessibility tree check	2026-09-05T15:12:10.2662426Z /usr/local/lib/android/sdk/platforms/android-37.2-beta1/data/res/drawable/accessibility_autoclick_right_click.xml
atspi-check	Run accessibility tree check	2026-09-05T15:12:10.2663176Z /usr/local/lib/android/sdk/platforms/android-37.2-beta1/data/res/drawable/accessibility_autoclick_scroll.xml
atspi-check	Run accessibility tree check	2026-09-05T15:12:10.2663918Z /usr/local/lib/android/sdk/platforms/android-37.2-beta1/data/res/drawable/accessibility_autoclick_scroll_down.xml
atspi-check	Run accessibility tree check	2026-09-05T15:12:10.2664720Z /usr/local/lib/android/sdk/platforms/android-37.2-beta1/data/res/drawable/accessibility_autoclick_scroll_down_background.xml
atspi-check	Run accessibility tree check	2026-09-05T15:12:10.2665527Z /usr/local/lib/android/sdk/platforms/android-37.2-beta1/data/res/drawable/accessibility_autoclick_scroll_exit.xml
atspi-check	Run accessibility tree check	2026-09-05T15:12:10.2666331Z /usr/local/lib/android/sdk/platforms/android-37.2-beta1/data/res/drawable/accessibility_autoclick_scroll_exit_background.xml
atspi-check	Run accessibility tree check	2026-09-05T15:12:10.2667331Z /usr/local/lib/android/sdk/platforms/android-37.2-beta1/data/res/drawable/accessibility_autoclick_scroll_left.xml
atspi-check	Run accessibility tree check	2026-09-05T15:12:10.2668156Z /usr/local/lib/android/sdk/platforms/android-37.2-beta1/data/res/drawable/accessibility_autoclick_scroll_left_background.xml
atspi-check	Run accessibility tree check	2026-09-05T15:12:10.2669178Z /usr/local/lib/android/sdk/platforms/android-37.2-beta1/data/res/drawable/accessibility_autoclick_scroll_panel_container.xml
atspi-check	Run accessibility tree check	2026-09-05T15:12:10.2670308Z /usr/local/lib/android/sdk/platforms/android-37.2-beta1/data/res/drawable/accessibility_autoclick_scroll_right.xml
atspi-check	Run accessibility tree check	2026-09-05T15:12:10.2671142Z /usr/local/lib/android/sdk/platforms/android-37.2-beta1/data/res/drawable/accessibility_autoclick_scroll_right_background.xml
atspi-check	Run accessibility tree check	2026-09-05T15:12:10.2672199Z /usr/local/lib/android/sdk/platforms/android-37.2-beta1/data/res/drawable/accessibility_autoclick_scroll_up.xml
atspi-check	Run accessibility tree check	2026-09-05T15:12:10.2673006Z /usr/local/lib/android/sdk/platforms/android-37.2-beta1/data/res/drawable/accessibility_autoclick_scroll_up_background.xml
atspi-check	Run accessibility tree check	2026-09-05T15:12:10.2673882Z /usr/local/lib/android/sdk/platforms/android-37.2-beta1/data/res/drawable/accessibility_autoclick_type_panel_rounded_background.xml
atspi-check	Run accessibility tree check	2026-09-05T15:12:10.2674858Z /usr/local/lib/android/sdk/platforms/android-37.2-beta1/data/res/drawable/accessibility_magnification_thumbnail_background_bg.xml
atspi-check	Run accessibility tree check	2026-09-05T15:12:10.2675757Z /usr/local/lib/android/sdk/platforms/android-37.2-beta1/data/res/drawable/accessibility_magnification_thumbnail_background_fg.xml
atspi-check	Run accessibility tree check	2026-09-05T15:12:10.2676616Z /usr/local/lib/android/sdk/platforms/android-37.2-beta1/data/res/drawable/accessibility_magnification_thumbnail_bg.xml
atspi-check	Run accessibility tree check	2026-09-05T15:12:10.2677356Z /usr/local/lib/android/sdk/platforms/android-37.2-beta1/data/res/drawable/ic_accessibility_24dp.xml
atspi-check	Run accessibility tree check	2026-09-05T15:12:10.2678047Z /usr/local/lib/android/sdk/platforms/android-37.2-beta1/data/res/drawable/ic_accessibility_autoclick.xml
atspi-check	Run accessibility tree check	2026-09-05T15:12:10.2678782Z /usr/local/lib/android/sdk/platforms/android-37.2-beta1/data/res/drawable/ic_accessibility_autoclick_foreground.xml
atspi-check	Run accessibility tree check	2026-09-05T15:12:10.2679864Z /usr/local/lib/android/sdk/platforms/android-37.2-beta1/data/res/drawable/ic_accessibility_color_correction.xml
atspi-check	Run accessibility tree check	2026-09-05T15:12:10.2680674Z /usr/local/lib/android/sdk/platforms/android-37.2-beta1/data/res/drawable/ic_accessibility_color_correction_foreground.xml
atspi-check	Run accessibility tree check	2026-09-05T15:12:10.2681466Z /usr/local/lib/android/sdk/platforms/android-37.2-beta1/data/res/drawable/ic_accessibility_color_inversion.xml
atspi-check	Run accessibility tree check	2026-09-05T15:12:10.2682251Z /usr/local/lib/android/sdk/platforms/android-37.2-beta1/data/res/drawable/ic_accessibility_color_inversion_foreground.xml
atspi-check	Run accessibility tree check	2026-09-05T15:12:10.2683004Z /usr/local/lib/android/sdk/platforms/android-37.2-beta1/data/res/drawable/ic_accessibility_generic.xml
atspi-check	Run accessibility tree check	2026-09-05T15:12:10.2683707Z /usr/local/lib/android/sdk/platforms/android-37.2-beta1/data/res/drawable/ic_accessibility_hearing_aid.xml
atspi-check	Run accessibility tree check	2026-09-05T15:12:10.2684438Z /usr/local/lib/android/sdk/platforms/android-37.2-beta1/data/res/drawable/ic_accessibility_hearing_aid_blue_dot.xml
atspi-check	Run accessibility tree check	2026-09-05T15:12:10.2685239Z /usr/local/lib/android/sdk/platforms/android-37.2-beta1/data/res/drawable/ic_accessibility_hearing_aid_disconnected.xml
atspi-check	Run accessibility tree check	2026-09-05T15:12:10.2686095Z /usr/local/lib/android/sdk/platforms/android-37.2-beta1/data/res/drawable/ic_accessibility_hearing_aid_disconnected_foreground.xml
atspi-check	Run accessibility tree check	2026-09-05T15:12:10.2686956Z /usr/local/lib/android/sdk/platforms/android-37.2-beta1/data/res/drawable/ic_accessibility_hearing_aid_foreground.xml
atspi-check	Run accessibility tree check	2026-09-05T15:12:10.2687738Z /usr/local/lib/android/sdk/platforms/android-37.2-beta1/data/res/drawable/ic_accessibility_hearing_aid_green_dot.xml
atspi-check	Run accessibility tree check	2026-09-05T15:12:10.2688490Z /usr/local/lib/android/sdk/platforms/android-37.2-beta1/data/res/drawable/ic_accessibility_magnification.xml
atspi-check	Run accessibility tree check	2026-09-05T15:12:10.2689260Z /usr/local/lib/android/sdk/platforms/android-37.2-beta1/data/res/drawable/ic_accessibility_magnification_foreground.xml
atspi-check	Run accessibility tree check	2026-09-05T15:12:10.2690344Z /usr/local/lib/android/sdk/platforms/android-37.2-beta1/data/res/drawable/ic_accessibility_mouse_keys.xml
atspi-check	Run accessibility tree check	2026-09-05T15:12:10.2691083Z /usr/local/lib/android/sdk/platforms/android-37.2-beta1/data/res/drawable/ic_accessibility_mouse_keys_foreground.xml
atspi-check	Run accessibility tree check	2026-09-05T15:12:10.2691818Z /usr/local/lib/android/sdk/platforms/android-37.2-beta1/data/res/drawable/ic_accessibility_one_handed.xml
atspi-check	Run accessibility tree check	2026-09-05T15:12:10.2692706Z /usr/local/lib/android/sdk/platforms/android-37.2-beta1/data/res/drawable/ic_accessibility_one_handed_foreground.xml
atspi-check	Run accessibility tree check	2026-09-05T15:12:10.2693475Z /usr/local/lib/android/sdk/platforms/android-37.2-beta1/data/res/drawable/ic_accessibility_reduce_bright_colors.xml
atspi-check	Run accessibility tree check	2026-09-05T15:12:10.2694287Z /usr/local/lib/android/sdk/platforms/android-37.2-beta1/data/res/drawable/ic_accessibility_reduce_bright_colors_foreground.xml
atspi-check	Run accessibility tree check	2026-09-05T15:12:10.2695170Z /usr/local/lib/android/sdk/platforms/android-37.2-beta1/data/res/drawable/view_accessibility_focused.xml
atspi-check	Run accessibility tree check	2026-09-05T15:12:10.2695893Z /usr/local/lib/android/sdk/platforms/android-37.2-beta1/data/res/layout/accessibility_autoclick_scroll_panel.xml
atspi-check	Run accessibility tree check	2026-09-05T15:12:10.2696643Z /usr/local/lib/android/sdk/platforms/android-37.2-beta1/data/res/layout/accessibility_autoclick_type_panel.xml
atspi-check	Run accessibility tree check	2026-09-05T15:12:10.2697370Z /usr/local/lib/android/sdk/platforms/android-37.2-beta1/data/res/layout/accessibility_button_chooser.xml
atspi-check	Run accessibility tree check	2026-09-05T15:12:10.2698093Z /usr/local/lib/android/sdk/platforms/android-37.2-beta1/data/res/layout/accessibility_button_chooser_item.xml
atspi-check	Run accessibility tree check	2026-09-05T15:12:10.2698841Z /usr/local/lib/android/sdk/platforms/android-37.2-beta1/data/res/layout/accessibility_enable_service_warning.xml
atspi-check	Run accessibility tree check	2026-09-05T15:12:10.2699856Z /usr/local/lib/android/sdk/platforms/android-37.2-beta1/data/res/layout/accessibility_service_warning.xml
atspi-check	Run accessibility tree check	2026-09-05T15:12:10.2700613Z /usr/local/lib/android/sdk/platforms/android-37.2-beta1/data/res/layout/accessibility_shortcut_chooser_item.xml
atspi-check	Run accessibility tree check	2026-09-05T15:12:10.2701368Z /usr/local/lib/android/sdk/platforms/android-37.2-beta1/data/res/xml/autofill_compat_accessibility_service.xml
atspi-check	Run accessibility tree check	2026-09-05T15:12:10.2702141Z /usr/local/lib/android/sdk/platforms/android-37.2-beta2/data/res/color/accessibility_autoclick_type_button_color.xml
atspi-check	Run accessibility tree check	2026-09-05T15:12:10.2703012Z /usr/local/lib/android/sdk/platforms/android-37.2-beta2/data/res/color/accessibility_autoclick_type_button_container_background.xml
atspi-check	Run accessibility tree check	2026-09-05T15:12:10.2703871Z /usr/local/lib/android/sdk/platforms/android-37.2-beta2/data/res/drawable-hdpi/perm_group_accessibility_features.png
atspi-check	Run accessibility tree check	2026-09-05T15:12:10.2704667Z /usr/local/lib/android/sdk/platforms/android-37.2-beta2/data/res/drawable-mdpi/perm_group_accessibility_features.png
atspi-check	Run accessibility tree check	2026-09-05T15:12:10.2705462Z /usr/local/lib/android/sdk/platforms/android-37.2-beta2/data/res/drawable-xhdpi/perm_group_accessibility_features.png
atspi-check	Run accessibility tree check	2026-09-05T15:12:10.2706261Z /usr/local/lib/android/sdk/platforms/android-37.2-beta2/data/res/drawable-xxhdpi/perm_group_accessibility_features.png
atspi-check	Run accessibility tree check	2026-09-05T15:12:10.2707071Z /usr/local/lib/android/sdk/platforms/android-37.2-beta2/data/res/drawable-xxxhdpi/perm_group_accessibility_features.png
atspi-check	Run accessibility tree check	2026-09-05T15:12:10.2707947Z /usr/local/lib/android/sdk/platforms/android-37.2-beta2/data/res/drawable/accessibility_autoclick_button_group_rounded_background.xml
atspi-check	Run accessibility tree check	2026-09-05T15:12:10.2708856Z /usr/local/lib/android/sdk/platforms/android-37.2-beta2/data/res/drawable/accessibility_autoclick_button_rounded_background.xml
atspi-check	Run accessibility tree check	2026-09-05T15:12:10.2709818Z /usr/local/lib/android/sdk/platforms/android-37.2-beta2/data/res/drawable/accessibility_autoclick_double_click.xml
atspi-check	Run accessibility tree check	2026-09-05T15:12:10.2710565Z /usr/local/lib/android/sdk/platforms/android-37.2-beta2/data/res/drawable/accessibility_autoclick_drag.xml
atspi-check	Run accessibility tree check	2026-09-05T15:12:10.2711296Z /usr/local/lib/android/sdk/platforms/android-37.2-beta2/data/res/drawable/accessibility_autoclick_left_click.xml
atspi-check	Run accessibility tree check	2026-09-05T15:12:10.2712050Z /usr/local/lib/android/sdk/platforms/android-37.2-beta2/data/res/drawable/accessibility_autoclick_long_press.xml
atspi-check	Run accessibility tree check	2026-09-05T15:12:10.2712787Z /usr/local/lib/android/sdk/platforms/android-37.2-beta2/data/res/drawable/accessibility_autoclick_pause.xml
atspi-check	Run accessibility tree check	2026-09-05T15:12:10.2713518Z /usr/local/lib/android/sdk/platforms/android-37.2-beta2/data/res/drawable/accessibility_autoclick_position.xml
atspi-check	Run accessibility tree check	2026-09-05T15:12:10.2714304Z /usr/local/lib/android/sdk/platforms/android-37.2-beta2/data/res/drawable/accessibility_autoclick_position_bottom_left.xml
atspi-check	Run accessibility tree check	2026-09-05T15:12:10.2715284Z /usr/local/lib/android/sdk/platforms/android-37.2-beta2/data/res/drawable/accessibility_autoclick_position_bottom_right.xml
atspi-check	Run accessibility tree check	2026-09-05T15:12:10.2716102Z /usr/local/lib/android/sdk/platforms/android-37.2-beta2/data/res/drawable/accessibility_autoclick_position_top_left.xml
atspi-check	Run accessibility tree check	2026-09-05T15:12:10.2716914Z /usr/local/lib/android/sdk/platforms/android-37.2-beta2/data/res/drawable/accessibility_autoclick_position_top_right.xml
atspi-check	Run accessibility tree check	2026-09-05T15:12:10.2717690Z /usr/local/lib/android/sdk/platforms/android-37.2-beta2/data/res/drawable/accessibility_autoclick_resume.xml
atspi-check	Run accessibility tree check	2026-09-05T15:12:10.2718586Z /usr/local/lib/android/sdk/platforms/android-37.2-beta2/data/res/drawable/accessibility_autoclick_right_click.xml
atspi-check	Run accessibility tree check	2026-09-05T15:12:10.2719644Z /usr/local/lib/android/sdk/platforms/android-37.2-beta2/data/res/drawable/accessibility_autoclick_scroll.xml
atspi-check	Run accessibility tree check	2026-09-05T15:12:10.2720426Z /usr/local/lib/android/sdk/platforms/android-37.2-beta2/data/res/drawable/accessibility_autoclick_scroll_down.xml
atspi-check	Run accessibility tree check	2026-09-05T15:12:10.2721259Z /usr/local/lib/android/sdk/platforms/android-37.2-beta2/data/res/drawable/accessibility_autoclick_scroll_down_background.xml
atspi-check	Run accessibility tree check	2026-09-05T15:12:10.2722070Z /usr/local/lib/android/sdk/platforms/android-37.2-beta2/data/res/drawable/accessibility_autoclick_scroll_exit.xml
atspi-check	Run accessibility tree check	2026-09-05T15:12:10.2722894Z /usr/local/lib/android/sdk/platforms/android-37.2-beta2/data/res/drawable/accessibility_autoclick_scroll_exit_background.xml
atspi-check	Run accessibility tree check	2026-09-05T15:12:10.2723712Z /usr/local/lib/android/sdk/platforms/android-37.2-beta2/data/res/drawable/accessibility_autoclick_scroll_left.xml
atspi-check	Run accessibility tree check	2026-09-05T15:12:10.2724542Z /usr/local/lib/android/sdk/platforms/android-37.2-beta2/data/res/drawable/accessibility_autoclick_scroll_left_background.xml
atspi-check	Run accessibility tree check	2026-09-05T15:12:10.2725398Z /usr/local/lib/android/sdk/platforms/android-37.2-beta2/data/res/drawable/accessibility_autoclick_scroll_panel_container.xml
atspi-check	Run accessibility tree check	2026-09-05T15:12:10.2726210Z /usr/local/lib/android/sdk/platforms/android-37.2-beta2/data/res/drawable/accessibility_autoclick_scroll_right.xml
atspi-check	Run accessibility tree check	2026-09-05T15:12:10.2727043Z /usr/local/lib/android/sdk/platforms/android-37.2-beta2/data/res/drawable/accessibility_autoclick_scroll_right_background.xml
atspi-check	Run accessibility tree check	2026-09-05T15:12:10.2727848Z /usr/local/lib/android/sdk/platforms/android-37.2-beta2/data/res/drawable/accessibility_autoclick_scroll_up.xml
atspi-check	Run accessibility tree check	2026-09-05T15:12:10.2728647Z /usr/local/lib/android/sdk/platforms/android-37.2-beta2/data/res/drawable/accessibility_autoclick_scroll_up_background.xml
atspi-check	Run accessibility tree check	2026-09-05T15:12:10.2729928Z /usr/local/lib/android/sdk/platforms/android-37.2-beta2/data/res/drawable/accessibility_autoclick_type_panel_rounded_background.xml
atspi-check	Run accessibility tree check	2026-09-05T15:12:10.2730901Z /usr/local/lib/android/sdk/platforms/android-37.2-beta2/data/res/drawable/accessibility_magnification_thumbnail_background_bg.xml
atspi-check	Run accessibility tree check	2026-09-05T15:12:10.2731783Z /usr/local/lib/android/sdk/platforms/android-37.2-beta2/data/res/drawable/accessibility_magnification_thumbnail_background_fg.xml
atspi-check	Run accessibility tree check	2026-09-05T15:12:10.2732618Z /usr/local/lib/android/sdk/platforms/android-37.2-beta2/data/res/drawable/accessibility_magnification_thumbnail_bg.xml
atspi-check	Run accessibility tree check	2026-09-05T15:12:10.2733363Z /usr/local/lib/android/sdk/platforms/android-37.2-beta2/data/res/drawable/ic_accessibility_24dp.xml
atspi-check	Run accessibility tree check	2026-09-05T15:12:10.2734043Z /usr/local/lib/android/sdk/platforms/android-37.2-beta2/data/res/drawable/ic_accessibility_autoclick.xml
atspi-check	Run accessibility tree check	2026-09-05T15:12:10.2734787Z /usr/local/lib/android/sdk/platforms/android-37.2-beta2/data/res/drawable/ic_accessibility_autoclick_foreground.xml
atspi-check	Run accessibility tree check	2026-09-05T15:12:10.2735579Z /usr/local/lib/android/sdk/platforms/android-37.2-beta2/data/res/drawable/ic_accessibility_color_correction.xml
atspi-check	Run accessibility tree check	2026-09-05T15:12:10.2736389Z /usr/local/lib/android/sdk/platforms/android-37.2-beta2/data/res/drawable/ic_accessibility_color_correction_foreground.xml
atspi-check	Run accessibility tree check	2026-09-05T15:12:10.2737184Z /usr/local/lib/android/sdk/platforms/android-37.2-beta2/data/res/drawable/ic_accessibility_color_inversion.xml
atspi-check	Run accessibility tree check	2026-09-05T15:12:10.2737976Z /usr/local/lib/android/sdk/platforms/android-37.2-beta2/data/res/drawable/ic_accessibility_color_inversion_foreground.xml
atspi-check	Run accessibility tree check	2026-09-05T15:12:10.2738902Z /usr/local/lib/android/sdk/platforms/android-37.2-beta2/data/res/drawable/ic_accessibility_generic.xml
atspi-check	Run accessibility tree check	2026-09-05T15:12:10.2739980Z /usr/local/lib/android/sdk/platforms/android-37.2-beta2/data/res/drawable/ic_accessibility_hearing_aid.xml
atspi-check	Run accessibility tree check	2026-09-05T15:12:10.2740761Z /usr/local/lib/android/sdk/platforms/android-37.2-beta2/data/res/drawable/ic_accessibility_hearing_aid_blue_dot.xml
atspi-check	Run accessibility tree check	2026-09-05T15:12:10.2741556Z /usr/local/lib/android/sdk/platforms/android-37.2-beta2/data/res/drawable/ic_accessibility_hearing_aid_disconnected.xml
atspi-check	Run accessibility tree check	2026-09-05T15:12:10.2742559Z /usr/local/lib/android/sdk/platforms/android-37.2-beta2/data/res/drawable/ic_accessibility_hearing_aid_disconnected_foreground.xml
atspi-check	Run accessibility tree check	2026-09-05T15:12:10.2743405Z /usr/local/lib/android/sdk/platforms/android-37.2-beta2/data/res/drawable/ic_accessibility_hearing_aid_foreground.xml
atspi-check	Run accessibility tree check	2026-09-05T15:12:10.2744190Z /usr/local/lib/android/sdk/platforms/android-37.2-beta2/data/res/drawable/ic_accessibility_hearing_aid_green_dot.xml
atspi-check	Run accessibility tree check	2026-09-05T15:12:10.2744955Z /usr/local/lib/android/sdk/platforms/android-37.2-beta2/data/res/drawable/ic_accessibility_magnification.xml
atspi-check	Run accessibility tree check	2026-09-05T15:12:10.2745715Z /usr/local/lib/android/sdk/platforms/android-37.2-beta2/data/res/drawable/ic_accessibility_magnification_foreground.xml
atspi-check	Run accessibility tree check	2026-09-05T15:12:10.2746466Z /usr/local/lib/android/sdk/platforms/android-37.2-beta2/data/res/drawable/ic_accessibility_mouse_keys.xml
atspi-check	Run accessibility tree check	2026-09-05T15:12:10.2747201Z /usr/local/lib/android/sdk/platforms/android-37.2-beta2/data/res/drawable/ic_accessibility_mouse_keys_foreground.xml
atspi-check	Run accessibility tree check	2026-09-05T15:12:10.2747950Z /usr/local/lib/android/sdk/platforms/android-37.2-beta2/data/res/drawable/ic_accessibility_one_handed.xml
atspi-check	Run accessibility tree check	2026-09-05T15:12:10.2748689Z /usr/local/lib/android/sdk/platforms/android-37.2-beta2/data/res/drawable/ic_accessibility_one_handed_foreground.xml
atspi-check	Run accessibility tree check	2026-09-05T15:12:10.2749689Z /usr/local/lib/android/sdk/platforms/android-37.2-beta2/data/res/drawable/ic_accessibility_reduce_bright_colors.xml
atspi-check	Run accessibility tree check	2026-09-05T15:12:10.2750538Z /usr/local/lib/android/sdk/platforms/android-37.2-beta2/data/res/drawable/ic_accessibility_reduce_bright_colors_foreground.xml
atspi-check	Run accessibility tree check	2026-09-05T15:12:10.2751320Z /usr/local/lib/android/sdk/platforms/android-37.2-beta2/data/res/drawable/view_accessibility_focused.xml
atspi-check	Run accessibility tree check	2026-09-05T15:12:10.2752047Z /usr/local/lib/android/sdk/platforms/android-37.2-beta2/data/res/layout/accessibility_autoclick_scroll_panel.xml
atspi-check	Run accessibility tree check	2026-09-05T15:12:10.2752799Z /usr/local/lib/android/sdk/platforms/android-37.2-beta2/data/res/layout/accessibility_autoclick_type_panel.xml
atspi-check	Run accessibility tree check	2026-09-05T15:12:10.2753516Z /usr/local/lib/android/sdk/platforms/android-37.2-beta2/data/res/layout/accessibility_button_chooser.xml
atspi-check	Run accessibility tree check	2026-09-05T15:12:10.2754228Z /usr/local/lib/android/sdk/platforms/android-37.2-beta2/data/res/layout/accessibility_button_chooser_item.xml
atspi-check	Run accessibility tree check	2026-09-05T15:12:10.2754962Z /usr/local/lib/android/sdk/platforms/android-37.2-beta2/data/res/layout/accessibility_enable_service_warning.xml
atspi-check	Run accessibility tree check	2026-09-05T15:12:10.2755683Z /usr/local/lib/android/sdk/platforms/android-37.2-beta2/data/res/layout/accessibility_service_warning.xml
atspi-check	Run accessibility tree check	2026-09-05T15:12:10.2756415Z /usr/local/lib/android/sdk/platforms/android-37.2-beta2/data/res/layout/accessibility_shortcut_chooser_item.xml
atspi-check	Run accessibility tree check	2026-09-05T15:12:10.2757156Z /usr/local/lib/android/sdk/platforms/android-37.2-beta2/data/res/xml/autofill_compat_accessibility_service.xml
atspi-check	Run accessibility tree check	2026-09-05T15:12:10.2757912Z /usr/local/lib/android/sdk/platforms/android-37.2-beta3/data/res/color/accessibility_autoclick_type_button_color.xml
atspi-check	Run accessibility tree check	2026-09-05T15:12:10.2758769Z /usr/local/lib/android/sdk/platforms/android-37.2-beta3/data/res/color/accessibility_autoclick_type_button_container_background.xml
atspi-check	Run accessibility tree check	2026-09-05T15:12:10.2760643Z /usr/local/lib/android/sdk/platforms/android-37.2-beta3/data/res/drawable-hdpi/perm_group_accessibility_features.png
atspi-check	Run accessibility tree check	2026-09-05T15:12:10.2762204Z /usr/local/lib/android/sdk/platforms/android-37.2-beta3/data/res/drawable-mdpi/perm_group_accessibility_features.png
atspi-check	Run accessibility tree check	2026-09-05T15:12:10.2763568Z /usr/local/lib/android/sdk/platforms/android-37.2-beta3/data/res/drawable-xhdpi/perm_group_accessibility_features.png
atspi-check	Run accessibility tree check	2026-09-05T15:12:10.2765019Z /usr/local/lib/android/sdk/platforms/android-37.2-beta3/data/res/drawable-xxhdpi/perm_group_accessibility_features.png
atspi-check	Run accessibility tree check	2026-09-05T15:12:10.2765870Z /usr/local/lib/android/sdk/platforms/android-37.2-beta3/data/res/drawable-xxxhdpi/perm_group_accessibility_features.png
atspi-check	Run accessibility tree check	2026-09-05T15:12:10.2766751Z /usr/local/lib/android/sdk/platforms/android-37.2-beta3/data/res/drawable/accessibility_autoclick_button_group_rounded_background.xml
atspi-check	Run accessibility tree check	2026-09-05T15:12:10.2767863Z /usr/local/lib/android/sdk/platforms/android-37.2-beta3/data/res/drawable/accessibility_autoclick_button_rounded_background.xml
atspi-check	Run accessibility tree check	2026-09-05T15:12:10.2769229Z /usr/local/lib/android/sdk/platforms/android-37.2-beta3/data/res/drawable/accessibility_autoclick_double_click.xml
atspi-check	Run accessibility tree check	2026-09-05T15:12:10.2770672Z /usr/local/lib/android/sdk/platforms/android-37.2-beta3/data/res/drawable/accessibility_autoclick_drag.xml
atspi-check	Run accessibility tree check	2026-09-05T15:12:10.2771916Z /usr/local/lib/android/sdk/platforms/android-37.2-beta3/data/res/drawable/accessibility_autoclick_left_click.xml
atspi-check	Run accessibility tree check	2026-09-05T15:12:10.2773023Z /usr/local/lib/android/sdk/platforms/android-37.2-beta3/data/res/drawable/accessibility_autoclick_long_press.xml
atspi-check	Run accessibility tree check	2026-09-05T15:12:10.2773777Z /usr/local/lib/android/sdk/platforms/android-37.2-beta3/data/res/drawable/accessibility_autoclick_pause.xml
atspi-check	Run accessibility tree check	2026-09-05T15:12:10.2774527Z /usr/local/lib/android/sdk/platforms/android-37.2-beta3/data/res/drawable/accessibility_autoclick_position.xml
atspi-check	Run accessibility tree check	2026-09-05T15:12:10.2775336Z /usr/local/lib/android/sdk/platforms/android-37.2-beta3/data/res/drawable/accessibility_autoclick_position_bottom_left.xml
atspi-check	Run accessibility tree check	2026-09-05T15:12:10.2776189Z /usr/local/lib/android/sdk/platforms/android-37.2-beta3/data/res/drawable/accessibility_autoclick_position_bottom_right.xml
atspi-check	Run accessibility tree check	2026-09-05T15:12:10.2777041Z /usr/local/lib/android/sdk/platforms/android-37.2-beta3/data/res/drawable/accessibility_autoclick_position_top_left.xml
atspi-check	Run accessibility tree check	2026-09-05T15:12:10.2778455Z /usr/local/lib/android/sdk/platforms/android-37.2-beta3/data/res/drawable/accessibility_autoclick_position_top_right.xml
atspi-check	Run accessibility tree check	2026-09-05T15:12:10.2779865Z /usr/local/lib/android/sdk/platforms/android-37.2-beta3/data/res/drawable/accessibility_autoclick_resume.xml
atspi-check	Run accessibility tree check	2026-09-05T15:12:10.2781177Z /usr/local/lib/android/sdk/platforms/android-37.2-beta3/data/res/drawable/accessibility_autoclick_right_click.xml
atspi-check	Run accessibility tree check	2026-09-05T15:12:10.2782449Z /usr/local/lib/android/sdk/platforms/android-37.2-beta3/data/res/drawable/accessibility_autoclick_scroll.xml
atspi-check	Run accessibility tree check	2026-09-05T15:12:10.2783717Z /usr/local/lib/android/sdk/platforms/android-37.2-beta3/data/res/drawable/accessibility_autoclick_scroll_down.xml
atspi-check	Run accessibility tree check	2026-09-05T15:12:10.2785096Z /usr/local/lib/android/sdk/platforms/android-37.2-beta3/data/res/drawable/accessibility_autoclick_scroll_down_background.xml
atspi-check	Run accessibility tree check	2026-09-05T15:12:10.2786470Z /usr/local/lib/android/sdk/platforms/android-37.2-beta3/data/res/drawable/accessibility_autoclick_scroll_exit.xml
atspi-check	Run accessibility tree check	2026-09-05T15:12:10.2787306Z /usr/local/lib/android/sdk/platforms/android-37.2-beta3/data/res/drawable/accessibility_autoclick_scroll_exit_background.xml
atspi-check	Run accessibility tree check	2026-09-05T15:12:10.2788133Z /usr/local/lib/android/sdk/platforms/android-37.2-beta3/data/res/drawable/accessibility_autoclick_scroll_left.xml
atspi-check	Run accessibility tree check	2026-09-05T15:12:10.2788930Z /usr/local/lib/android/sdk/platforms/android-37.2-beta3/data/res/drawable/accessibility_autoclick_scroll_left_background.xml
atspi-check	Run accessibility tree check	2026-09-05T15:12:10.2790372Z /usr/local/lib/android/sdk/platforms/android-37.2-beta3/data/res/drawable/accessibility_autoclick_scroll_panel_container.xml
atspi-check	Run accessibility tree check	2026-09-05T15:12:10.2791397Z /usr/local/lib/android/sdk/platforms/android-37.2-beta3/data/res/drawable/accessibility_autoclick_scroll_right.xml
atspi-check	Run accessibility tree check	2026-09-05T15:12:10.2792230Z /usr/local/lib/android/sdk/platforms/android-37.2-beta3/data/res/drawable/accessibility_autoclick_scroll_right_background.xml
atspi-check	Run accessibility tree check	2026-09-05T15:12:10.2793031Z /usr/local/lib/android/sdk/platforms/android-37.2-beta3/data/res/drawable/accessibility_autoclick_scroll_up.xml
atspi-check	Run accessibility tree check	2026-09-05T15:12:10.2794361Z /usr/local/lib/android/sdk/platforms/android-37.2-beta3/data/res/drawable/accessibility_autoclick_scroll_up_background.xml
atspi-check	Run accessibility tree check	2026-09-05T15:12:10.2796162Z /usr/local/lib/android/sdk/platforms/android-37.2-beta3/data/res/drawable/accessibility_autoclick_type_panel_rounded_background.xml
atspi-check	Run accessibility tree check	2026-09-05T15:12:10.2797835Z /usr/local/lib/android/sdk/platforms/android-37.2-beta3/data/res/drawable/accessibility_magnification_thumbnail_background_bg.xml
atspi-check	Run accessibility tree check	2026-09-05T15:12:10.2799605Z /usr/local/lib/android/sdk/platforms/android-37.2-beta3/data/res/drawable/accessibility_magnification_thumbnail_background_fg.xml
atspi-check	Run accessibility tree check	2026-09-05T15:12:10.2801594Z /usr/local/lib/android/sdk/platforms/android-37.2-beta3/data/res/drawable/accessibility_magnification_thumbnail_bg.xml
atspi-check	Run accessibility tree check	2026-09-05T15:12:10.2802884Z /usr/local/lib/android/sdk/platforms/android-37.2-beta3/data/res/drawable/ic_accessibility_24dp.xml
atspi-check	Run accessibility tree check	2026-09-05T15:12:10.2819037Z /usr/local/lib/android/sdk/platforms/android-37.2-beta3/data/res/drawable/ic_accessibility_autoclick.xml
atspi-check	Run accessibility tree check	2026-09-05T15:12:10.2820516Z /usr/local/lib/android/sdk/platforms/android-37.2-beta3/data/res/drawable/ic_accessibility_autoclick_foreground.xml
atspi-check	Run accessibility tree check	2026-09-05T15:12:10.2821386Z /usr/local/lib/android/sdk/platforms/android-37.2-beta3/data/res/drawable/ic_accessibility_color_correction.xml
atspi-check	Run accessibility tree check	2026-09-05T15:12:10.2822217Z /usr/local/lib/android/sdk/platforms/android-37.2-beta3/data/res/drawable/ic_accessibility_color_correction_foreground.xml
atspi-check	Run accessibility tree check	2026-09-05T15:12:10.2823026Z /usr/local/lib/android/sdk/platforms/android-37.2-beta3/data/res/drawable/ic_accessibility_color_inversion.xml
atspi-check	Run accessibility tree check	2026-09-05T15:12:10.2823836Z /usr/local/lib/android/sdk/platforms/android-37.2-beta3/data/res/drawable/ic_accessibility_color_inversion_foreground.xml
atspi-check	Run accessibility tree check	2026-09-05T15:12:10.2824600Z /usr/local/lib/android/sdk/platforms/android-37.2-beta3/data/res/drawable/ic_accessibility_generic.xml
atspi-check	Run accessibility tree check	2026-09-05T15:12:10.2825315Z /usr/local/lib/android/sdk/platforms/android-37.2-beta3/data/res/drawable/ic_accessibility_hearing_aid.xml
atspi-check	Run accessibility tree check	2026-09-05T15:12:10.2826062Z /usr/local/lib/android/sdk/platforms/android-37.2-beta3/data/res/drawable/ic_accessibility_hearing_aid_blue_dot.xml
atspi-check	Run accessibility tree check	2026-09-05T15:12:10.2826877Z /usr/local/lib/android/sdk/platforms/android-37.2-beta3/data/res/drawable/ic_accessibility_hearing_aid_disconnected.xml
atspi-check	Run accessibility tree check	2026-09-05T15:12:10.2827740Z /usr/local/lib/android/sdk/platforms/android-37.2-beta3/data/res/drawable/ic_accessibility_hearing_aid_disconnected_foreground.xml
atspi-check	Run accessibility tree check	2026-09-05T15:12:10.2828574Z /usr/local/lib/android/sdk/platforms/android-37.2-beta3/data/res/drawable/ic_accessibility_hearing_aid_foreground.xml
atspi-check	Run accessibility tree check	2026-09-05T15:12:10.2829377Z /usr/local/lib/android/sdk/platforms/android-37.2-beta3/data/res/drawable/ic_accessibility_hearing_aid_green_dot.xml
atspi-check	Run accessibility tree check	2026-09-05T15:12:10.2830425Z /usr/local/lib/android/sdk/platforms/android-37.2-beta3/data/res/drawable/ic_accessibility_magnification.xml
atspi-check	Run accessibility tree check	2026-09-05T15:12:10.2831232Z /usr/local/lib/android/sdk/platforms/android-37.2-beta3/data/res/drawable/ic_accessibility_magnification_foreground.xml
atspi-check	Run accessibility tree check	2026-09-05T15:12:10.2831999Z /usr/local/lib/android/sdk/platforms/android-37.2-beta3/data/res/drawable/ic_accessibility_mouse_keys.xml
atspi-check	Run accessibility tree check	2026-09-05T15:12:10.2832747Z /usr/local/lib/android/sdk/platforms/android-37.2-beta3/data/res/drawable/ic_accessibility_mouse_keys_foreground.xml
atspi-check	Run accessibility tree check	2026-09-05T15:12:10.2833510Z /usr/local/lib/android/sdk/platforms/android-37.2-beta3/data/res/drawable/ic_accessibility_one_handed.xml
atspi-check	Run accessibility tree check	2026-09-05T15:12:10.2834266Z /usr/local/lib/android/sdk/platforms/android-37.2-beta3/data/res/drawable/ic_accessibility_one_handed_foreground.xml
atspi-check	Run accessibility tree check	2026-09-05T15:12:10.2835073Z /usr/local/lib/android/sdk/platforms/android-37.2-beta3/data/res/drawable/ic_accessibility_reduce_bright_colors.xml
atspi-check	Run accessibility tree check	2026-09-05T15:12:10.2835898Z /usr/local/lib/android/sdk/platforms/android-37.2-beta3/data/res/drawable/ic_accessibility_reduce_bright_colors_foreground.xml
atspi-check	Run accessibility tree check	2026-09-05T15:12:10.2836689Z /usr/local/lib/android/sdk/platforms/android-37.2-beta3/data/res/drawable/view_accessibility_focused.xml
atspi-check	Run accessibility tree check	2026-09-05T15:12:10.2837459Z /usr/local/lib/android/sdk/platforms/android-37.2-beta3/data/res/layout/accessibility_autoclick_scroll_panel.xml
atspi-check	Run accessibility tree check	2026-09-05T15:12:10.2838474Z /usr/local/lib/android/sdk/platforms/android-37.2-beta3/data/res/layout/accessibility_autoclick_type_panel.xml
atspi-check	Run accessibility tree check	2026-09-05T15:12:10.2839215Z /usr/local/lib/android/sdk/platforms/android-37.2-beta3/data/res/layout/accessibility_button_chooser.xml
atspi-check	Run accessibility tree check	2026-09-05T15:12:10.2840268Z /usr/local/lib/android/sdk/platforms/android-37.2-beta3/data/res/layout/accessibility_button_chooser_item.xml
atspi-check	Run accessibility tree check	2026-09-05T15:12:10.2841184Z /usr/local/lib/android/sdk/platforms/android-37.2-beta3/data/res/layout/accessibility_enable_service_warning.xml
atspi-check	Run accessibility tree check	2026-09-05T15:12:10.2841930Z /usr/local/lib/android/sdk/platforms/android-37.2-beta3/data/res/layout/accessibility_service_warning.xml
atspi-check	Run accessibility tree check	2026-09-05T15:12:10.2842671Z /usr/local/lib/android/sdk/platforms/android-37.2-beta3/data/res/layout/accessibility_shortcut_chooser_item.xml
atspi-check	Run accessibility tree check	2026-09-05T15:12:10.2843427Z /usr/local/lib/android/sdk/platforms/android-37.2-beta3/data/res/xml/autofill_compat_accessibility_service.xml
atspi-check	Run accessibility tree check	2026-09-05T15:12:10.2844202Z /usr/local/lib/android/sdk/platforms/android-37.2/data/res/color/accessibility_autoclick_type_button_color.xml
atspi-check	Run accessibility tree check	2026-09-05T15:12:10.2845012Z /usr/local/lib/android/sdk/platforms/android-37.2/data/res/color/accessibility_autoclick_type_button_container_background.xml
atspi-check	Run accessibility tree check	2026-09-05T15:12:10.2845841Z /usr/local/lib/android/sdk/platforms/android-37.2/data/res/drawable-hdpi/perm_group_accessibility_features.png
atspi-check	Run accessibility tree check	2026-09-05T15:12:10.2846603Z /usr/local/lib/android/sdk/platforms/android-37.2/data/res/drawable-mdpi/perm_group_accessibility_features.png
atspi-check	Run accessibility tree check	2026-09-05T15:12:10.2847363Z /usr/local/lib/android/sdk/platforms/android-37.2/data/res/drawable-xhdpi/perm_group_accessibility_features.png
atspi-check	Run accessibility tree check	2026-09-05T15:12:10.2848136Z /usr/local/lib/android/sdk/platforms/android-37.2/data/res/drawable-xxhdpi/perm_group_accessibility_features.png
atspi-check	Run accessibility tree check	2026-09-05T15:12:10.2848913Z /usr/local/lib/android/sdk/platforms/android-37.2/data/res/drawable-xxxhdpi/perm_group_accessibility_features.png
atspi-check	Run accessibility tree check	2026-09-05T15:12:10.2850035Z /usr/local/lib/android/sdk/platforms/android-37.2/data/res/drawable/accessibility_autoclick_button_group_rounded_background.xml
atspi-check	Run accessibility tree check	2026-09-05T15:12:10.2850917Z /usr/local/lib/android/sdk/platforms/android-37.2/data/res/drawable/accessibility_autoclick_button_rounded_background.xml
atspi-check	Run accessibility tree check	2026-09-05T15:12:10.2851707Z /usr/local/lib/android/sdk/platforms/android-37.2/data/res/drawable/accessibility_autoclick_double_click.xml
atspi-check	Run accessibility tree check	2026-09-05T15:12:10.2852412Z /usr/local/lib/android/sdk/platforms/android-37.2/data/res/drawable/accessibility_autoclick_drag.xml
atspi-check	Run accessibility tree check	2026-09-05T15:12:10.2853136Z /usr/local/lib/android/sdk/platforms/android-37.2/data/res/drawable/accessibility_autoclick_left_click.xml
atspi-check	Run accessibility tree check	2026-09-05T15:12:10.2853848Z /usr/local/lib/android/sdk/platforms/android-37.2/data/res/drawable/accessibility_autoclick_long_press.xml
atspi-check	Run accessibility tree check	2026-09-05T15:12:10.2854541Z /usr/local/lib/android/sdk/platforms/android-37.2/data/res/drawable/accessibility_autoclick_pause.xml
atspi-check	Run accessibility tree check	2026-09-05T15:12:10.2855234Z /usr/local/lib/android/sdk/platforms/android-37.2/data/res/drawable/accessibility_autoclick_position.xml
atspi-check	Run accessibility tree check	2026-09-05T15:12:10.2856000Z /usr/local/lib/android/sdk/platforms/android-37.2/data/res/drawable/accessibility_autoclick_position_bottom_left.xml
atspi-check	Run accessibility tree check	2026-09-05T15:12:10.2856796Z /usr/local/lib/android/sdk/platforms/android-37.2/data/res/drawable/accessibility_autoclick_position_bottom_right.xml
atspi-check	Run accessibility tree check	2026-09-05T15:12:10.2857580Z /usr/local/lib/android/sdk/platforms/android-37.2/data/res/drawable/accessibility_autoclick_position_top_left.xml
atspi-check	Run accessibility tree check	2026-09-05T15:12:10.2858366Z /usr/local/lib/android/sdk/platforms/android-37.2/data/res/drawable/accessibility_autoclick_position_top_right.xml
atspi-check	Run accessibility tree check	2026-09-05T15:12:10.2859097Z /usr/local/lib/android/sdk/platforms/android-37.2/data/res/drawable/accessibility_autoclick_resume.xml
atspi-check	Run accessibility tree check	2026-09-05T15:12:10.2860072Z /usr/local/lib/android/sdk/platforms/android-37.2/data/res/drawable/accessibility_autoclick_right_click.xml
atspi-check	Run accessibility tree check	2026-09-05T15:12:10.2860790Z /usr/local/lib/android/sdk/platforms/android-37.2/data/res/drawable/accessibility_autoclick_scroll.xml
atspi-check	Run accessibility tree check	2026-09-05T15:12:10.2861663Z /usr/local/lib/android/sdk/platforms/android-37.2/data/res/drawable/accessibility_autoclick_scroll_down.xml
atspi-check	Run accessibility tree check	2026-09-05T15:12:10.2862429Z /usr/local/lib/android/sdk/platforms/android-37.2/data/res/drawable/accessibility_autoclick_scroll_down_background.xml
atspi-check	Run accessibility tree check	2026-09-05T15:12:10.2863194Z /usr/local/lib/android/sdk/platforms/android-37.2/data/res/drawable/accessibility_autoclick_scroll_exit.xml
atspi-check	Run accessibility tree check	2026-09-05T15:12:10.2863968Z /usr/local/lib/android/sdk/platforms/android-37.2/data/res/drawable/accessibility_autoclick_scroll_exit_background.xml
atspi-check	Run accessibility tree check	2026-09-05T15:12:10.2864859Z /usr/local/lib/android/sdk/platforms/android-37.2/data/res/drawable/accessibility_autoclick_scroll_left.xml
atspi-check	Run accessibility tree check	2026-09-05T15:12:10.2865622Z /usr/local/lib/android/sdk/platforms/android-37.2/data/res/drawable/accessibility_autoclick_scroll_left_background.xml
atspi-check	Run accessibility tree check	2026-09-05T15:12:10.2866429Z /usr/local/lib/android/sdk/platforms/android-37.2/data/res/drawable/accessibility_autoclick_scroll_panel_container.xml
atspi-check	Run accessibility tree check	2026-09-05T15:12:10.2867209Z /usr/local/lib/android/sdk/platforms/android-37.2/data/res/drawable/accessibility_autoclick_scroll_right.xml
atspi-check	Run accessibility tree check	2026-09-05T15:12:10.2868023Z /usr/local/lib/android/sdk/platforms/android-37.2/data/res/drawable/accessibility_autoclick_scroll_right_background.xml
atspi-check	Run accessibility tree check	2026-09-05T15:12:10.2868800Z /usr/local/lib/android/sdk/platforms/android-37.2/data/res/drawable/accessibility_autoclick_scroll_up.xml
atspi-check	Run accessibility tree check	2026-09-05T15:12:10.2869818Z /usr/local/lib/android/sdk/platforms/android-37.2/data/res/drawable/accessibility_autoclick_scroll_up_background.xml
atspi-check	Run accessibility tree check	2026-09-05T15:12:10.2870682Z /usr/local/lib/android/sdk/platforms/android-37.2/data/res/drawable/accessibility_autoclick_type_panel_rounded_background.xml
atspi-check	Run accessibility tree check	2026-09-05T15:12:10.2871536Z /usr/local/lib/android/sdk/platforms/android-37.2/data/res/drawable/accessibility_magnification_thumbnail_background_bg.xml
atspi-check	Run accessibility tree check	2026-09-05T15:12:10.2872386Z /usr/local/lib/android/sdk/platforms/android-37.2/data/res/drawable/accessibility_magnification_thumbnail_background_fg.xml
atspi-check	Run accessibility tree check	2026-09-05T15:12:10.2873188Z /usr/local/lib/android/sdk/platforms/android-37.2/data/res/drawable/accessibility_magnification_thumbnail_bg.xml
atspi-check	Run accessibility tree check	2026-09-05T15:12:10.2873980Z /usr/local/lib/android/sdk/platforms/android-37.2/data/res/drawable/ic_accessibility_24dp.xml
atspi-check	Run accessibility tree check	2026-09-05T15:12:10.2874647Z /usr/local/lib/android/sdk/platforms/android-37.2/data/res/drawable/ic_accessibility_autoclick.xml
atspi-check	Run accessibility tree check	2026-09-05T15:12:10.2875354Z /usr/local/lib/android/sdk/platforms/android-37.2/data/res/drawable/ic_accessibility_autoclick_foreground.xml
atspi-check	Run accessibility tree check	2026-09-05T15:12:10.2876093Z /usr/local/lib/android/sdk/platforms/android-37.2/data/res/drawable/ic_accessibility_color_correction.xml
atspi-check	Run accessibility tree check	2026-09-05T15:12:10.2876846Z /usr/local/lib/android/sdk/platforms/android-37.2/data/res/drawable/ic_accessibility_color_correction_foreground.xml
atspi-check	Run accessibility tree check	2026-09-05T15:12:10.2877582Z /usr/local/lib/android/sdk/platforms/android-37.2/data/res/drawable/ic_accessibility_color_filter.xml
atspi-check	Run accessibility tree check	2026-09-05T15:12:10.2878306Z /usr/local/lib/android/sdk/platforms/android-37.2/data/res/drawable/ic_accessibility_color_filter_foreground.xml
atspi-check	Run accessibility tree check	2026-09-05T15:12:10.2879059Z /usr/local/lib/android/sdk/platforms/android-37.2/data/res/drawable/ic_accessibility_color_inversion.xml
atspi-check	Run accessibility tree check	2026-09-05T15:12:10.2880030Z /usr/local/lib/android/sdk/platforms/android-37.2/data/res/drawable/ic_accessibility_color_inversion_foreground.xml
atspi-check	Run accessibility tree check	2026-09-05T15:12:10.2880755Z /usr/local/lib/android/sdk/platforms/android-37.2/data/res/drawable/ic_accessibility_generic.xml
atspi-check	Run accessibility tree check	2026-09-05T15:12:10.2881427Z /usr/local/lib/android/sdk/platforms/android-37.2/data/res/drawable/ic_accessibility_hearing_aid.xml
atspi-check	Run accessibility tree check	2026-09-05T15:12:10.2882123Z /usr/local/lib/android/sdk/platforms/android-37.2/data/res/drawable/ic_accessibility_hearing_aid_blue_dot.xml
atspi-check	Run accessibility tree check	2026-09-05T15:12:10.2882871Z /usr/local/lib/android/sdk/platforms/android-37.2/data/res/drawable/ic_accessibility_hearing_aid_disconnected.xml
atspi-check	Run accessibility tree check	2026-09-05T15:12:10.2883683Z /usr/local/lib/android/sdk/platforms/android-37.2/data/res/drawable/ic_accessibility_hearing_aid_disconnected_foreground.xml
atspi-check	Run accessibility tree check	2026-09-05T15:12:10.2884636Z /usr/local/lib/android/sdk/platforms/android-37.2/data/res/drawable/ic_accessibility_hearing_aid_foreground.xml
atspi-check	Run accessibility tree check	2026-09-05T15:12:10.2885393Z /usr/local/lib/android/sdk/platforms/android-37.2/data/res/drawable/ic_accessibility_hearing_aid_green_dot.xml
atspi-check	Run accessibility tree check	2026-09-05T15:12:10.2886109Z /usr/local/lib/android/sdk/platforms/android-37.2/data/res/drawable/ic_accessibility_magnification.xml
atspi-check	Run accessibility tree check	2026-09-05T15:12:10.2886839Z /usr/local/lib/android/sdk/platforms/android-37.2/data/res/drawable/ic_accessibility_magnification_foreground.xml
atspi-check	Run accessibility tree check	2026-09-05T15:12:10.2887731Z /usr/local/lib/android/sdk/platforms/android-37.2/data/res/drawable/ic_accessibility_mouse_keys.xml
atspi-check	Run accessibility tree check	2026-09-05T15:12:10.2888804Z /usr/local/lib/android/sdk/platforms/android-37.2/data/res/drawable/ic_accessibility_mouse_keys_foreground.xml
atspi-check	Run accessibility tree check	2026-09-05T15:12:10.2890160Z /usr/local/lib/android/sdk/platforms/android-37.2/data/res/drawable/ic_accessibility_one_handed.xml
atspi-check	Run accessibility tree check	2026-09-05T15:12:10.2891409Z /usr/local/lib/android/sdk/platforms/android-37.2/data/res/drawable/ic_accessibility_one_handed_foreground.xml
atspi-check	Run accessibility tree check	2026-09-05T15:12:10.2892455Z /usr/local/lib/android/sdk/platforms/android-37.2/data/res/drawable/ic_accessibility_reduce_bright_colors.xml
atspi-check	Run accessibility tree check	2026-09-05T15:12:10.2893235Z /usr/local/lib/android/sdk/platforms/android-37.2/data/res/drawable/ic_accessibility_reduce_bright_colors_foreground.xml
atspi-check	Run accessibility tree check	2026-09-05T15:12:10.2893973Z /usr/local/lib/android/sdk/platforms/android-37.2/data/res/drawable/view_accessibility_focused.xml
atspi-check	Run accessibility tree check	2026-09-05T15:12:10.2894677Z /usr/local/lib/android/sdk/platforms/android-37.2/data/res/layout/accessibility_autoclick_scroll_panel.xml
atspi-check	Run accessibility tree check	2026-09-05T15:12:10.2895402Z /usr/local/lib/android/sdk/platforms/android-37.2/data/res/layout/accessibility_autoclick_type_panel.xml
atspi-check	Run accessibility tree check	2026-09-05T15:12:10.2896101Z /usr/local/lib/android/sdk/platforms/android-37.2/data/res/layout/accessibility_button_chooser.xml
atspi-check	Run accessibility tree check	2026-09-05T15:12:10.2896770Z /usr/local/lib/android/sdk/platforms/android-37.2/data/res/layout/accessibility_button_chooser_item.xml
atspi-check	Run accessibility tree check	2026-09-05T15:12:10.2897481Z /usr/local/lib/android/sdk/platforms/android-37.2/data/res/layout/accessibility_enable_service_warning.xml
atspi-check	Run accessibility tree check	2026-09-05T15:12:10.2898173Z /usr/local/lib/android/sdk/platforms/android-37.2/data/res/layout/accessibility_service_warning.xml
atspi-check	Run accessibility tree check	2026-09-05T15:12:10.2898846Z /usr/local/lib/android/sdk/platforms/android-37.2/data/res/layout/accessibility_shortcut_chooser_item.xml
atspi-check	Run accessibility tree check	2026-09-05T15:12:10.2899793Z /usr/local/lib/android/sdk/platforms/android-37.2/data/res/xml/autofill_compat_accessibility_service.xml
atspi-check	Run accessibility tree check	2026-09-05T15:12:10.2900298Z === Qt plugin directories ===
atspi-check	Run accessibility tree check	2026-09-05T15:12:10.2900562Z /usr/lib/x86_64-linux-gnu/qt6/plugins
atspi-check	Run accessibility tree check	2026-09-05T15:12:10.2900842Z === AT-SPI libraries ===
atspi-check	Run accessibility tree check	2026-09-05T15:12:10.2901217Z 	libatspi.so.0 (libc6,x86-64) => /lib/x86_64-linux-gnu/libatspi.so.0
atspi-check	Run accessibility tree check	2026-09-05T15:12:10.2901712Z 	libatk-bridge-2.0.so.0 (libc6,x86-64) => /lib/x86_64-linux-gnu/libatk-bridge-2.0.so.0
atspi-check	Run accessibility tree check	2026-09-05T15:12:10.3959234Z qt.accessibility.cache: insert - id: 2147483648  iface: QAccessibleInterface(0x561d235c05b0 name="OK" role=Button obj=QPushButton(0x561d23574390)"focusable|invisible")
atspi-check	Run accessibility tree check	2026-09-05T15:12:10.3966390Z qt.accessibility.cache: delete - id: 2147483648  iface: QAccessibleInterface(0x561d235c05b0 invalid)
atspi-check	Run accessibility tree check	2026-09-05T15:12:10.3968746Z qt.accessibility.cache: insert - id: 2147483649  iface: QAccessibleInterface(0x561d235ccff0 name="Open" role=Button obj=QPushButton(0x561d235c5070)"focusable|invisible")
atspi-check	Run accessibility tree check	2026-09-05T15:12:10.3970733Z qt.accessibility.cache: delete - id: 2147483649  iface: QAccessibleInterface(0x561d235ccff0 invalid)
atspi-check	Run accessibility tree check	2026-09-05T15:12:10.3972312Z qt.accessibility.cache: insert - id: 2147483650  iface: QAccessibleInterface(0x561d235712a0 name="Save" role=Button obj=QPushButton(0x561d235c8750)"focusable|invisible")
atspi-check	Run accessibility tree check	2026-09-05T15:12:10.3973964Z qt.accessibility.cache: delete - id: 2147483650  iface: QAccessibleInterface(0x561d235712a0 invalid)
atspi-check	Run accessibility tree check	2026-09-05T15:12:10.3975493Z qt.accessibility.cache: insert - id: 2147483651  iface: QAccessibleInterface(0x561d235c9270 name="Cancel" role=Button obj=QPushButton(0x561d23550770)"focusable|invisible")
atspi-check	Run accessibility tree check	2026-09-05T15:12:10.3977497Z qt.accessibility.cache: delete - id: 2147483651  iface: QAccessibleInterface(0x561d235c9270 invalid)
atspi-check	Run accessibility tree check	2026-09-05T15:12:10.3978979Z qt.accessibility.cache: insert - id: 2147483652  iface: QAccessibleInterface(0x561d23543b70 name="Close" role=Button obj=QPushButton(0x561d235c04a0)"focusable|invisible")
atspi-check	Run accessibility tree check	2026-09-05T15:12:10.3980767Z qt.accessibility.cache: delete - id: 2147483652  iface: QAccessibleInterface(0x561d23543b70 invalid)
atspi-check	Run accessibility tree check	2026-09-05T15:12:10.3982155Z qt.accessibility.cache: insert - id: 2147483653  iface: QAccessibleInterface(0x561d235ccf60 name="Discard" role=Button obj=QPushButton(0x561d235ed250)"focusable|invisible")
atspi-check	Run accessibility tree check	2026-09-05T15:12:10.3983255Z qt.accessibility.cache: delete - id: 2147483653  iface: QAccessibleInterface(0x561d235ccf60 invalid)
atspi-check	Run accessibility tree check	2026-09-05T15:12:10.3984398Z qt.accessibility.cache: insert - id: 2147483654  iface: QAccessibleInterface(0x561d235c0420 name="Apply" role=Button obj=QPushButton(0x561d235494b0)"focusable|invisible")
atspi-check	Run accessibility tree check	2026-09-05T15:12:10.3985427Z qt.accessibility.cache: delete - id: 2147483654  iface: QAccessibleInterface(0x561d235c0420 invalid)
atspi-check	Run accessibility tree check	2026-09-05T15:12:10.3986606Z qt.accessibility.cache: insert - id: 2147483655  iface: QAccessibleInterface(0x561d2356c9e0 name="Reset" role=Button obj=QPushButton(0x561d235af3a0)"focusable|invisible")
atspi-check	Run accessibility tree check	2026-09-05T15:12:10.3987563Z qt.accessibility.cache: delete - id: 2147483655  iface: QAccessibleInterface(0x561d2356c9e0 invalid)
atspi-check	Run accessibility tree check	2026-09-05T15:12:10.3988844Z qt.accessibility.cache: insert - id: 2147483656  iface: QAccessibleInterface(0x561d235c0420 name="Restore Defaults" role=Button obj=QPushButton(0x561d235736e0)"focusable|invisible")
atspi-check	Run accessibility tree check	2026-09-05T15:12:10.3989925Z qt.accessibility.cache: delete - id: 2147483656  iface: QAccessibleInterface(0x561d235c0420 invalid)
atspi-check	Run accessibility tree check	2026-09-05T15:12:10.3990978Z qt.accessibility.cache: insert - id: 2147483657  iface: QAccessibleInterface(0x561d23550750 name="Help" role=Button obj=QPushButton(0x561d23573710)"focusable|invisible")
atspi-check	Run accessibility tree check	2026-09-05T15:12:10.3992095Z qt.accessibility.cache: delete - id: 2147483657  iface: QAccessibleInterface(0x561d23550750 invalid)
atspi-check	Run accessibility tree check	2026-09-05T15:12:10.3993192Z qt.accessibility.cache: insert - id: 2147483658  iface: QAccessibleInterface(0x561d235cd100 name="Save All" role=Button obj=QPushButton(0x561d235740d0)"focusable|invisible")
atspi-check	Run accessibility tree check	2026-09-05T15:12:10.3994179Z qt.accessibility.cache: delete - id: 2147483658  iface: QAccessibleInterface(0x561d235cd100 invalid)
atspi-check	Run accessibility tree check	2026-09-05T15:12:10.3995286Z qt.accessibility.cache: insert - id: 2147483659  iface: QAccessibleInterface(0x561d23550700 name="Yes" role=Button obj=QPushButton(0x561d2354eed0)"focusable|invisible")
atspi-check	Run accessibility tree check	2026-09-05T15:12:10.3996255Z qt.accessibility.cache: delete - id: 2147483659  iface: QAccessibleInterface(0x561d23550700 invalid)
atspi-check	Run accessibility tree check	2026-09-05T15:12:10.3997310Z qt.accessibility.cache: insert - id: 2147483660  iface: QAccessibleInterface(0x561d23576ae0 name="Yes to All" role=Button obj=QPushButton(0x561d235fcac0)"focusable|invisible")
atspi-check	Run accessibility tree check	2026-09-05T15:12:10.3998356Z qt.accessibility.cache: delete - id: 2147483660  iface: QAccessibleInterface(0x561d23576ae0 invalid)
atspi-check	Run accessibility tree check	2026-09-05T15:12:10.3999644Z qt.accessibility.cache: insert - id: 2147483661  iface: QAccessibleInterface(0x561d2356caa0 name="No" role=Button obj=QPushButton(0x561d23567140)"focusable|invisible")
atspi-check	Run accessibility tree check	2026-09-05T15:12:10.4000560Z qt.accessibility.cache: delete - id: 2147483661  iface: QAccessibleInterface(0x561d2356caa0 invalid)
atspi-check	Run accessibility tree check	2026-09-05T15:12:10.4001641Z qt.accessibility.cache: insert - id: 2147483662  iface: QAccessibleInterface(0x561d23550730 name="No to All" role=Button obj=QPushButton(0x561d2356cc00)"focusable|invisible")
atspi-check	Run accessibility tree check	2026-09-05T15:12:10.4002635Z qt.accessibility.cache: delete - id: 2147483662  iface: QAccessibleInterface(0x561d23550730 invalid)
atspi-check	Run accessibility tree check	2026-09-05T15:12:10.4003636Z qt.accessibility.cache: insert - id: 2147483663  iface: QAccessibleInterface(0x561d235c7630 name="Abort" role=Button obj=QPushButton(0x561d23550730)"focusable|invisible")
atspi-check	Run accessibility tree check	2026-09-05T15:12:10.4004833Z qt.accessibility.cache: delete - id: 2147483663  iface: QAccessibleInterface(0x561d235c7630 invalid)
atspi-check	Run accessibility tree check	2026-09-05T15:12:10.4005689Z qt.accessibility.cache: insert - id: 2147483664  iface: QAccessibleInterface(0x561d235c7610 name="Retry" role=Button obj=QPushButton(0x561d23576740)"focusable|invisible")
atspi-check	Run accessibility tree check	2026-09-05T15:12:10.4006536Z qt.accessibility.cache: delete - id: 2147483664  iface: QAccessibleInterface(0x561d235c7610 invalid)
atspi-check	Run accessibility tree check	2026-09-05T15:12:10.4007394Z qt.accessibility.cache: insert - id: 2147483665  iface: QAccessibleInterface(0x561d235c0420 name="Ignore" role=Button obj=QPushButton(0x561d235fcaf0)"focusable|invisible")
atspi-check	Run accessibility tree check	2026-09-05T15:12:10.4008392Z qt.accessibility.cache: delete - id: 2147483665  iface: QAccessibleInterface(0x561d235c0420 invalid)
atspi-check	Run accessibility tree check	2026-09-05T15:12:10.4071076Z qt.accessibility.cache: insert - id: 2147483666  iface: QAccessibleInterface(0x561d235c57a0 name="Close" role=Button obj=QToolButton(0x561d235e7140)"focusable|invisible")
atspi-check	Run accessibility tree check	2026-09-05T15:12:10.4081723Z qt.accessibility.cache: insert - id: 2147483667  iface: QAccessibleInterface(0x561d235df080 name="Scroll Left" role=Button obj=QToolButton(0x561d235e0620, name = "ScrollLeftButton")"focusable|invisible")
atspi-check	Run accessibility tree check	2026-09-05T15:12:10.4083175Z qt.accessibility.cache: insert - id: 2147483668  iface: QAccessibleInterface(0x561d235df280 name="Scroll Right" role=Button obj=QToolButton(0x561d235dee10, name = "ScrollRightButton")"focusable|invisible")
atspi-check	Run accessibility tree check	2026-09-05T15:12:10.4085154Z qt.accessibility.cache: insert - id: 2147483669  iface: QAccessibleInterface(0x561d23624530 name="Close" role=Button obj=QToolButton(0x561d2361d0f0)"focusable|invisible")
atspi-check	Run accessibility tree check	2026-09-05T15:12:10.4089996Z qt.accessibility.cache: insert - id: 2147483670  iface: QAccessibleInterface(0x561d23630320 name="filename.kdbx" role=StaticText obj=ElidedLabel(0x561d2362fb70, name = "fileNameLabel")"invisible")
atspi-check	Run accessibility tree check	2026-09-05T15:12:10.4092616Z qt.accessibility.cache: insert - id: 2147483671  iface: QAccessibleInterface(0x561d2363ff20 name="" role=EditableText obj=QLineEdit(0x561d2363d330, name = "passwordEdit")"focusable|invisible")
atspi-check	Run accessibility tree check	2026-09-05T15:12:10.4094239Z qt.accessibility.cache: insert - id: 2147483672  iface: QAccessibleInterface(0x561d23646440 name="" role=Button obj=QLineEditIconButton(0x561d23642f80)"invisible")
atspi-check	Run accessibility tree check	2026-09-05T15:12:10.4095952Z qt.accessibility.cache: insert - id: 2147483673  iface: QAccessibleInterface(0x561d23649730 name="" role=Button obj=QLineEditIconButton(0x561d236461e0)"invisible")
atspi-check	Run accessibility tree check	2026-09-05T15:12:10.4104764Z qt.accessibility.cache: insert - id: 2147483674  iface: QAccessibleInterface(0x561d23650a50 name="Toggle Password (Ctrl+H)" role=Button obj=QLineEditIconButton(0x561d2364c450)"invisible")
atspi-check	Run accessibility tree check	2026-09-05T15:12:10.4106429Z qt.accessibility.cache: insert - id: 2147483675  iface: QAccessibleInterface(0x561d23654940 name="Generate Password (Ctrl+G)" role=Button obj=QLineEditIconButton(0x561d2364c7f0)"invisible")
atspi-check	Run accessibility tree check	2026-09-05T15:12:10.4108375Z qt.accessibility.cache: insert - id: 2147483676  iface: QAccessibleInterface(0x561d23657cf0 name="Warning: Caps Lock enabled!" role=Button obj=QLineEditIconButton(0x561d23655120)"invisible")
atspi-check	Run accessibility tree check	2026-09-05T15:12:10.4111535Z qt.accessibility.cache: insert - id: 2147483677  iface: QAccessibleInterface(0x561d236630d0 name="" role=EditableText obj=QLineEdit(0x561d23660890, name = "passwordEdit")"focusable|invisible")
atspi-check	Run accessibility tree check	2026-09-05T15:12:10.4113704Z qt.accessibility.cache: insert - id: 2147483678  iface: QAccessibleInterface(0x561d23669840 name="" role=Button obj=QLineEditIconButton(0x561d236665a0)"invisible")
atspi-check	Run accessibility tree check	2026-09-05T15:12:10.4115684Z qt.accessibility.cache: insert - id: 2147483679  iface: QAccessibleInterface(0x561d2366c740 name="" role=Button obj=QLineEditIconButton(0x561d23669870)"invisible")
atspi-check	Run accessibility tree check	2026-09-05T15:12:10.4117749Z qt.accessibility.cache: insert - id: 2147483680  iface: QAccessibleInterface(0x561d2366efb0 name="Toggle Password (Ctrl+H)" role=Button obj=QLineEditIconButton(0x561d2366c610)"invisible")
atspi-check	Run accessibility tree check	2026-09-05T15:12:10.4119633Z qt.accessibility.cache: insert - id: 2147483681  iface: QAccessibleInterface(0x561d2354c2b0 name="Generate Password (Ctrl+G)" role=Button obj=QLineEditIconButton(0x561d2366c8f0)"invisible")
atspi-check	Run accessibility tree check	2026-09-05T15:12:10.4121474Z qt.accessibility.cache: insert - id: 2147483682  iface: QAccessibleInterface(0x561d236758f0 name="Warning: Caps Lock enabled!" role=Button obj=QLineEditIconButton(0x561d23672c20)"invisible")
atspi-check	Run accessibility tree check	2026-09-05T15:12:10.4122986Z qt.accessibility.cache: insert - id: 2147483683  iface: QAccessibleInterface(0x561d23681110 name="Use Hardware Security Key [Serial: 11111111]" role=CheckBox obj=QCheckBox(0x561d2367e6c0, name = "useHardwareKeyCheckBox")"focusable|invisible")
atspi-check	Run accessibility tree check	2026-09-05T15:12:10.4126491Z qt.accessibility.cache: insert - id: 2147483684  iface: QAccessibleInterface(0x561d23683ce0 name="" role=ComboBox childc=1 obj=QComboBox(0x561d2367e1e0, name = "hardwareKeyCombo")"focusable|invisible")
atspi-check	Run accessibility tree check	2026-09-05T15:12:10.4128197Z qt.accessibility.cache: insert - id: 2147483685  iface: QAccessibleInterface(0x561d236a3000 name="OK" role=Button obj=QPushButton(0x561d236a2af0)"focusable|invisible")
atspi-check	Run accessibility tree check	2026-09-05T15:12:10.4129371Z qt.accessibility.cache: insert - id: 2147483686  iface: QAccessibleInterface(0x561d236a8900 name="Close" role=Button obj=QPushButton(0x561d236a6dd0)"focusable|invisible")
atspi-check	Run accessibility tree check	2026-09-05T15:12:10.4680154Z qt.accessibility.cache: insert - id: 2147483687  iface: QAccessibleInterface(0x561d236f0c20 name="Unlock KeePassXC Database" role=Client childc=3 obj=DatabaseOpenWidget(0x561d236180e0, name = "DatabaseOpenWidget")"invisible")
atspi-check	Run accessibility tree check	2026-09-05T15:12:10.4682742Z qt.accessibility.cache: insert - id: 2147483688  iface: QAccessibleInterface(0x561d236f13d0 name="Unlock KeePassXC Database" role=StaticText obj=QLabel(0x561d23627b30, name = "labelHeadline")"invisible")
atspi-check	Run accessibility tree check	2026-09-05T15:12:10.4685169Z qt.accessibility.cache: insert - id: 2147483689  iface: QAccessibleInterface(0x561d236ecf70 name="Enter Password:" role=StaticText obj=QLabel(0x561d23637430, name = "passwordLabel")"invisible")
atspi-check	Run accessibility tree check	2026-09-05T15:12:10.4687437Z qt.accessibility.cache: insert - id: 2147483690  iface: QAccessibleInterface(0x561d236f0b90 name="Password field" role=Client childc=2 obj=PasswordWidget(0x561d2363cc20, name = "editPassword")"focusable|invisible")
atspi-check	Run accessibility tree check	2026-09-05T15:12:10.4690013Z qt.accessibility.cache: insert - id: 2147483691  iface: QAccessibleInterface(0x561d236f3fb0 name="Select Key File:" role=StaticText obj=QLabel(0x561d2365b2e0, name = "selectKeyFileLabel")"invisible")
atspi-check	Run accessibility tree check	2026-09-05T15:12:10.4693191Z qt.accessibility.cache: insert - id: 2147483692  iface: QAccessibleInterface(0x561d236f26c0 name="Key file to unlock the database" role=Client childc=2 obj=PasswordWidget(0x561d236603d0, name = "keyFileLineEdit")"focusable|invisible")
atspi-check	Run accessibility tree check	2026-09-05T15:12:10.4695930Z qt.accessibility.cache: insert - id: 2147483693  iface: QAccessibleInterface(0x561d236f28d0 name="Browse for key file" role=Button obj=QPushButton(0x561d23676050, name = "buttonBrowseFile")"focusable|invisible")
atspi-check	Run accessibility tree check	2026-09-05T15:12:10.4698262Z qt.accessibility.cache: insert - id: 2147483694  iface: QAccessibleInterface(0x561d236f4960 name="No hardware keys found." role=StaticText obj=QLabel(0x561d236998e0, name = "noHardwareKeysFoundLabel")"invisible")
atspi-check	Run accessibility tree check	2026-09-05T15:12:10.4700277Z qt.accessibility.cache: insert - id: 2147483695  iface: QAccessibleInterface(0x561d236f3550 name="Refresh Hardware Keys" role=Button obj=QPushButton(0x561d2368c740, name = "refreshHardwareKeys")"focusable|invisible")
atspi-check	Run accessibility tree check	2026-09-05T15:12:10.4701861Z qt.accessibility.cache: insert - id: 2147483696  iface: QAccessibleInterface(0x561d236f3610 name="" role=Button obj=QPushButton(0x561d23696d90, name = "addKeyFileLinkLabel")"focusable|invisible")
atspi-check	Run accessibility tree check	2026-09-05T15:12:10.4703230Z qt.accessibility.cache: insert - id: 2147483697  iface: QAccessibleInterface(0x561d236f4c00 name="Unlock Database" role=Button obj=QPushButton(0x561d236e8b10, name = "quickUnlockButton")"focusable|invisible")
atspi-check	Run accessibility tree check	2026-09-05T15:12:10.4704588Z qt.accessibility.cache: insert - id: 2147483698  iface: QAccessibleInterface(0x561d236f4f70 name="Cancel" role=Button obj=QPushButton(0x561d23689ec0, name = "resetQuickUnlockButton")"focusable|invisible")
atspi-check	Run accessibility tree check	2026-09-05T15:12:10.4705435Z YubiKey: Failed to establish PC/SC context.
atspi-check	Run accessibility tree check	2026-09-05T15:12:10.4706175Z YubiKey: PC/SC interface is disabled or not initialized.
atspi-check	Run accessibility tree check	2026-09-05T15:12:10.4707048Z qt.accessibility.cache: insert - id: 2147483699  iface: QAccessibleInterface(0x561d236fb220 name="Scroll Left" role=Button obj=QToolButton(0x561d236fa210, name = "ScrollLeftButton")"focusable|invisible")
atspi-check	Run accessibility tree check	2026-09-05T15:12:10.4708396Z qt.accessibility.cache: insert - id: 2147483700  iface: QAccessibleInterface(0x561d236facb0 name="Scroll Right" role=Button obj=QToolButton(0x561d236fb390, name = "ScrollRightButton")"focusable|invisible")
atspi-check	Run accessibility tree check	2026-09-05T15:12:10.4729966Z qt.accessibility.cache: insert - id: 2147483701  iface: QAccessibleInterface(0x561d237066b0 name="Scroll Left" role=Button obj=QToolButton(0x561d2366b490, name = "ScrollLeftButton")"focusable|invisible")
atspi-check	Run accessibility tree check	2026-09-05T15:12:10.4732426Z qt.accessibility.cache: insert - id: 2147483702  iface: QAccessibleInterface(0x561d237056e0 name="Scroll Right" role=Button obj=QToolButton(0x561d2366ba70, name = "ScrollRightButton")"focusable|invisible")
atspi-check	Run accessibility tree check	2026-09-05T15:12:10.4733818Z qt.accessibility.cache: delete - id: 2147483667  iface: QAccessibleInterface(0x561d235df080 invalid)
atspi-check	Run accessibility tree check	2026-09-05T15:12:10.4734491Z qt.accessibility.cache: delete - id: 2147483668  iface: QAccessibleInterface(0x561d235df280 invalid)
atspi-check	Run accessibility tree check	2026-09-05T15:12:10.4767085Z qt.accessibility.cache: insert - id: 2147483703  iface: QAccessibleInterface(0x561d2372cea0 name="Close" role=Button obj=QToolButton(0x561d23725ea0)"focusable|invisible")
atspi-check	Run accessibility tree check	2026-09-05T15:12:10.4774941Z qt.accessibility.cache: insert - id: 2147483704  iface: QAccessibleInterface(0x561d23745d50 name="Scroll categories up" role=Button obj=QToolButton(0x561d237340e0, name = "scrollUp")"focusable|invisible")
atspi-check	Run accessibility tree check	2026-09-05T15:12:10.4777415Z qt.accessibility.cache: insert - id: 2147483705  iface: QAccessibleInterface(0x561d23745ca0 name="Scroll categories down" role=Button obj=QToolButton(0x561d23741360, name = "scrollDown")"focusable|invisible")
atspi-check	Run accessibility tree check	2026-09-05T15:12:10.4779837Z qt.accessibility.cache: insert - id: 2147483706  iface: QAccessibleInterface(0x561d2374c6c0 name="OK" role=Button obj=QPushButton(0x561d2374c1b0)"focusable|invisible")
atspi-check	Run accessibility tree check	2026-09-05T15:12:10.4781870Z qt.accessibility.cache: insert - id: 2147483707  iface: QAccessibleInterface(0x561d23751ea0 name="Cancel" role=Button obj=QPushButton(0x561d2374eb70)"focusable|invisible")
atspi-check	Run accessibility tree check	2026-09-05T15:12:10.4783865Z qt.accessibility.cache: insert - id: 2147483708  iface: QAccessibleInterface(0x561d23754930 name="Apply" role=Button obj=QPushButton(0x561d23751e40)"focusable|invisible")
atspi-check	Run accessibility tree check	2026-09-05T15:12:10.4785340Z qt.accessibility.cache: delete - id: 2147483707  iface: QAccessibleInterface(0x561d23751ea0 invalid)
atspi-check	Run accessibility tree check	2026-09-05T15:12:10.4786479Z qt.accessibility.cache: delete - id: 2147483706  iface: QAccessibleInterface(0x561d2374c6c0 invalid)
atspi-check	Run accessibility tree check	2026-09-05T15:12:10.4787599Z qt.accessibility.cache: delete - id: 2147483708  iface: QAccessibleInterface(0x561d23754930 invalid)
atspi-check	Run accessibility tree check	2026-09-05T15:12:10.4789125Z qt.accessibility.cache: insert - id: 2147483709  iface: QAccessibleInterface(0x561d23751ea0 name="OK" role=Button obj=QPushButton(0x561d23751e70)"focusable|invisible")
atspi-check	Run accessibility tree check	2026-09-05T15:12:10.4791350Z qt.accessibility.cache: insert - id: 2147483710  iface: QAccessibleInterface(0x561d2372ff80 name="Cancel" role=Button obj=QPushButton(0x561d2374c510)"focusable|invisible")
atspi-check	Run accessibility tree check	2026-09-05T15:12:10.4793359Z qt.accessibility.cache: insert - id: 2147483711  iface: QAccessibleInterface(0x561d2374a1a0 name="Apply" role=Button obj=QPushButton(0x561d237544a0)"focusable|invisible")
atspi-check	Run accessibility tree check	2026-09-05T15:12:10.4795533Z qt.accessibility.cache: insert - id: 2147483712  iface: QAccessibleInterface(0x561d23731070 name="Application Settings" role=StaticText obj=QLabel(0x561d2372d580, name = "headerLabel")"invisible")
atspi-check	Run accessibility tree check	2026-09-05T15:12:10.4797201Z qt.accessibility.cache: delete - id: 2147483711  iface: QAccessibleInterface(0x561d2374a1a0 invalid)
atspi-check	Run accessibility tree check	2026-09-05T15:12:10.4798367Z qt.accessibility.cache: delete - id: 2147483710  iface: QAccessibleInterface(0x561d2372ff80 invalid)
atspi-check	Run accessibility tree check	2026-09-05T15:12:10.4800134Z qt.accessibility.cache: delete - id: 2147483709  iface: QAccessibleInterface(0x561d23751ea0 invalid)
atspi-check	Run accessibility tree check	2026-09-05T15:12:10.4801540Z qt.accessibility.cache: insert - id: 2147483713  iface: QAccessibleInterface(0x561d23732b30 name="OK" role=Button obj=QPushButton(0x561d2374a170)"focusable|invisible")
atspi-check	Run accessibility tree check	2026-09-05T15:12:10.4803420Z qt.accessibility.cache: insert - id: 2147483714  iface: QAccessibleInterface(0x561d23733060 name="Cancel" role=Button obj=QPushButton(0x561d23754930)"focusable|invisible")
atspi-check	Run accessibility tree check	2026-09-05T15:12:10.4805805Z qt.accessibility.cache: insert - id: 2147483715  iface: QAccessibleInterface(0x561d2375a690 name="" role=Client obj=QLineEdit(0x561d237323e0, name = "qt_spinbox_lineedit")"focusable|invisible")
atspi-check	Run accessibility tree check	2026-09-05T15:12:10.4807948Z qt.accessibility.cache: insert - id: 2147483716  iface: QAccessibleInterface(0x561d2375a7d0 name="" role=SpinBox obj=QSpinBox(0x561d2374f200, name = "lockDatabaseIdleSpinBox")"focusable|invisible")
atspi-check	Run accessibility tree check	2026-09-05T15:12:10.4810435Z qt.accessibility.cache: insert - id: 2147483717  iface: QAccessibleInterface(0x561d23767770 name="" role=Client obj=QLineEdit(0x561d23764470, name = "qt_spinbox_lineedit")"focusable|invisible")
atspi-check	Run accessibility tree check	2026-09-05T15:12:10.4812721Z qt.accessibility.cache: insert - id: 2147483718  iface: QAccessibleInterface(0x561d23760560 name="" role=SpinBox obj=QSpinBox(0x561d2375a660, name = "clearSearchSpinBox")"focusable|invisible")
atspi-check	Run accessibility tree check	2026-09-05T15:12:10.4814977Z qt.accessibility.cache: insert - id: 2147483719  iface: QAccessibleInterface(0x561d2376f620 name="" role=Client obj=QLineEdit(0x561d237678e0, name = "qt_spinbox_lineedit")"focusable|invisible")
atspi-check	Run accessibility tree check	2026-09-05T15:12:10.4817244Z qt.accessibility.cache: insert - id: 2147483720  iface: QAccessibleInterface(0x561d2376f760 name="" role=SpinBox obj=QSpinBox(0x561d23767740, name = "clearClipboardSpinBox")"focusable|invisible")
atspi-check	Run accessibility tree check	2026-09-05T15:12:10.4819715Z qt.accessibility.cache: insert - id: 2147483721  iface: QAccessibleInterface(0x561d23798630 name="Timeouts" role=Grouping childc=6 obj=QGroupBox(0x561d23732a70, name = "groupBox")"invisible")
atspi-check	Run accessibility tree check	2026-09-05T15:12:10.4821946Z qt.accessibility.cache: insert - id: 2147483722  iface: QAccessibleInterface(0x561d23798040 name="Clear clipboard after" role=CheckBox obj=QCheckBox(0x561d2375a820, name = "clearClipboardCheckBox")"focusable|invisible")
atspi-check	Run accessibility tree check	2026-09-05T15:12:10.4823376Z qt.accessibility.cache: insert - id: 2147483723  iface: QAccessibleInterface(0x561d23798240 name="Clear search query after" role=CheckBox obj=QCheckBox(0x561d23760d90, name = "clearSearchCheckBox")"focusable|invisible")
atspi-check	Run accessibility tree check	2026-09-05T15:12:10.4825841Z qt.accessibility.cache: insert - id: 2147483724  iface: QAccessibleInterface(0x561d2379bba0 name="Lock databases after inactivity of" role=CheckBox obj=QCheckBox(0x561d2376f7b0, name = "lockDatabaseIdleCheckBox")"focusable|invisible")
atspi-check	Run accessibility tree check	2026-09-05T15:12:10.4828495Z qt.accessibility.cache: insert - id: 2147483725  iface: QAccessibleInterface(0x561d2379bbd0 name="Lock Options" role=Grouping childc=4 obj=QGroupBox(0x561d237757f0, name = "lockOptionsGroup")"invisible")
atspi-check	Run accessibility tree check	2026-09-05T15:12:10.4831089Z qt.accessibility.cache: insert - id: 2147483726  iface: QAccessibleInterface(0x561d2379bd40 name="Enable database quick unlock (Touch ID / Windows Hello)" role=CheckBox obj=QCheckBox(0x561d23778290, name = "quickUnlockCheckBox")"focusable|invisible")
atspi-check	Run accessibility tree check	2026-09-05T15:12:10.4833726Z qt.accessibility.cache: insert - id: 2147483727  iface: QAccessibleInterface(0x561d2379bec0 name="Lock databases when session is locked or lid is closed" role=CheckBox obj=QCheckBox(0x561d23778c70, name = "lockDatabaseOnScreenLockCheckBox")"focusable|invisible")
atspi-check	Run accessibility tree check	2026-09-05T15:12:10.4836747Z qt.accessibility.cache: insert - id: 2147483728  iface: QAccessibleInterface(0x561d2379c570 name="Lock databases when switching user" role=CheckBox obj=QCheckBox(0x561d2377b3c0, name = "lockDatabasesOnUserSwitchCheckBox")"focusable|invisible")
atspi-check	Run accessibility tree check	2026-09-05T15:12:10.4839892Z qt.accessibility.cache: insert - id: 2147483729  iface: QAccessibleInterface(0x561d2379c480 name="Lock databases after minimizing the window" role=CheckBox obj=QCheckBox(0x561d23776250, name = "lockDatabaseMinimizeCheckBox")"focusable|invisible")
atspi-check	Run accessibility tree check	2026-09-05T15:12:10.4841637Z qt.accessibility.cache: insert - id: 2147483730  iface: QAccessibleInterface(0x561d2379e040 name="Convenience" role=Grouping childc=5 obj=QGroupBox(0x561d23782a60, name = "groupBox_2")"invisible")
atspi-check	Run accessibility tree check	2026-09-05T15:12:10.4843079Z qt.accessibility.cache: insert - id: 2147483731  iface: QAccessibleInterface(0x561d2379d5f0 name="Use placeholder for empty password fields" role=CheckBox obj=QCheckBox(0x561d236fbe90, name = "passwordShowDotsCheckBox")"focusable|invisible")
atspi-check	Run accessibility tree check	2026-09-05T15:12:10.4846168Z qt.accessibility.cache: insert - id: 2147483732  iface: QAccessibleInterface(0x561d2379d620 name="Hide passwords when editing them" role=CheckBox obj=QCheckBox(0x561d23788c40, name = "passwordsHiddenCheckBox")"focusable|invisible")
atspi-check	Run accessibility tree check	2026-09-05T15:12:10.4849146Z qt.accessibility.cache: insert - id: 2147483733  iface: QAccessibleInterface(0x561d2379e210 name="Hide passwords in the entry preview panel" role=CheckBox obj=QCheckBox(0x561d23787d60, name = "passwordPreviewCleartextCheckBox")"focusable|invisible")
atspi-check	Run accessibility tree check	2026-09-05T15:12:10.4852367Z qt.accessibility.cache: insert - id: 2147483734  iface: QAccessibleInterface(0x561d2379e410 name="Hide TOTP in the entry preview panel" role=CheckBox obj=QCheckBox(0x561d23787eb0, name = "hideTotpCheckBox")"focusable|invisible")
atspi-check	Run accessibility tree check	2026-09-05T15:12:10.4854058Z qt.accessibility.cache: insert - id: 2147483735  iface: QAccessibleInterface(0x561d2379e600 name="Hide notes in the entry preview panel" role=CheckBox obj=QCheckBox(0x561d2378fb10, name = "hideNotesCheckBox")"focusable|invisible")
atspi-check	Run accessibility tree check	2026-09-05T15:12:10.4855455Z qt.accessibility.cache: insert - id: 2147483736  iface: QAccessibleInterface(0x561d2379ee60 name="Privacy" role=Grouping childc=1 obj=QGroupBox(0x561d23775850, name = "privacy")"invisible")
atspi-check	Run accessibility tree check	2026-09-05T15:12:10.4856851Z qt.accessibility.cache: insert - id: 2147483737  iface: QAccessibleInterface(0x561d2379ed90 name="Use DuckDuckGo service to download website icons" role=CheckBox obj=QCheckBox(0x561d237902d0, name = "fallbackToSearch")"focusable|invisible")
atspi-check	Run accessibility tree check	2026-09-05T15:12:10.4858980Z qt.accessibility.cache: insert - id: 2147483738  iface: QAccessibleInterface(0x561d237a2e40 name="Scroll Left" role=Button obj=QToolButton(0x561d237a01c0, name = "ScrollLeftButton")"focusable|invisible")
atspi-check	Run accessibility tree check	2026-09-05T15:12:10.4860642Z qt.accessibility.cache: insert - id: 2147483739  iface: QAccessibleInterface(0x561d237a3040 name="Scroll Right" role=Button obj=QToolButton(0x561d237a08b0, name = "ScrollRightButton")"focusable|invisible")
atspi-check	Run accessibility tree check	2026-09-05T15:12:10.4861983Z qt.accessibility.cache: insert - id: 2147483740  iface: QAccessibleInterface(0x561d237ba7b0 name="" role=CheckBox obj=QCheckBox(0x561d237b26d0, name = "singleInstanceCheckBox")"focusable|invisible")
atspi-check	Run accessibility tree check	2026-09-05T15:12:10.4863298Z qt.accessibility.cache: insert - id: 2147483741  iface: QAccessibleInterface(0x561d237c4dc0 name="" role=CheckBox obj=QCheckBox(0x561d237c24c0, name = "rememberLastDatabasesCheckBox")"focusable|invisible")
atspi-check	Run accessibility tree check	2026-09-05T15:12:10.4864640Z qt.accessibility.cache: insert - id: 2147483742  iface: QAccessibleInterface(0x561d237c8d70 name="" role=SpinBox obj=QSpinBox(0x561d237c2090, name = "rememberLastDatabasesSpinbox")"focusable|invisible")
atspi-check	Run accessibility tree check	2026-09-05T15:12:10.4866020Z qt.accessibility.cache: insert - id: 2147483743  iface: QAccessibleInterface(0x561d237cfbb0 name="" role=CheckBox obj=QCheckBox(0x561d237ce1c0, name = "openPreviousDatabasesOnStartupCheckBox")"focusable|invisible")
atspi-check	Run accessibility tree check	2026-09-05T15:12:10.4867398Z qt.accessibility.cache: insert - id: 2147483744  iface: QAccessibleInterface(0x561d237cfa70 name="" role=CheckBox obj=QCheckBox(0x561d237cfc30, name = "rememberLastKeyFilesCheckBox")"focusable|invisible")
atspi-check	Run accessibility tree check	2026-09-05T15:12:10.4868763Z qt.accessibility.cache: insert - id: 2147483745  iface: QAccessibleInterface(0x561d237d26a0 name="" role=CheckBox obj=QCheckBox(0x561d237d4b70, name = "checkForUpdatesIncludeBetasCheckBox")"focusable|invisible")
atspi-check	Run accessibility tree check	2026-09-05T15:12:10.4871082Z qt.accessibility.cache: insert - id: 2147483746  iface: QAccessibleInterface(0x561d237de140 name="" role=SpinBox obj=QSpinBox(0x561d237d78e0, name = "showExpiredEntriesOnDatabaseUnlockOffsetSpinBox")"focusable|invisible")
atspi-check	Run accessibility tree check	2026-09-05T15:12:10.4873888Z qt.accessibility.cache: insert - id: 2147483747  iface: QAccessibleInterface(0x561d237dde20 name="" role=EditableText obj=QLineEdit(0x561d237ef4f0, name = "backupFilePath")"focusable|invisible")
atspi-check	Run accessibility tree check	2026-09-05T15:12:10.4875334Z qt.accessibility.cache: insert - id: 2147483748  iface: QAccessibleInterface(0x561d237fa940 name="" role=Button obj=QPushButton(0x561d237f7df0, name = "backupFilePathPicker")"focusable|invisible")
atspi-check	Run accessibility tree check	2026-09-05T15:12:10.4876766Z qt.accessibility.cache: insert - id: 2147483749  iface: QAccessibleInterface(0x561d23801e80 name="" role=ComboBox childc=1 obj=QComboBox(0x561d237fcce0)"focusable|invisible")
atspi-check	Run accessibility tree check	2026-09-05T15:12:10.4877925Z qt.accessibility.cache: insert - id: 2147483750  iface: QAccessibleInterface(0x561d238130b0 name="" role=Client obj=QWidget(0x561d23802c50, name = "qt_scrollarea_viewport")"invisible")
atspi-check	Run accessibility tree check	2026-09-05T15:12:10.4879062Z qt.accessibility.cache: insert - id: 2147483751  iface: QAccessibleInterface(0x561d23813100 name="" role=ScrollBar obj=QScrollBar(0x561d23802b20)"invisible")
atspi-check	Run accessibility tree check	2026-09-05T15:12:10.4880374Z qt.accessibility.cache: insert - id: 2147483752  iface: QAccessibleInterface(0x561d237ffb50 name="" role=Client childc=1 obj=QWidget(0x561d23802be0, name = "qt_scrollarea_hcontainer")"invisible")
atspi-check	Run accessibility tree check	2026-09-05T15:12:10.4881505Z qt.accessibility.cache: insert - id: 2147483753  iface: QAccessibleInterface(0x561d23804aa0 name="" role=ScrollBar obj=QScrollBar(0x561d23803a80)"invisible")
atspi-check	Run accessibility tree check	2026-09-05T15:12:10.4882639Z qt.accessibility.cache: insert - id: 2147483754  iface: QAccessibleInterface(0x561d23805470 name="" role=Client childc=1 obj=QWidget(0x561d23805f20, name = "qt_scrollarea_vcontainer")"invisible")
atspi-check	Run accessibility tree check	2026-09-05T15:12:10.4883835Z qt.accessibility.cache: insert - id: 2147483755  iface: QAccessibleInterface(0x561d238054d8 name="" role=List childc=2 obj=QComboBoxListView(0x561d237f7670)"focusable|invisible")
atspi-check	Run accessibility tree check	2026-09-05T15:12:10.4884969Z qt.accessibility.cache: insert - id: 2147483756  iface: QAccessibleInterface(0x561d23814c80 name="" role=Client obj=QComboBoxPrivateScroller(0x561d23806d80)"invisible")
atspi-check	Run accessibility tree check	2026-09-05T15:12:10.4886052Z qt.accessibility.cache: insert - id: 2147483757  iface: QAccessibleInterface(0x561d23814d10 name="" role=Client obj=QComboBoxPrivateScroller(0x561d23806d40)"invisible")
atspi-check	Run accessibility tree check	2026-09-05T15:12:10.4887165Z qt.accessibility.cache: insert - id: 2147483758  iface: QAccessibleInterface(0x561d23814f50 name="" role=Border childc=3 obj=QComboBoxPrivateContainer(0x561d23802070)"invisible")
atspi-check	Run accessibility tree check	2026-09-05T15:12:10.4888306Z qt.accessibility.cache: insert - id: 2147483759  iface: QAccessibleInterface(0x561d23822c30 name="" role=ComboBox childc=1 obj=QComboBox(0x561d2381faf0)"focusable|invisible")
atspi-check	Run accessibility tree check	2026-09-05T15:12:10.4889690Z qt.accessibility.cache: insert - id: 2147483760  iface: QAccessibleInterface(0x561d23825040 name="" role=CheckBox obj=QCheckBox(0x561d23835c50, name = "useGroupIconOnEntryCreationCheckBox")"focusable|invisible")
atspi-check	Run accessibility tree check	2026-09-05T15:12:10.4891082Z qt.accessibility.cache: insert - id: 2147483761  iface: QAccessibleInterface(0x561d2383c340 name="" role=RadioButton obj=QRadioButton(0x561d2383bf20, name = "minimizeOnCopyRadioButton")"focusable|invisible")
atspi-check	Run accessibility tree check	2026-09-05T15:12:10.4892551Z qt.accessibility.cache: insert - id: 2147483762  iface: QAccessibleInterface(0x561d2383efc0 name="" role=RadioButton obj=QRadioButton(0x561d2383eba0, name = "dropToBackgroundOnCopyRadioButton")"focusable|invisible")
atspi-check	Run accessibility tree check	2026-09-05T15:12:10.4893917Z qt.accessibility.cache: insert - id: 2147483763  iface: QAccessibleInterface(0x561d238484a0 name="" role=SpinBox obj=QSpinBox(0x561d23841480, name = "faviconTimeoutSpinBox")"focusable|invisible")
atspi-check	Run accessibility tree check	2026-09-05T15:12:10.4895201Z qt.accessibility.cache: insert - id: 2147483764  iface: QAccessibleInterface(0x561d238aaa00 name="" role=ComboBox childc=1 obj=QComboBox(0x561d238a5ef0, name = "trayIconAppearance")"focusable|invisible")
atspi-check	Run accessibility tree check	2026-09-05T15:12:10.4896484Z qt.accessibility.cache: insert - id: 2147483765  iface: QAccessibleInterface(0x561d238aaee0 name="" role=StaticText obj=QLabel(0x561d238afb10, name = "trayIconAppearanceLabel")"invisible")
atspi-check	Run accessibility tree check	2026-09-05T15:12:10.4897922Z qt.accessibility.cache: insert - id: 2147483766  iface: QAccessibleInterface(0x561d238c4410 name="" role=CheckBox obj=QCheckBox(0x561d238c3210, name = "systrayMinimizeToTrayCheckBox")"focusable|invisible")
atspi-check	Run accessibility tree check	2026-09-05T15:12:10.4931945Z qt.accessibility.cache: insert - id: 2147483767  iface: QAccessibleInterface(0x561d2393d900 name="" role=CheckBox obj=QCheckBox(0x561d23939730, name = "autoTypeAskCheckBox")"focusable|invisible")
atspi-check	Run accessibility tree check	2026-09-05T15:12:10.4935420Z qt.accessibility.cache: insert - id: 2147483768  iface: QAccessibleInterface(0x561d23940390 name="" role=CheckBox obj=QCheckBox(0x561d2393e410, name = "autoTypeSkipMainWindowConfirmationCheckBox")"focusable|invisible")
atspi-check	Run accessibility tree check	2026-09-05T15:12:10.4938566Z qt.accessibility.cache: insert - id: 2147483769  iface: QAccessibleInterface(0x561d237df5d0 name="" role=SpinBox obj=QSpinBox(0x561d2394eb10, name = "autoTypeStartDelaySpinBox")"focusable|invisible")
atspi-check	Run accessibility tree check	2026-09-05T15:12:10.4941214Z qt.accessibility.cache: insert - id: 2147483770  iface: QAccessibleInterface(0x561d239641e0 name="" role=SpinBox obj=QSpinBox(0x561d2394e9c0, name = "autoTypeDelaySpinBox")"focusable|invisible")
atspi-check	Run accessibility tree check	2026-09-05T15:12:10.4943102Z qt.accessibility.cache: insert - id: 2147483771  iface: QAccessibleInterface(0x561d2396f9b0 name="" role=ComboBox childc=1 obj=QComboBox(0x561d23969ee0)"focusable|invisible")
atspi-check	Run accessibility tree check	2026-09-05T15:12:10.4945071Z qt.accessibility.cache: insert - id: 2147483772  iface: QAccessibleInterface(0x561d23985420 name="" role=EditableText obj=ShortcutWidget(0x561d23980c30)"focusable|invisible")
atspi-check	Run accessibility tree check	2026-09-05T15:12:10.4947281Z qt.accessibility.cache: insert - id: 2147483773  iface: QAccessibleInterface(0x561d2398fab0 name="" role=SpinBox obj=QSpinBox(0x561d239896b0, name = "autoTypeRetypeTimeSpinBox")"focusable|invisible")
atspi-check	Run accessibility tree check	2026-09-05T15:12:10.4951747Z qt.accessibility.cache: insert - id: 2147483774  iface: QAccessibleInterface(0x561d23972040 name="Startup" role=Grouping childc=12 obj=QGroupBox(0x561d237b2150, name = "startupGroup")"invisible")
atspi-check	Run accessibility tree check	2026-09-05T15:12:10.4954375Z qt.accessibility.cache: insert - id: 2147483775  iface: QAccessibleInterface(0x561d239721c0 name="Automatically launch KeePassXC at system startup" role=CheckBox obj=QCheckBox(0x561d237b2c20, name = "launchAtStartup")"focusable|invisible")
atspi-check	Run accessibility tree check	2026-09-05T15:12:10.4956091Z qt.accessibility.cache: insert - id: 2147483776  iface: QAccessibleInterface(0x561d239721f0 name="Minimize window at application startup" role=CheckBox obj=QCheckBox(0x561d237ba0d0, name = "systrayMinimizeOnStartup")"focusable|invisible")
atspi-check	Run accessibility tree check	2026-09-05T15:12:10.4958475Z qt.accessibility.cache: insert - id: 2147483777  iface: QAccessibleInterface(0x561d239732c0 name="Minimize window after unlocking database" role=CheckBox obj=QCheckBox(0x561d237b9a20, name = "minimizeAfterUnlockCheckBox")"focusable|invisible")
atspi-check	Run accessibility tree check	2026-09-05T15:12:10.4961811Z qt.accessibility.cache: insert - id: 2147483778  iface: QAccessibleInterface(0x561d239998b0 name="Check for updates at application startup once per week" role=CheckBox obj=QCheckBox(0x561d237bf7a0, name = "checkForUpdatesOnStartupCheckBox")"focusable|invisible")
atspi-check	Run accessibility tree check	2026-09-05T15:12:10.4965075Z qt.accessibility.cache: insert - id: 2147483779  iface: QAccessibleInterface(0x561d239729a0 name="On database unlock, show entries that will expire within" role=CheckBox obj=QCheckBox(0x561d237d44f0, name = "showExpiredEntriesOnDatabaseUnlockCheckBox")"focusable|invisible")
atspi-check	Run accessibility tree check	2026-09-05T15:12:10.4966794Z qt.accessibility.cache: insert - id: 2147483780  iface: QAccessibleInterface(0x561d2399aa90 name="File Management" role=Grouping childc=10 obj=QGroupBox(0x561d237dda30, name = "saveGroup")"invisible")
atspi-check	Run accessibility tree check	2026-09-05T15:12:10.4968284Z qt.accessibility.cache: insert - id: 2147483781  iface: QAccessibleInterface(0x561d2399ab50 name="Automatically save after every change" role=CheckBox obj=QCheckBox(0x561d237ddbf0, name = "autoSaveAfterEveryChangeCheckBox")"focusable|invisible")
atspi-check	Run accessibility tree check	2026-09-05T15:12:10.4970431Z qt.accessibility.cache: insert - id: 2147483782  iface: QAccessibleInterface(0x561d2399ab80 name="Automatically save when locking database" role=CheckBox obj=QCheckBox(0x561d237e50c0, name = "autoSaveOnExitCheckBox")"focusable|invisible")
atspi-check	Run accessibility tree check	2026-09-05T15:12:10.4972132Z qt.accessibility.cache: insert - id: 2147483783  iface: QAccessibleInterface(0x561d2399b800 name="Automatically save non-data changes when locking database" role=CheckBox obj=QCheckBox(0x561d237e7870, name = "autoSaveNonDataChangesCheckBox")"focusable|invisible")
atspi-check	Run accessibility tree check	2026-09-05T15:12:10.4974049Z qt.accessibility.cache: insert - id: 2147483784  iface: QAccessibleInterface(0x561d2399ba20 name="Automatically reload the database when modified externally" role=CheckBox obj=QCheckBox(0x561d2377c620, name = "autoReloadOnChangeCheckBox")"focusable|invisible")
atspi-check	Run accessibility tree check	2026-09-05T15:12:10.4975701Z qt.accessibility.cache: insert - id: 2147483785  iface: QAccessibleInterface(0x561d2399c220 name="Backup database file before saving" role=CheckBox obj=QCheckBox(0x561d237eed30, name = "backupBeforeSaveCheckBox")"focusable|invisible")
atspi-check	Run accessibility tree check	2026-09-05T15:12:10.4977105Z qt.accessibility.cache: insert - id: 2147483786  iface: QAccessibleInterface(0x561d2399c4a0 name="Destination format:" role=StaticText obj=QLabel(0x561d237f1d10, name = "label")"invisible")
atspi-check	Run accessibility tree check	2026-09-05T15:12:10.4978687Z qt.accessibility.cache: insert - id: 2147483787  iface: QAccessibleInterface(0x561d2399c380 name="Use alternative saving method (may solve problems with Dropbox, Google Drive, GVFS, etc.)" role=CheckBox obj=QCheckBox(0x561d237f7a50, name = "useAlternativeSaveCheckBox")"focusable|invisible")
atspi-check	Run accessibility tree check	2026-09-05T15:12:10.4981314Z qt.accessibility.cache: insert - id: 2147483788  iface: QAccessibleInterface(0x561d2399c590 name="Entry Management" role=Grouping childc=12 obj=QGroupBox(0x561d237fa070, name = "entryGroup")"invisible")
atspi-check	Run accessibility tree check	2026-09-05T15:12:10.4983903Z qt.accessibility.cache: insert - id: 2147483789  iface: QAccessibleInterface(0x561d2399c810 name="Show confirmation before moving entries to recycle bin" role=CheckBox obj=QCheckBox(0x561d23815400, name = "ConfirmMoveEntryToRecycleBinCheckBox")"focusable|invisible")
atspi-check	Run accessibility tree check	2026-09-05T15:12:10.4986807Z qt.accessibility.cache: insert - id: 2147483790  iface: QAccessibleInterface(0x561d2399d2e0 name="Auto-generate password for new entries" role=CheckBox obj=QCheckBox(0x561d23818c80, name = "autoGeneratePasswordForNewEntriesCheckBox")"focusable|invisible")
atspi-check	Run accessibility tree check	2026-09-05T15:12:10.4990159Z qt.accessibility.cache: insert - id: 2147483791  iface: QAccessibleInterface(0x561d2399e0f0 name="Copy data on double clicking field in entry view" role=CheckBox obj=QCheckBox(0x561d23815ee0, name = "EnableCopyOnDoubleClickCheckBox")"focusable|invisible")
atspi-check	Run accessibility tree check	2026-09-05T15:12:10.4992800Z qt.accessibility.cache: insert - id: 2147483792  iface: QAccessibleInterface(0x561d2399e370 name="Double-click action for URL:" role=StaticText obj=QLabel(0x561d238188f0, name = "urlDoubleClickLabel")"invisible")
atspi-check	Run accessibility tree check	2026-09-05T15:12:10.4994327Z qt.accessibility.cache: insert - id: 2147483793  iface: QAccessibleInterface(0x561d2399e460 name="Minimize when opening a URL" role=CheckBox obj=QCheckBox(0x561d23828590, name = "minimizeOnOpenUrlCheckBox")"focusable|invisible")
atspi-check	Run accessibility tree check	2026-09-05T15:12:10.4995903Z qt.accessibility.cache: insert - id: 2147483794  iface: QAccessibleInterface(0x561d2399e4d0 name="Hide window when copying to clipboard" role=CheckBox obj=QCheckBox(0x561d23837070, name = "hideWindowOnCopyCheckBox")"focusable|invisible")
atspi-check	Run accessibility tree check	2026-09-05T15:12:10.4997384Z qt.accessibility.cache: insert - id: 2147483795  iface: QAccessibleInterface(0x561d2399eb00 name="Favicon download timeout:" role=StaticText obj=QLabel(0x561d23841bf0, name = "faviconTimeoutLabel")"invisible")
atspi-check	Run accessibility tree check	2026-09-05T15:12:10.4998764Z qt.accessibility.cache: insert - id: 2147483796  iface: QAccessibleInterface(0x561d23844c50 name="User Interface" role=Grouping childc=17 obj=QGroupBox(0x561d237d72e0, name = "generalGroup")"invisible")
atspi-check	Run accessibility tree check	2026-09-05T15:12:10.5000305Z qt.accessibility.cache: insert - id: 2147483797  iface: QAccessibleInterface(0x561d2399eed0 name="Language:" role=StaticText obj=QLabel(0x561d2384f360, name = "languageLabel_2")"invisible")
atspi-check	Run accessibility tree check	2026-09-05T15:12:10.5001884Z qt.accessibility.cache: insert - id: 2147483798  iface: QAccessibleInterface(0x561d2399f050 name="Movable toolbar" role=CheckBox obj=QCheckBox(0x561d23851810, name = "toolbarMovableCheckBox")"focusable|invisible")
atspi-check	Run accessibility tree check	2026-09-05T15:12:10.5003353Z qt.accessibility.cache: insert - id: 2147483799  iface: QAccessibleInterface(0x561d2399f080 name="Toolbar button style" role=ComboBox childc=1 obj=QComboBox(0x561d2384f330, name = "toolButtonStyleComboBox")"focusable|invisible")
atspi-check	Run accessibility tree check	2026-09-05T15:12:10.5004999Z qt.accessibility.cache: insert - id: 2147483800  iface: QAccessibleInterface(0x561d2399f300 name="Language selection" role=ComboBox childc=1 obj=QComboBox(0x561d2385b140, name = "languageComboBox")"focusable|invisible")
atspi-check	Run accessibility tree check	2026-09-05T15:12:10.5006419Z qt.accessibility.cache: insert - id: 2147483801  iface: QAccessibleInterface(0x561d2399f4b0 name="Toolbar button style:" role=StaticText obj=QLabel(0x561d2387da00, name = "toolButtonStyleLabel")"invisible")
atspi-check	Run accessibility tree check	2026-09-05T15:12:10.5007796Z qt.accessibility.cache: insert - id: 2147483802  iface: QAccessibleInterface(0x561d2399f5f0 name="(restart program to activate)" role=StaticText obj=QLabel(0x561d2387da60, name = "languageLabel_3")"invisible")
atspi-check	Run accessibility tree check	2026-09-05T15:12:10.5009103Z qt.accessibility.cache: insert - id: 2147483803  iface: QAccessibleInterface(0x561d2399f8e0 name="Font size:" role=StaticText obj=QLabel(0x561d2387e320, name = "fontSizeLabel")"invisible")
atspi-check	Run accessibility tree check	2026-09-05T15:12:10.5010754Z qt.accessibility.cache: insert - id: 2147483804  iface: QAccessibleInterface(0x561d2399faa0 name="Font size selection" role=ComboBox childc=1 obj=QComboBox(0x561d2387ea20, name = "fontSizeComboBox")"focusable|invisible")
atspi-check	Run accessibility tree check	2026-09-05T15:12:10.5012196Z qt.accessibility.cache: insert - id: 2147483805  iface: QAccessibleInterface(0x561d2393e010 name="Show toolbar" role=CheckBox obj=QCheckBox(0x561d2389a4c0, name = "toolbarShowCheckBox")"focusable|invisible")
atspi-check	Run accessibility tree check	2026-09-05T15:12:10.5013598Z qt.accessibility.cache: insert - id: 2147483806  iface: QAccessibleInterface(0x561d2384dcc0 name="Show menubar" role=CheckBox obj=QCheckBox(0x561d2388be50, name = "menubarShowCheckBox")"focusable|invisible")
atspi-check	Run accessibility tree check	2026-09-05T15:12:10.5015053Z qt.accessibility.cache: insert - id: 2147483807  iface: QAccessibleInterface(0x561d239730d0 name="Show passwords in color" role=CheckBox obj=QCheckBox(0x561d2388bdd0, name = "colorPasswordsCheckBox")"focusable|invisible")
atspi-check	Run accessibility tree check	2026-09-05T15:12:10.5016547Z qt.accessibility.cache: insert - id: 2147483808  iface: QAccessibleInterface(0x561d2399a980 name="Use monospaced font for notes" role=CheckBox obj=QCheckBox(0x561d2389bad0, name = "monospaceNotesCheckBox")"focusable|invisible")
atspi-check	Run accessibility tree check	2026-09-05T15:12:10.5018067Z qt.accessibility.cache: insert - id: 2147483809  iface: QAccessibleInterface(0x561d2393df40 name="Minimize instead of app exit" role=CheckBox obj=QCheckBox(0x561d2389e340, name = "minimizeOnCloseCheckBox")"focusable|invisible")
atspi-check	Run accessibility tree check	2026-09-05T15:12:10.5019800Z qt.accessibility.cache: insert - id: 2147483810  iface: QAccessibleInterface(0x561d2393e1c0 name="Show a system tray icon" role=CheckBox obj=QCheckBox(0x561d238a0cf0, name = "systrayShowCheckBox")"focusable|invisible")
atspi-check	Run accessibility tree check	2026-09-05T15:12:10.5022061Z qt.accessibility.cache: insert - id: 2147483811  iface: QAccessibleInterface(0x561d239a1660 name="Reset settings to default…" role=Button obj=QPushButton(0x561d238c3b40, name = "resetSettingsButton")"focusable|invisible")
atspi-check	Run accessibility tree check	2026-09-05T15:12:10.5024986Z qt.accessibility.cache: insert - id: 2147483812  iface: QAccessibleInterface(0x561d239a19c0 name="Import settings…" role=Button obj=QPushButton(0x561d238c70f0, name = "importSettingsButton")"focusable|invisible")
atspi-check	Run accessibility tree check	2026-09-05T15:12:10.5027972Z qt.accessibility.cache: insert - id: 2147483813  iface: QAccessibleInterface(0x561d239a1c70 name="Export settings…" role=Button obj=QPushButton(0x561d238c4020, name = "exportSettingsButton")"focusable|invisible")
atspi-check	Run accessibility tree check	2026-09-05T15:12:10.5031115Z qt.accessibility.cache: insert - id: 2147483814  iface: QAccessibleInterface(0x561d239a1e90 name="Use entry title to match windows for global Auto-Type" role=CheckBox obj=QCheckBox(0x561d23907780, name = "autoTypeEntryTitleMatchCheckBox")"focusable|invisible")
atspi-check	Run accessibility tree check	2026-09-05T15:12:10.5034756Z qt.accessibility.cache: insert - id: 2147483815  iface: QAccessibleInterface(0x561d239a2000 name="Use entry URL to match windows for global Auto-Type" role=CheckBox obj=QCheckBox(0x561d23939980, name = "autoTypeEntryURLMatchCheckBox")"focusable|invisible")
atspi-check	Run accessibility tree check	2026-09-05T15:12:10.5038151Z qt.accessibility.cache: insert - id: 2147483816  iface: QAccessibleInterface(0x561d239a2530 name="Hide expired entries from Auto-Type" role=CheckBox obj=QCheckBox(0x561d2393e560, name = "autoTypeHideExpiredEntryCheckBox")"focusable|invisible")
atspi-check	Run accessibility tree check	2026-09-05T15:12:10.5041742Z qt.accessibility.cache: insert - id: 2147483817  iface: QAccessibleInterface(0x561d239a2450 name="Re-lock previously locked database after performing Auto-Type" role=CheckBox obj=QCheckBox(0x561d23941680, name = "autoTypeRelockDatabaseCheckBox")"focusable|invisible")
atspi-check	Run accessibility tree check	2026-09-05T15:12:10.5045265Z qt.accessibility.cache: insert - id: 2147483818  iface: QAccessibleInterface(0x561d239a2890 name="Experimental: Prefer desktop portals (Wayland implementation)" role=CheckBox obj=QCheckBox(0x561d23944500, name = "autoTypePreferDesktopPortalsCheckBox")"focusable|invisible")
atspi-check	Run accessibility tree check	2026-09-05T15:12:10.5048434Z qt.accessibility.cache: insert - id: 2147483819  iface: QAccessibleInterface(0x561d239a2a60 name="Keep remote desktop connection open after performing Auto-Type" role=CheckBox obj=QCheckBox(0x561d23948fe0, name = "autoTypeDesktopPortalPersistConnectionCheckBox")"focusable|invisible")
atspi-check	Run accessibility tree check	2026-09-05T15:12:10.5050652Z qt.accessibility.cache: insert - id: 2147483820  iface: QAccessibleInterface(0x561d239a2cf0 name="Use remote desktop for clipboard access" role=CheckBox obj=QCheckBox(0x561d239497d0, name = "autoTypeDesktopPortalUseClipboardCheckBox")"focusable|invisible")
atspi-check	Run accessibility tree check	2026-09-05T15:12:10.5052236Z qt.accessibility.cache: insert - id: 2147483821  iface: QAccessibleInterface(0x561d23950d80 name="Auto-Type start delay:" role=StaticText obj=QLabel(0x561d237df660, name = "autoTypeStartDelayLabel")"invisible")
atspi-check	Run accessibility tree check	2026-09-05T15:12:10.5054021Z qt.accessibility.cache: insert - id: 2147483822  iface: QAccessibleInterface(0x561d23950de0 name="Remote desktop mode:" role=StaticText obj=QLabel(0x561d23958ab0, name = "autoTypeDesktopPortalPersistModeLabel")"invisible")
atspi-check	Run accessibility tree check	2026-09-05T15:12:10.5055776Z qt.accessibility.cache: insert - id: 2147483823  iface: QAccessibleInterface(0x561d239a3620 name="Auto-Type typing delay:" role=StaticText obj=QLabel(0x561d237df4b0, name = "autoTypeDelayLabel")"invisible")
atspi-check	Run accessibility tree check	2026-09-05T15:12:10.5057172Z qt.accessibility.cache: insert - id: 2147483824  iface: QAccessibleInterface(0x561d239a37c0 name="Global Auto-Type shortcut:" role=StaticText obj=QLabel(0x561d239641b0, name = "autoTypeShortcutLabel")"invisible")
atspi-check	Run accessibility tree check	2026-09-05T15:12:10.5058586Z qt.accessibility.cache: insert - id: 2147483825  iface: QAccessibleInterface(0x561d239a39f0 name="Remember last typed entry for:" role=StaticText obj=QLabel(0x561d2396d780, name = "autoTypeRetypeLabel")"invisible")
atspi-check	Run accessibility tree check	2026-09-05T15:12:10.5060220Z qt.accessibility.cache: insert - id: 2147483826  iface: QAccessibleInterface(0x561d239a3cd0 name="None" role=StaticText obj=QLabel(0x561d23986030, name = "autoTypeShortcutConfigureLabel")"invisible")
atspi-check	Run accessibility tree check	2026-09-05T15:12:10.5061607Z qt.accessibility.cache: insert - id: 2147483827  iface: QAccessibleInterface(0x561d239a3ec0 name="Configure..." role=Button obj=QPushButton(0x561d239897f0, name = "autoTypeShortcutConfigureButton")"focusable|invisible")
atspi-check	Run accessibility tree check	2026-09-05T15:12:10.5062919Z qt.accessibility.cache: insert - id: 2147483828  iface: QAccessibleInterface(0x561d23a01ae0 name="Close" role=Button obj=QToolButton(0x561d23a01e70)"focusable|invisible")
atspi-check	Run accessibility tree check	2026-09-05T15:12:10.5064142Z qt.accessibility.cache: insert - id: 2147483829  iface: QAccessibleInterface(0x561d23a0da50 name="Scroll Left" role=Button obj=QToolButton(0x561d23a0a940, name = "ScrollLeftButton")"focusable|invisible")
atspi-check	Run accessibility tree check	2026-09-05T15:12:10.5065741Z qt.accessibility.cache: insert - id: 2147483830  iface: QAccessibleInterface(0x561d23a0d570 name="Scroll Right" role=Button obj=QToolButton(0x561d23a0dbc0, name = "ScrollRightButton")"focusable|invisible")
atspi-check	Run accessibility tree check	2026-09-05T15:12:10.5067289Z qt.accessibility.cache: insert - id: 2147483831  iface: QAccessibleInterface(0x561d23a32a90 name="" role=CheckBox obj=QCheckBox(0x561d23a20c20, name = "showNotification")"focusable|invisible")
atspi-check	Run accessibility tree check	2026-09-05T15:12:10.5068779Z qt.accessibility.cache: insert - id: 2147483832  iface: QAccessibleInterface(0x561d23a34d00 name="" role=CheckBox obj=QCheckBox(0x561d23a32820, name = "unlockDatabase")"focusable|invisible")
atspi-check	Run accessibility tree check	2026-09-05T15:12:10.5073817Z qt.accessibility.cache: insert - id: 2147483833  iface: QAccessibleInterface(0x561d23a69950 name="Close" role=Button obj=QToolButton(0x561d23a69ba0)"focusable|invisible")
atspi-check	Run accessibility tree check	2026-09-05T15:12:10.5079994Z qt.accessibility.cache: insert - id: 2147483834  iface: QAccessibleInterface(0x561d23a89f50 name="" role=EditableText obj=QLineEdit(0x561d23a858a0, name = "customProxyLocation")"focusable|invisible")
atspi-check	Run accessibility tree check	2026-09-05T15:12:10.5088181Z qt.accessibility.cache: insert - id: 2147483835  iface: QAccessibleInterface(0x561d23aaec10 name="" role=EditableText obj=QLineEdit(0x561d23aab130, name = "customBrowserLocation")"focusable|invisible")
atspi-check	Run accessibility tree check	2026-09-05T15:12:10.5090668Z qt.accessibility.cache: insert - id: 2147483836  iface: QAccessibleInterface(0x561d23aaf4c0 name="" role=EditableText obj=QLineEdit(0x561d23ab59e0, name = "customExtensionId")"focusable|invisible")
atspi-check	Run accessibility tree check	2026-09-05T15:12:10.5097121Z qt.accessibility.cache: insert - id: 2147483837  iface: QAccessibleInterface(0x561d23aab7b0 name="Enable browser integration" role=CheckBox obj=QCheckBox(0x561d239fd110, name = "enableBrowserSupport")"focusable|invisible")
atspi-check	Run accessibility tree check	2026-09-05T15:12:10.5100369Z qt.accessibility.cache: insert - id: 2147483838  iface: QAccessibleInterface(0x561d23a64c10 name="Browsers installed using Snap or Flatpak are not supported with exception to Firefox installed using Snap." role=StaticText obj=QLabel(0x561d23a16650, name = "snapWarningLabel")"invisible")
atspi-check	Run accessibility tree check	2026-09-05T15:12:10.5103703Z qt.accessibility.cache: insert - id: 2147483839  iface: QAccessibleInterface(0x561d23a67040 name="Enable integration for these browsers:" role=Grouping childc=7 obj=QGroupBox(0x561d23a1ae80, name = "browsersGroupBox")"invisible")
atspi-check	Run accessibility tree check	2026-09-05T15:12:10.5106233Z qt.accessibility.cache: insert - id: 2147483840  iface: QAccessibleInterface(0x561d23aad090 name="Vivaldi" role=CheckBox obj=QCheckBox(0x561d23a203a0, name = "vivaldiSupport")"focusable|invisible")
atspi-check	Run accessibility tree check	2026-09-05T15:12:10.5108540Z qt.accessibility.cache: insert - id: 2147483841  iface: QAccessibleInterface(0x561d23aad350 name="Edge" role=CheckBox obj=QCheckBox(0x561d23a20a40, name = "edgeSupport")"focusable|invisible")
atspi-check	Run accessibility tree check	2026-09-05T15:12:10.5110988Z qt.accessibility.cache: insert - id: 2147483842  iface: QAccessibleInterface(0x561d23aad890 name="Firefox" role=CheckBox obj=QCheckBox(0x561d23a24dd0, name = "firefoxSupport")"focusable|invisible")
atspi-check	Run accessibility tree check	2026-09-05T15:12:10.5113363Z qt.accessibility.cache: insert - id: 2147483843  iface: QAccessibleInterface(0x561d23aadab0 name="Tor Browser" role=CheckBox obj=QCheckBox(0x561d23a208d0, name = "torBrowserSupport")"focusable|invisible")
atspi-check	Run accessibility tree check	2026-09-05T15:12:10.5115591Z qt.accessibility.cache: insert - id: 2147483844  iface: QAccessibleInterface(0x561d23aadcd0 name="Brave" role=CheckBox obj=QCheckBox(0x561d23a2a060, name = "braveSupport")"focusable|invisible")
atspi-check	Run accessibility tree check	2026-09-05T15:12:10.5116949Z qt.accessibility.cache: insert - id: 2147483845  iface: QAccessibleInterface(0x561d23aadc60 name="Google Chrome" role=CheckBox obj=QCheckBox(0x561d23a281a0, name = "chromeSupport")"focusable|invisible")
atspi-check	Run accessibility tree check	2026-09-05T15:12:10.5118304Z qt.accessibility.cache: insert - id: 2147483846  iface: QAccessibleInterface(0x561d23abfe40 name="Chromium" role=CheckBox obj=QCheckBox(0x561d23a2ab50, name = "chromiumSupport")"focusable|invisible")
atspi-check	Run accessibility tree check	2026-09-05T15:12:10.5120345Z qt.accessibility.cache: insert - id: 2147483847  iface: QAccessibleInterface(0x561d23abfdd0 name="Match URL scheme (e.g., https://example.com)" role=CheckBox obj=QCheckBox(0x561d23a34ed0, name = "matchUrlScheme")"focusable|invisible")
atspi-check	Run accessibility tree check	2026-09-05T15:12:10.5123398Z qt.accessibility.cache: insert - id: 2147483848  iface: QAccessibleInterface(0x561d23ac0060 name="Return only best-matching credentials" role=CheckBox obj=QCheckBox(0x561d23a39b20, name = "bestMatchOnly")"focusable|invisible")
atspi-check	Run accessibility tree check	2026-09-05T15:12:10.5126211Z qt.accessibility.cache: insert - id: 2147483849  iface: QAccessibleInterface(0x561d23ac0250 name="Allow returning expired credentials" role=CheckBox obj=QCheckBox(0x561d23a37f10, name = "allowExpiredCredentials")"focusable|invisible")
atspi-check	Run accessibility tree check	2026-09-05T15:12:10.5129371Z qt.accessibility.cache: insert - id: 2147483850  iface: QAccessibleInterface(0x561d23ac04b0 name="Search in all opened databases for matching credentials" role=CheckBox obj=QCheckBox(0x561d23a3a610, name = "searchInAllDatabases")"focusable|invisible")
atspi-check	Run accessibility tree check	2026-09-05T15:12:10.5131494Z qt.accessibility.cache: insert - id: 2147483851  iface: QAccessibleInterface(0x561d23ac4cc0 name="Warning: Only adjust these settings if necessary." role=StaticText obj=QLabel(0x561d23a64a10)"focusable|invisible")
atspi-check	Run accessibility tree check	2026-09-05T15:12:10.5132995Z qt.accessibility.cache: insert - id: 2147483852  iface: QAccessibleInterface(0x561d23ac7690 name="Never ask before accessing credentials" role=CheckBox obj=QCheckBox(0x561d23a69a30, name = "alwaysAllowAccess")"focusable|invisible")
atspi-check	Run accessibility tree check	2026-09-05T15:12:10.5134517Z qt.accessibility.cache: insert - id: 2147483853  iface: QAccessibleInterface(0x561d23ac76c0 name="Never ask before updating credentials" role=CheckBox obj=QCheckBox(0x561d23a08460, name = "alwaysAllowUpdate")"focusable|invisible")
atspi-check	Run accessibility tree check	2026-09-05T15:12:10.5136054Z qt.accessibility.cache: insert - id: 2147483854  iface: QAccessibleInterface(0x561d23ac75f0 name="Do not ask permission for HTTP Basic Auth" role=CheckBox obj=QCheckBox(0x561d23a08400, name = "httpAuthPermission")"focusable|invisible")
atspi-check	Run accessibility tree check	2026-09-05T15:12:10.5137636Z qt.accessibility.cache: insert - id: 2147483855  iface: QAccessibleInterface(0x561d23ac4c90 name="Return advanced string fields which start with \"KPH: \"" role=CheckBox obj=QCheckBox(0x561d23a71e10, name = "supportKphFields")"focusable|invisible")
atspi-check	Run accessibility tree check	2026-09-05T15:12:10.5139233Z qt.accessibility.cache: insert - id: 2147483856  iface: QAccessibleInterface(0x561d23ac5500 name="Allow using localhost with passkeys" role=CheckBox obj=QCheckBox(0x561d23a71dc0, name = "allowLocalhostWithPasskeys")"focusable|invisible")
atspi-check	Run accessibility tree check	2026-09-05T15:12:10.5141187Z qt.accessibility.cache: insert - id: 2147483857  iface: QAccessibleInterface(0x561d23ac5920 name="Do not prompt for KeePassHTTP settings migration." role=CheckBox obj=QCheckBox(0x561d23a75630, name = "noMigrationPrompt")"focusable|invisible")
atspi-check	Run accessibility tree check	2026-09-05T15:12:10.5142782Z qt.accessibility.cache: insert - id: 2147483858  iface: QAccessibleInterface(0x561d23ac5be0 name="Update native messaging manifest files at startup" role=CheckBox obj=QCheckBox(0x561d23a7f7b0, name = "updateBinaryPath")"focusable|invisible")
atspi-check	Run accessibility tree check	2026-09-05T15:12:10.5144592Z qt.accessibility.cache: insert - id: 2147483859  iface: QAccessibleInterface(0x561d23ac62b0 name="Allow limited access to all entries in connected databases (ignores site access restrictions)" role=CheckBox obj=QCheckBox(0x561d23a7ffa0, name = "allowGetDatabaseEntriesRequest")"focusable|invisible")
atspi-check	Run accessibility tree check	2026-09-05T15:12:10.5146310Z qt.accessibility.cache: insert - id: 2147483860  iface: QAccessibleInterface(0x561d23ac6cb0 name="Use a custom proxy location:" role=CheckBox obj=QCheckBox(0x561d23a80280, name = "useCustomProxy")"focusable|invisible")
atspi-check	Run accessibility tree check	2026-09-05T15:12:10.5147853Z qt.accessibility.cache: insert - id: 2147483861  iface: QAccessibleInterface(0x561d23ac6ad0 name="Browser for custom proxy file" role=Button obj=QPushButton(0x561d23a89d80, name = "customProxyLocationBrowseButton")"focusable|invisible")
atspi-check	Run accessibility tree check	2026-09-05T15:12:10.5149555Z qt.accessibility.cache: insert - id: 2147483862  iface: QAccessibleInterface(0x561d23ac82d0 name="Use a custom browser configuration location:" role=CheckBox obj=QCheckBox(0x561d23a8dd70, name = "customBrowserSupport")"focusable|invisible")
atspi-check	Run accessibility tree check	2026-09-05T15:12:10.5151240Z qt.accessibility.cache: insert - id: 2147483863  iface: QAccessibleInterface(0x561d23ac8260 name="Browser type:" role=StaticText obj=QLabel(0x561d23a908c0, name = "customBrowserLabel")"invisible")
atspi-check	Run accessibility tree check	2026-09-05T15:12:10.5152620Z qt.accessibility.cache: insert - id: 2147483864  iface: QAccessibleInterface(0x561d23ac8a40 name="Toolbar button style" role=ComboBox childc=1 obj=QComboBox(0x561d23a95990, name = "browserTypeComboBox")"focusable|invisible")
atspi-check	Run accessibility tree check	2026-09-05T15:12:10.5154169Z qt.accessibility.cache: insert - id: 2147483865  iface: QAccessibleInterface(0x561d23ac9140 name="Config Location:" role=StaticText obj=QLabel(0x561d23aac110, name = "customBrowserLabel_2")"invisible")
atspi-check	Run accessibility tree check	2026-09-05T15:12:10.5155614Z qt.accessibility.cache: insert - id: 2147483866  iface: QAccessibleInterface(0x561d23ac92c0 name="Browse for custom browser path" role=Button obj=QPushButton(0x561d23aae810, name = "customBrowserLocationBrowseButton")"focusable|invisible")
atspi-check	Run accessibility tree check	2026-09-05T15:12:10.5157093Z qt.accessibility.cache: insert - id: 2147483867  iface: QAccessibleInterface(0x561d23ac9770 name="Custom extension ID:" role=StaticText obj=QLabel(0x561d23aae040, name = "customExtensionLabel")"invisible")
atspi-check	Run accessibility tree check	2026-09-05T15:12:10.5158859Z qt.accessibility.cache: insert - id: 2147483868  iface: QAccessibleInterface(0x561d23acda80 name="KeePassXC-Browser is needed for the browser integration to work. \nDownload it for Firefox and Google Chrome / Chromium / Vivaldi / Brave and Microsoft Edge." role=StaticText obj=QLabel(0x561d23a1aee0, name = "extensionLabel")"invisible")
atspi-check	Run accessibility tree check	2026-09-05T15:12:10.5160603Z qt.accessibility.cache: insert - id: 2147483869  iface: QAccessibleInterface(0x561d23acfb60 name="" role=StaticText obj=QLabel(0x561d23a64000)"invisible")
atspi-check	Run accessibility tree check	2026-09-05T15:12:10.5161621Z qt.accessibility.cache: insert - id: 2147483870  iface: QAccessibleInterface(0x561d23ad0d20 name="" role=Border childc=3 obj=QFrame(0x561d23a61af0)"invisible")
atspi-check	Run accessibility tree check	2026-09-05T15:12:10.5162796Z qt.accessibility.cache: insert - id: 2147483871  iface: QAccessibleInterface(0x561d23acfbd0 name="" role=Border childc=1 obj=MessageWidget(0x561d239907d0, name = "advancedMessageWidget")"invisible")
atspi-check	Run accessibility tree check	2026-09-05T15:12:10.5164034Z qt.accessibility.cache: insert - id: 2147483872  iface: QAccessibleInterface(0x561d23ad0050 name="" role=Client obj=QWidget(0x561d23a9ac70, name = "qt_scrollarea_viewport")"invisible")
atspi-check	Run accessibility tree check	2026-09-05T15:12:10.5165128Z qt.accessibility.cache: insert - id: 2147483873  iface: QAccessibleInterface(0x561d23ad0260 name="" role=ScrollBar obj=QScrollBar(0x561d23a9b180)"invisible")
atspi-check	Run accessibility tree check	2026-09-05T15:12:10.5166276Z qt.accessibility.cache: insert - id: 2147483874  iface: QAccessibleInterface(0x561d23ad0820 name="" role=Client childc=1 obj=QWidget(0x561d23a9b240, name = "qt_scrollarea_hcontainer")"invisible")
atspi-check	Run accessibility tree check	2026-09-05T15:12:10.5167419Z qt.accessibility.cache: insert - id: 2147483875  iface: QAccessibleInterface(0x561d23ad0340 name="" role=ScrollBar obj=QScrollBar(0x561d23a9b7b0)"invisible")
atspi-check	Run accessibility tree check	2026-09-05T15:12:10.5168620Z qt.accessibility.cache: insert - id: 2147483876  iface: QAccessibleInterface(0x561d23ad0c60 name="" role=Client childc=1 obj=QWidget(0x561d23a9e110, name = "qt_scrollarea_vcontainer")"invisible")
atspi-check	Run accessibility tree check	2026-09-05T15:12:10.5170195Z qt.accessibility.cache: insert - id: 2147483877  iface: QAccessibleInterface(0x561d23ac5578 name="" role=List obj=QComboBoxListView(0x561d23a982a0)"focusable|invisible")
atspi-check	Run accessibility tree check	2026-09-05T15:12:10.5171298Z qt.accessibility.cache: insert - id: 2147483878  iface: QAccessibleInterface(0x561d23ad0d80 name="" role=Client obj=QComboBoxPrivateScroller(0x561d23a9ec70)"invisible")
atspi-check	Run accessibility tree check	2026-09-05T15:12:10.5172412Z qt.accessibility.cache: insert - id: 2147483879  iface: QAccessibleInterface(0x561d23aad570 name="" role=Client obj=QComboBoxPrivateScroller(0x561d23a9ec30)"invisible")
atspi-check	Run accessibility tree check	2026-09-05T15:12:10.5173535Z qt.accessibility.cache: insert - id: 2147483880  iface: QAccessibleInterface(0x561d239a0e20 name="" role=Border childc=3 obj=QComboBoxPrivateContainer(0x561d23a98210)"invisible")
atspi-check	Run accessibility tree check	2026-09-05T15:12:10.5174925Z qt.accessibility.cache: insert - id: 2147483881  iface: QAccessibleInterface(0x561d23ad10a0 name="" role=Grouping childc=5 obj=QGroupBox(0x561d23a8fb60, name = "customBrowserGroupBox")"invisible")
atspi-check	Run accessibility tree check	2026-09-05T15:12:10.5176204Z qt.accessibility.cache: insert - id: 2147483882  iface: QAccessibleInterface(0x561d23ad1050 name="" role=Client childc=2 obj=QWidget(0x561d23a9cd20, name = "customExtensionIdContainer")"invisible")
atspi-check	Run accessibility tree check	2026-09-05T15:12:10.5177628Z qt.accessibility.cache: insert - id: 2147483883  iface: QAccessibleInterface(0x561d23acf6d0 name="" role=Client childc=15 obj=QWidget(0x561d239bca60, name = "tab_2")"invisible")
atspi-check	Run accessibility tree check	2026-09-05T15:12:10.5178747Z qt.accessibility.cache: insert - id: 2147483884  iface: QAccessibleInterface(0x561d23acf580 name="" role=Client childc=9 obj=QWidget(0x561d23a0e460, name = "tab")"invisible")
atspi-check	Run accessibility tree check	2026-09-05T15:12:10.5180242Z qt.accessibility.cache: insert - id: 2147483885  iface: QAccessibleInterface(0x561d23ad1440 name="" role=LayeredPane childc=2 obj=QStackedWidget(0x561d23a077e0, name = "qt_tabwidget_stackedwidget")"invisible")
atspi-check	Run accessibility tree check	2026-09-05T15:12:10.5181636Z qt.accessibility.cache: insert - id: 2147483886  iface: QAccessibleInterface(0x561d23acf880 name="General" role=PageTabList childc=4 obj=QTabBar(0x561d23a0a8e0, name = "qt_tabwidget_tabbar")"focusable|invisible")
atspi-check	Run accessibility tree check	2026-09-05T15:12:10.5182954Z qt.accessibility.cache: insert - id: 2147483887  iface: QAccessibleInterface(0x561d23ad2440 name="" role=Client childc=2 obj=QTabWidget(0x561d23a041b0, name = "tabWidget")"focusable|invisible")
atspi-check	Run accessibility tree check	2026-09-05T15:12:10.5295286Z qt.accessibility.cache: insert - id: 2147483888  iface: QAccessibleInterface(0x561d23b29380 name="Start storing your passwords securely in a KeePassXC database" role=StaticText obj=QLabel(0x561d23b132b0, name = "startLabel")"invisible")
atspi-check	Run accessibility tree check	2026-09-05T15:12:10.5298695Z qt.accessibility.cache: insert - id: 2147483889  iface: QAccessibleInterface(0x561d23b2b560 name="Create Database" role=Button obj=QPushButton(0x561d23b14120, name = "buttonNewDatabase")"focusable|invisible")
atspi-check	Run accessibility tree check	2026-09-05T15:12:10.5301012Z qt.accessibility.cache: insert - id: 2147483890  iface: QAccessibleInterface(0x561d23b2fb50 name="Open Database" role=Button obj=QPushButton(0x561d23b1b790, name = "buttonOpenDatabase")"focusable|invisible")
atspi-check	Run accessibility tree check	2026-09-05T15:12:10.5302744Z qt.accessibility.cache: insert - id: 2147483891  iface: QAccessibleInterface(0x561d23b30450 name="Import File" role=Button obj=QPushButton(0x561d23b1b760, name = "buttonImport")"focusable|invisible")
atspi-check	Run accessibility tree check	2026-09-05T15:12:10.5304260Z qt.accessibility.cache: insert - id: 2147483892  iface: QAccessibleInterface(0x561d23b304d0 name="Recent databases" role=StaticText obj=QLabel(0x561d23b1b6b0, name = "recentLabel")"invisible")
atspi-check	Run accessibility tree check	2026-09-05T15:12:10.5305806Z qt.accessibility.cache: insert - id: 2147483893  iface: QAccessibleInterface(0x561d23b30838 name="Open a recent database" role=List obj=QListWidget(0x561d23b206e0, name = "recentListWidget")"focusable|invisible")
atspi-check	Run accessibility tree check	2026-09-05T15:12:10.5307876Z qt.accessibility.cache: insert - id: 2147483894  iface: QAccessibleInterface(0x561d23b30a50 name="Welcome to KeePassXC 2.8.0-snapshot" role=StaticText obj=QLabel(0x561d23b13870, name = "welcomeLabel")"invisible")
atspi-check	Run accessibility tree check	2026-09-05T15:12:10.5430349Z qt.accessibility.cache: insert - id: 2147483895  iface: QAccessibleInterface(0x561d23ba01a0 name="" role=EditableText obj=QLineEdit(0x561d23c15c60, name = "passwordEdit")"focusable|invisible")
atspi-check	Run accessibility tree check	2026-09-05T15:12:10.5433396Z qt.accessibility.cache: insert - id: 2147483896  iface: QAccessibleInterface(0x561d23b9efb0 name="" role=Button obj=QLineEditIconButton(0x561d23c14db0)"invisible")
atspi-check	Run accessibility tree check	2026-09-05T15:12:10.5436121Z qt.accessibility.cache: insert - id: 2147483897  iface: QAccessibleInterface(0x561d23c138c0 name="" role=Button obj=QLineEditIconButton(0x561d23b9f200)"invisible")
atspi-check	Run accessibility tree check	2026-09-05T15:12:10.5438947Z qt.accessibility.cache: insert - id: 2147483898  iface: QAccessibleInterface(0x561d23c13f30 name="Toggle Password (Ctrl+H)" role=Button obj=QLineEditIconButton(0x561d23c13a00)"invisible")
atspi-check	Run accessibility tree check	2026-09-05T15:12:10.5442868Z qt.accessibility.cache: insert - id: 2147483899  iface: QAccessibleInterface(0x561d23ba22a0 name="Generate Password (Ctrl+G)" role=Button obj=QLineEditIconButton(0x561d23c13f90)"invisible")
atspi-check	Run accessibility tree check	2026-09-05T15:12:10.5445197Z qt.accessibility.cache: insert - id: 2147483900  iface: QAccessibleInterface(0x561d23c12e40 name="Warning: Caps Lock enabled!" role=Button obj=QLineEditIconButton(0x561d23b9ec80)"invisible")
atspi-check	Run accessibility tree check	2026-09-05T15:12:10.5447493Z qt.accessibility.cache: insert - id: 2147483901  iface: QAccessibleInterface(0x561d23be3660 name="Scroll Left" role=Button obj=QToolButton(0x561d23952de0, name = "ScrollLeftButton")"focusable|invisible")
atspi-check	Run accessibility tree check	2026-09-05T15:12:10.5450389Z qt.accessibility.cache: insert - id: 2147483902  iface: QAccessibleInterface(0x561d23be36c0 name="Scroll Right" role=Button obj=QToolButton(0x561d23be38a0, name = "ScrollRightButton")"focusable|invisible")
atspi-check	Run accessibility tree check	2026-09-05T15:12:10.5452686Z qt.accessibility.cache: insert - id: 2147483903  iface: QAccessibleInterface(0x561d23c089b0 name="" role=Slider obj=QSlider(0x561d23c081a0, name = "sliderLength")"focusable|invisible")
atspi-check	Run accessibility tree check	2026-09-05T15:12:10.5454043Z qt.accessibility.cache: insert - id: 2147483904  iface: QAccessibleInterface(0x561d23be7330 name="" role=SpinBox obj=QSpinBox(0x561d23c0fb10, name = "spinBoxLength")"focusable|invisible")
atspi-check	Run accessibility tree check	2026-09-05T15:12:10.5455803Z qt.accessibility.cache: insert - id: 2147483905  iface: QAccessibleInterface(0x561d23bf0ae0 name="/ * + & …" role=Button obj=QPushButton(0x561d23bf08a0, name = "checkBoxSpecialChars")"focusable|invisible")
atspi-check	Run accessibility tree check	2026-09-05T15:12:10.5457132Z qt.accessibility.cache: insert - id: 2147483906  iface: QAccessibleInterface(0x561d23bf3870 name="\" '" role=Button obj=QPushButton(0x561d23bf2cf0, name = "checkBoxQuotes")"focusable|invisible")
atspi-check	Run accessibility tree check	2026-09-05T15:12:10.5458399Z qt.accessibility.cache: insert - id: 2147483907  iface: QAccessibleInterface(0x561d23bf8de0 name=". , : ;" role=Button obj=QPushButton(0x561d23bec730, name = "checkBoxPunctuation")"focusable|invisible")
atspi-check	Run accessibility tree check	2026-09-05T15:12:10.5460041Z qt.accessibility.cache: insert - id: 2147483908  iface: QAccessibleInterface(0x561d23bfb560 name="\\ / | _ -" role=Button obj=QPushButton(0x561d23bf2ac0, name = "checkBoxDashes")"focusable|invisible")
atspi-check	Run accessibility tree check	2026-09-05T15:12:10.5461355Z qt.accessibility.cache: insert - id: 2147483909  iface: QAccessibleInterface(0x561d23c1b690 name="A-Z" role=Button obj=QPushButton(0x561d23bfb610, name = "checkBoxUpper")"focusable|invisible")
atspi-check	Run accessibility tree check	2026-09-05T15:12:10.5462627Z qt.accessibility.cache: insert - id: 2147483910  iface: QAccessibleInterface(0x561d23c1e140 name="0-9" role=Button obj=QPushButton(0x561d23bfb920, name = "checkBoxNumbers")"focusable|invisible")
atspi-check	Run accessibility tree check	2026-09-05T15:12:10.5463905Z qt.accessibility.cache: insert - id: 2147483911  iface: QAccessibleInterface(0x561d23c1e050 name="a-z" role=Button obj=QPushButton(0x561d23c1b280, name = "checkBoxLower")"focusable|invisible")
atspi-check	Run accessibility tree check	2026-09-05T15:12:10.5465204Z qt.accessibility.cache: insert - id: 2147483912  iface: QAccessibleInterface(0x561d23c20b70 name="< > * + ! ? =" role=Button obj=QPushButton(0x561d23c1dd00, name = "checkBoxMath")"focusable|invisible")
atspi-check	Run accessibility tree check	2026-09-05T15:12:10.5467374Z qt.accessibility.cache: insert - id: 2147483913  iface: QAccessibleInterface(0x561d23c260b0 name="{ [ ( ) ] }" role=Button obj=QPushButton(0x561d23bf07a0, name = "checkBoxBraces")"focusable|invisible")
atspi-check	Run accessibility tree check	2026-09-05T15:12:10.5468781Z qt.accessibility.cache: insert - id: 2147483914  iface: QAccessibleInterface(0x561d23c65030 name="" role=Slider obj=QSlider(0x561d23c62210, name = "sliderWordCount")"focusable|invisible")
atspi-check	Run accessibility tree check	2026-09-05T15:12:10.5470274Z qt.accessibility.cache: insert - id: 2147483915  iface: QAccessibleInterface(0x561d23c6bcd0 name="" role=SpinBox obj=QSpinBox(0x561d23c67fe0, name = "spinBoxWordCount")"focusable|invisible")
atspi-check	Run accessibility tree check	2026-09-05T15:12:10.5482399Z qt.accessibility.cache: insert - id: 2147483916  iface: QAccessibleInterface(0x561d23c9cc70 name="strength" role=StaticText obj=QLabel(0x561d23bb7f40, name = "strengthLabel")"invisible")
atspi-check	Run accessibility tree check	2026-09-05T15:12:10.5483889Z qt.accessibility.cache: insert - id: 2147483917  iface: QAccessibleInterface(0x561d23c9f660 name="passwordLength" role=StaticText obj=QLabel(0x561d23bb7fd0, name = "passwordLengthLabel")"invisible")
atspi-check	Run accessibility tree check	2026-09-05T15:12:10.5485476Z qt.accessibility.cache: insert - id: 2147483918  iface: QAccessibleInterface(0x561d23c9f900 name="entropy" role=StaticText obj=QLabel(0x561d23c11de0, name = "entropyLabel")"invisible")
atspi-check	Run accessibility tree check	2026-09-05T15:12:10.5486821Z qt.accessibility.cache: insert - id: 2147483919  iface: QAccessibleInterface(0x561d23c9fdb0 name="Generated password" role=Client childc=2 obj=PasswordWidget(0x561d23bac470, name = "editNewPassword")"focusable|invisible")
atspi-check	Run accessibility tree check	2026-09-05T15:12:10.5488357Z qt.accessibility.cache: insert - id: 2147483920  iface: QAccessibleInterface(0x561d23ca2040 name="" role=Button obj=QPushButton(0x561d23b9fea0, name = "buttonGenerate")"focusable|invisible")
atspi-check	Run accessibility tree check	2026-09-05T15:12:10.5490035Z qt.accessibility.cache: insert - id: 2147483921  iface: QAccessibleInterface(0x561d23ca20c0 name="" role=Button obj=QPushButton(0x561d23b98a60, name = "buttonCopy")"focusable|invisible")
atspi-check	Run accessibility tree check	2026-09-05T15:12:10.5492238Z qt.accessibility.cache: insert - id: 2147483922  iface: QAccessibleInterface(0x561d23ca2b80 name="Length:" role=StaticText obj=QLabel(0x561d23c08080, name = "labelLength")"invisible")
atspi-check	Run accessibility tree check	2026-09-05T15:12:10.5494467Z qt.accessibility.cache: insert - id: 2147483923  iface: QAccessibleInterface(0x561d23ca2d00 name="Advanced" role=CheckBox obj=QPushButton(0x561d23c0efe0, name = "buttonAdvancedMode")"focusable|invisible")
atspi-check	Run accessibility tree check	2026-09-05T15:12:10.5495818Z qt.accessibility.cache: insert - id: 2147483924  iface: QAccessibleInterface(0x561d23ca2d30 name="Character Types" role=Grouping childc=11 obj=QGroupBox(0x561d23bed130, name = "groupBox")"invisible")
atspi-check	Run accessibility tree check	2026-09-05T15:12:10.5497356Z qt.accessibility.cache: insert - id: 2147483925  iface: QAccessibleInterface(0x561d23ca3620 name="Extended ASCII" role=CheckBox obj=QPushButton(0x561d23c20790, name = "checkBoxExtASCII")"focusable|invisible")
atspi-check	Run accessibility tree check	2026-09-05T15:12:10.5498719Z qt.accessibility.cache: insert - id: 2147483926  iface: QAccessibleInterface(0x561d23ca37f0 name="Do not include:" role=StaticText obj=QLabel(0x561d23c28290, name = "labelExcludedChars")"invisible")
atspi-check	Run accessibility tree check	2026-09-05T15:12:10.5500422Z qt.accessibility.cache: insert - id: 2147483927  iface: QAccessibleInterface(0x561d23ca39c0 name="Additional characters" role=EditableText childc=1 obj=QLineEdit(0x561d23c2c0d0, name = "editAdditionalChars")"focusable|invisible")
atspi-check	Run accessibility tree check	2026-09-05T15:12:10.5501886Z qt.accessibility.cache: insert - id: 2147483928  iface: QAccessibleInterface(0x561d23ca3a00 name="Hex Passwords" role=Button obj=QPushButton(0x561d23c2ba40, name = "buttonAddHex")"focusable|invisible")
atspi-check	Run accessibility tree check	2026-09-05T15:12:10.5503302Z qt.accessibility.cache: insert - id: 2147483929  iface: QAccessibleInterface(0x561d23ca4070 name="Excluded characters" role=EditableText childc=1 obj=QLineEdit(0x561d23c289b0, name = "editExcludedChars")"focusable|invisible")
atspi-check	Run accessibility tree check	2026-09-05T15:12:10.5504646Z qt.accessibility.cache: insert - id: 2147483930  iface: QAccessibleInterface(0x561d23ca3e10 name="Also choose from:" role=StaticText obj=QLabel(0x561d23c38440, name = "label")"invisible")
atspi-check	Run accessibility tree check	2026-09-05T15:12:10.5505919Z qt.accessibility.cache: insert - id: 2147483931  iface: QAccessibleInterface(0x561d23ca3fd0 name="" role=CheckBox obj=QCheckBox(0x561d23c38410, name = "checkBoxExcludeAlike")"focusable|invisible")
atspi-check	Run accessibility tree check	2026-09-05T15:12:10.5507340Z qt.accessibility.cache: insert - id: 2147483932  iface: QAccessibleInterface(0x561d23aced60 name="Pick characters from every group" role=CheckBox obj=QCheckBox(0x561d23c3dbb0, name = "checkBoxEnsureEvery")"focusable|invisible")
atspi-check	Run accessibility tree check	2026-09-05T15:12:10.5508730Z qt.accessibility.cache: insert - id: 2147483933  iface: QAccessibleInterface(0x561d23ac9b70 name="Wordlist:" role=StaticText obj=QLabel(0x561d236b1090, name = "labelWordList")"invisible")
atspi-check	Run accessibility tree check	2026-09-05T15:12:10.5510315Z qt.accessibility.cache: insert - id: 2147483934  iface: QAccessibleInterface(0x561d23ac8ec0 name="" role=EditableText obj=QLineEdit(0x561d23c54530, name = "editWordSeparator")"focusable|invisible")
atspi-check	Run accessibility tree check	2026-09-05T15:12:10.5511866Z qt.accessibility.cache: insert - id: 2147483935  iface: QAccessibleInterface(0x561d23ace3b0 name="Word Count:" role=StaticText obj=QLabel(0x561d23c54210, name = "labelWordCount")"invisible")
atspi-check	Run accessibility tree check	2026-09-05T15:12:10.5513085Z qt.accessibility.cache: insert - id: 2147483936  iface: QAccessibleInterface(0x561d23ac0cd0 name="Word Case:" role=StaticText obj=QLabel(0x561d23c539d0, name = "wordCaseLabel")"invisible")
atspi-check	Run accessibility tree check	2026-09-05T15:12:10.5514337Z qt.accessibility.cache: insert - id: 2147483937  iface: QAccessibleInterface(0x561d23ac5100 name="" role=Button obj=QPushButton(0x561d23c5f400, name = "buttonDeleteWordList")"focusable|invisible")
atspi-check	Run accessibility tree check	2026-09-05T15:12:10.5515739Z qt.accessibility.cache: insert - id: 2147483938  iface: QAccessibleInterface(0x561d23ac5260 name="" role=Button obj=QPushButton(0x561d23c615e0, name = "buttonAddWordList")"focusable|invisible")
atspi-check	Run accessibility tree check	2026-09-05T15:12:10.5517014Z qt.accessibility.cache: insert - id: 2147483939  iface: QAccessibleInterface(0x561d23ad1d00 name="Word Separator:" role=StaticText obj=QLabel(0x561d23c71d80, name = "labelWordSeparator")"invisible")
atspi-check	Run accessibility tree check	2026-09-05T15:12:10.5518523Z qt.accessibility.cache: insert - id: 2147483940  iface: QAccessibleInterface(0x561d23ad1e40 name="Warning: the chosen wordlist is smaller than the minimum recommended size!" role=StaticText obj=QLabel(0x561d23c74ac0, name = "labelWordListWarning")"invisible")
atspi-check	Run accessibility tree check	2026-09-05T15:12:10.5520159Z qt.accessibility.cache: insert - id: 2147483941  iface: QAccessibleInterface(0x561d23ca7650 name="Close" role=Button obj=QPushButton(0x561d23c9c7e0, name = "buttonClose")"focusable|invisible")
atspi-check	Run accessibility tree check	2026-09-05T15:12:10.5521450Z qt.accessibility.cache: insert - id: 2147483942  iface: QAccessibleInterface(0x561d23ca77c0 name="Apply Password" role=Button obj=QPushButton(0x561d23c9d230, name = "buttonApply")"focusable|invisible")
atspi-check	Run accessibility tree check	2026-09-05T15:12:10.5522801Z qt.accessibility.cache: insert - id: 2147483943  iface: QAccessibleInterface(0x561d23cab6d0 name="lower case" role=ComboBox childc=1 obj=QComboBox(0x561d23c6b7d0, name = "wordCaseComboBox")"focusable|invisible")
atspi-check	Run accessibility tree check	2026-09-05T15:12:10.5524241Z qt.accessibility.cache: insert - id: 2147483944  iface: QAccessibleInterface(0x561d23cabf10 name="(SYSTEM) eff_large.wordlist" role=ComboBox childc=1 obj=QComboBox(0x561d236b0f50, name = "comboBoxWordList")"focusable|invisible")
atspi-check	Run accessibility tree check	2026-09-05T15:12:10.5544451Z qt.accessibility.cache: insert - id: 2147483945  iface: QAccessibleInterface(0x561d23d29ce0 name="Open Database…" role=Button obj=QToolButton(0x561d23d054f0)"invisible")
atspi-check	Run accessibility tree check	2026-09-05T15:12:10.5545680Z qt.accessibility.cache: insert - id: 2147483946  iface: QAccessibleInterface(0x561d23d29db0 name="Save Database" role=Button obj=QToolButton(0x561d23d06cc0)"invisible")
atspi-check	Run accessibility tree check	2026-09-05T15:12:10.5546953Z qt.accessibility.cache: insert - id: 2147483947  iface: QAccessibleInterface(0x561d23d2c6c0 name="New Entry…" role=Button obj=QToolButton(0x561d23d0bb40)"invisible")
atspi-check	Run accessibility tree check	2026-09-05T15:12:10.5548623Z qt.accessibility.cache: insert - id: 2147483948  iface: QAccessibleInterface(0x561d23d2c240 name="Edit Entry…" role=Button obj=QToolButton(0x561d23d0f060)"invisible")
atspi-check	Run accessibility tree check	2026-09-05T15:12:10.5550949Z qt.accessibility.cache: insert - id: 2147483949  iface: QAccessibleInterface(0x561d23d2cd10 name="Delete Entry" role=Button obj=QToolButton(0x561d23d11a60)"invisible")
atspi-check	Run accessibility tree check	2026-09-05T15:12:10.5553168Z qt.accessibility.cache: insert - id: 2147483950  iface: QAccessibleInterface(0x561d23d2d4b0 name="Database Reports…" role=CheckBox obj=QToolButton(0x561d23d21ef0)"invisible")
atspi-check	Run accessibility tree check	2026-09-05T15:12:10.5555635Z qt.accessibility.cache: insert - id: 2147483951  iface: QAccessibleInterface(0x561d23d2d560 name="Database Settings…" role=CheckBox obj=QToolButton(0x561d23d1eab0)"invisible")
atspi-check	Run accessibility tree check	2026-09-05T15:12:10.5557558Z qt.accessibility.cache: insert - id: 2147483952  iface: QAccessibleInterface(0x561d23d2e6f0 name="Copy Username" role=Button obj=QToolButton(0x561d23d13f40)"invisible")
atspi-check	Run accessibility tree check	2026-09-05T15:12:10.5559673Z qt.accessibility.cache: insert - id: 2147483953  iface: QAccessibleInterface(0x561d23d2e7e0 name="Copy Password" role=Button obj=QToolButton(0x561d23d17260)"invisible")
atspi-check	Run accessibility tree check	2026-09-05T15:12:10.5561921Z qt.accessibility.cache: insert - id: 2147483954  iface: QAccessibleInterface(0x561d23d2ec80 name="Settings" role=CheckBox obj=QToolButton(0x561d23d277b0)"invisible")
atspi-check	Run accessibility tree check	2026-09-05T15:12:10.5563979Z qt.accessibility.cache: insert - id: 2147483955  iface: QAccessibleInterface(0x561d23d2ec10 name="Password Generator" role=CheckBox obj=QToolButton(0x561d23d24360)"invisible")
atspi-check	Run accessibility tree check	2026-09-05T15:12:10.5566174Z qt.accessibility.cache: insert - id: 2147483956  iface: QAccessibleInterface(0x561d23d2eea0 name="Perform Auto-Type" role=Button obj=QToolButton(0x561d23d1c7a0)"invisible")
atspi-check	Run accessibility tree check	2026-09-05T15:12:10.5568663Z qt.accessibility.cache: insert - id: 2147483957  iface: QAccessibleInterface(0x561d23d2f730 name="Copy URL" role=Button obj=QToolButton(0x561d23d163b0)"invisible")
atspi-check	Run accessibility tree check	2026-09-05T15:12:10.5570991Z qt.accessibility.cache: insert - id: 2147483958  iface: QAccessibleInterface(0x561d23d309a0 name="Lock Database" role=Button obj=QToolButton(0x561d23d097d0)"invisible")
atspi-check	Run accessibility tree check	2026-09-05T15:12:10.5574580Z qt.accessibility.cache: insert - id: 2147483959  iface: QAccessibleInterface(0x561d23d3c6b0 name="Database toolbar" role=ToolBar childc=20 obj=KPToolBar(0x561d23ccbac0, name = "toolBar")"invisible")
atspi-check	Run accessibility tree check	2026-09-05T15:12:10.5576668Z qt.accessibility.cache: insert - id: 2147483960  iface: QAccessibleInterface(0x561d23d41d40 name="Search" role=EditableText childc=1 obj=QLineEdit(0x561d23d3bd80, name = "searchEdit")"focusable|invisible")
atspi-check	Run accessibility tree check	2026-09-05T15:12:10.5578579Z qt.accessibility.cache: insert - id: 2147483961  iface: QAccessibleInterface(0x561d23d4c7f0 name="!" role=StaticText obj=QLabel(0x561d23d4c070, name = "label_4")"invisible")
atspi-check	Run accessibility tree check	2026-09-05T15:12:10.5580587Z qt.accessibility.cache: insert - id: 2147483962  iface: QAccessibleInterface(0x561d23c0f2e0 name="*" role=StaticText obj=QLabel(0x561d23d4f420, name = "label_25")"invisible")
atspi-check	Run accessibility tree check	2026-09-05T15:12:10.5582653Z qt.accessibility.cache: insert - id: 2147483963  iface: QAccessibleInterface(0x561d23d5b350 name="+" role=StaticText obj=QLabel(0x561d23d5b2d0, name = "label_6")"invisible")
atspi-check	Run accessibility tree check	2026-09-05T15:12:10.5583995Z qt.accessibility.cache: insert - id: 2147483964  iface: QAccessibleInterface(0x561d23d63270 name="username (u)" role=StaticText obj=QLabel(0x561d23d5fee0, name = "label_3")"invisible")
atspi-check	Run accessibility tree check	2026-09-05T15:12:10.5601215Z qt.accessibility.cache: insert - id: 2147483965  iface: QAccessibleInterface(0x561d23d66610 name="password (p, pw)" role=StaticText obj=QLabel(0x561d239d8f10, name = "label_11")"invisible")
atspi-check	Run accessibility tree check	2026-09-05T15:12:10.5603393Z qt.accessibility.cache: insert - id: 2147483966  iface: QAccessibleInterface(0x561d23d666a0 name="title (t)" role=StaticText obj=QLabel(0x561d23d66640, name = "label")"invisible")
atspi-check	Run accessibility tree check	2026-09-05T15:12:10.5605013Z qt.accessibility.cache: insert - id: 2147483967  iface: QAccessibleInterface(0x561d23d686f0 name="url" role=StaticText obj=QLabel(0x561d23d632a0, name = "label_13")"invisible")
atspi-check	Run accessibility tree check	2026-09-05T15:12:10.5606170Z qt.accessibility.cache: insert - id: 2147483968  iface: QAccessibleInterface(0x561d23d6b600 name="uuid" role=StaticText obj=QLabel(0x561d23d6abc0, name = "label_17")"invisible")
atspi-check	Run accessibility tree check	2026-09-05T15:12:10.5607322Z qt.accessibility.cache: insert - id: 2147483969  iface: QAccessibleInterface(0x561d23d6b900 name="notes (n)" role=StaticText obj=QLabel(0x561d23d60760, name = "label_5")"invisible")
atspi-check	Run accessibility tree check	2026-09-05T15:12:10.5608893Z qt.accessibility.cache: insert - id: 2147483970  iface: QAccessibleInterface(0x561d23d73ae0 name="attribute (attr)" role=StaticText obj=QLabel(0x561d23d70ff0, name = "label_12")"invisible")
atspi-check	Run accessibility tree check	2026-09-05T15:12:10.5611332Z qt.accessibility.cache: insert - id: 2147483971  iface: QAccessibleInterface(0x561d23d73340 name="attachment (attach)" role=StaticText obj=QLabel(0x561d23d73b10, name = "label_14")"invisible")
atspi-check	Run accessibility tree check	2026-09-05T15:12:10.5613369Z qt.accessibility.cache: insert - id: 2147483972  iface: QAccessibleInterface(0x561d23d79230 name="group (g)" role=StaticText obj=QLabel(0x561d23d76580, name = "label_16")"invisible")
atspi-check	Run accessibility tree check	2026-09-05T15:12:10.5614533Z qt.accessibility.cache: insert - id: 2147483973  iface: QAccessibleInterface(0x561d23d78b30 name="tags (tag)" role=StaticText obj=QLabel(0x561d23d79260, name = "label_161")"invisible")
atspi-check	Run accessibility tree check	2026-09-05T15:12:10.5616011Z qt.accessibility.cache: insert - id: 2147483974  iface: QAccessibleInterface(0x561d23d7e6d0 name="*" role=StaticText obj=QLabel(0x561d23d7b8f0, name = "label_18")"invisible")
atspi-check	Run accessibility tree check	2026-09-05T15:12:10.5617128Z qt.accessibility.cache: insert - id: 2147483975  iface: QAccessibleInterface(0x561d2395bdc0 name="?" role=StaticText obj=QLabel(0x561d23d7e730, name = "label_19")"invisible")
atspi-check	Run accessibility tree check	2026-09-05T15:12:10.5618398Z qt.accessibility.cache: insert - id: 2147483976  iface: QAccessibleInterface(0x561d23d8abf0 name="|" role=StaticText obj=QLabel(0x561d2395ee60, name = "label_20")"invisible")
atspi-check	Run accessibility tree check	2026-09-05T15:12:10.5619905Z qt.accessibility.cache: insert - id: 2147483977  iface: QAccessibleInterface(0x561d23d95630 name="user:name1 url:google" role=StaticText obj=QLabel(0x561d23d92600, name = "label_9")"invisible")
atspi-check	Run accessibility tree check	2026-09-05T15:12:10.5621165Z qt.accessibility.cache: insert - id: 2147483978  iface: QAccessibleInterface(0x561d23d97b00 name="user:\"name1|name2\"" role=StaticText obj=QLabel(0x561d23d97450, name = "label_10")"invisible")
atspi-check	Run accessibility tree check	2026-09-05T15:12:10.5622435Z qt.accessibility.cache: insert - id: 2147483979  iface: QAccessibleInterface(0x561d23d9d4c0 name="+user:name1 *notes:\"secret \\d\"" role=StaticText obj=QLabel(0x561d23d9ab40, name = "label_26")"invisible")
atspi-check	Run accessibility tree check	2026-09-05T15:12:10.5623831Z qt.accessibility.cache: insert - id: 2147483980  iface: QAccessibleInterface(0x561d23d9a4b0 name="Search terms are as follows: [modifiers][field:][\"]term[\"]" role=StaticText obj=QLabel(0x561d23d449c0, name = "label_2")"invisible")
atspi-check	Run accessibility tree check	2026-09-05T15:12:10.5625307Z qt.accessibility.cache: insert - id: 2147483981  iface: QAccessibleInterface(0x561d23d9ce30 name="Every search term must match (ie, logical AND)" role=StaticText obj=QLabel(0x561d23d474b0, name = "label_24")"invisible")
atspi-check	Run accessibility tree check	2026-09-05T15:12:10.5626646Z qt.accessibility.cache: insert - id: 2147483982  iface: QAccessibleInterface(0x561d23d9d070 name="Modifiers" role=Grouping childc=6 obj=QGroupBox(0x561d23d49fa0, name = "groupBox_2")"invisible")
atspi-check	Run accessibility tree check	2026-09-05T15:12:10.5627922Z qt.accessibility.cache: insert - id: 2147483983  iface: QAccessibleInterface(0x561d23d9f200 name="exclude term from results" role=StaticText obj=QLabel(0x561d23d4eb70, name = "label_7")"invisible")
atspi-check	Run accessibility tree check	2026-09-05T15:12:10.5629163Z qt.accessibility.cache: insert - id: 2147483984  iface: QAccessibleInterface(0x561d23d9f350 name="match term exactly" role=StaticText obj=QLabel(0x561d23d51fb0, name = "label_8")"invisible")
atspi-check	Run accessibility tree check	2026-09-05T15:12:10.5630525Z qt.accessibility.cache: insert - id: 2147483985  iface: QAccessibleInterface(0x561d23d9fb90 name="use regex in term" role=StaticText obj=QLabel(0x561d23c0f310, name = "label_15")"invisible")
atspi-check	Run accessibility tree check	2026-09-05T15:12:10.5631736Z qt.accessibility.cache: insert - id: 2147483986  iface: QAccessibleInterface(0x561d23d9fc60 name="Fields" role=Grouping childc=10 obj=QGroupBox(0x561d23d5d410, name = "groupBox")"invisible")
atspi-check	Run accessibility tree check	2026-09-05T15:12:10.5632992Z qt.accessibility.cache: insert - id: 2147483987  iface: QAccessibleInterface(0x561d23d9fee0 name="Term Wildcards" role=Grouping childc=6 obj=QGroupBox(0x561d23d7bba0, name = "groupBox_4")"invisible")
atspi-check	Run accessibility tree check	2026-09-05T15:12:10.5634239Z qt.accessibility.cache: insert - id: 2147483988  iface: QAccessibleInterface(0x561d23da00c0 name="match anything" role=StaticText obj=QLabel(0x561d23d7e700, name = "label_21")"invisible")
atspi-check	Run accessibility tree check	2026-09-05T15:12:10.5635438Z qt.accessibility.cache: insert - id: 2147483989  iface: QAccessibleInterface(0x561d23da02f0 name="match one" role=StaticText obj=QLabel(0x561d23d8d760, name = "label_22")"invisible")
atspi-check	Run accessibility tree check	2026-09-05T15:12:10.5637239Z qt.accessibility.cache: insert - id: 2147483990  iface: QAccessibleInterface(0x561d23da0580 name="logical OR" role=StaticText obj=QLabel(0x561d23d90150, name = "label_23")"invisible")
atspi-check	Run accessibility tree check	2026-09-05T15:12:10.5639627Z qt.accessibility.cache: insert - id: 2147483991  iface: QAccessibleInterface(0x561d23da0690 name="Examples" role=Grouping childc=3 obj=QGroupBox(0x561d23d901d0, name = "groupBox_3")"invisible")
atspi-check	Run accessibility tree check	2026-09-05T15:12:10.5641227Z qt.accessibility.cache: insert - id: 2147483992  iface: QAccessibleInterface(0x561d23da62b0 name="Search" role=Button obj=QLineEditIconButton(0x561d23da5560)"invisible")
atspi-check	Run accessibility tree check	2026-09-05T15:12:10.5642348Z qt.accessibility.cache: insert - id: 2147483993  iface: QAccessibleInterface(0x561d23daa870 name="Search Help" role=Button obj=QLineEditIconButton(0x561d23da6d00)"invisible")
atspi-check	Run accessibility tree check	2026-09-05T15:12:10.5643634Z qt.accessibility.cache: insert - id: 2147483994  iface: QAccessibleInterface(0x561d23dade30 name="Save Search" role=Button obj=QLineEditIconButton(0x561d23daa2b0)"invisible")
atspi-check	Run accessibility tree check	2026-09-05T15:12:10.5645329Z qt.accessibility.cache: insert - id: 2147483995  iface: QAccessibleInterface(0x561d23dad700 name="Clear Search" role=Button obj=QLineEditIconButton(0x561d23d3ec50)"invisible")
atspi-check	Run accessibility tree check	2026-09-05T15:12:10.5647596Z qt.accessibility.cache: insert - id: 2147483996  iface: QAccessibleInterface(0x561d23dafd00 name="Search Help" role=Border childc=6 obj=PopupHelpWidget(0x561d23d3ea20, name = "SearchHelpWidget")"invisible")
atspi-check	Run accessibility tree check	2026-09-05T15:12:10.5649998Z qt.accessibility.cache: insert - id: 2147483997  iface: QAccessibleInterface(0x561d23dafb90 name="" role=PopupMenu childc=3 obj=QMenu(0x561d23da1a50)"invisible")
atspi-check	Run accessibility tree check	2026-09-05T15:12:10.5651415Z qt.accessibility.cache: insert - id: 2147483998  iface: QAccessibleInterface(0x561d23d42190 name="" role=Client childc=1 obj=SearchWidget(0x561d23b179e0, name = "SearchWidget")"invisible")
atspi-check	Run accessibility tree check	2026-09-05T15:12:10.5652656Z qt.accessibility.cache: insert - id: 2147483999  iface: QAccessibleInterface(0x561d23de3b60 name="Reset Shortcuts" role=Button obj=QPushButton(0x561d23de2a60)"focusable|invisible")
atspi-check	Run accessibility tree check	2026-09-05T15:12:10.5654529Z qt.accessibility.cache: insert - id: 2147484000  iface: QAccessibleInterface(0x561d23de9df0 name="Double click an action to change its shortcut" role=StaticText obj=QLabel(0x561d23de8ad0)"invisible")
atspi-check	Run accessibility tree check	2026-09-05T15:12:10.5656720Z qt.accessibility.cache: insert - id: 2147484001  iface: QAccessibleInterface(0x561d23e1b060 name="Close" role=Button obj=QToolButton(0x561d23e14010)"focusable|invisible")
atspi-check	Run accessibility tree check	2026-09-05T15:12:10.5659070Z qt.accessibility.cache: insert - id: 2147484002  iface: QAccessibleInterface(0x561d23e45670 name="Enable SSH Agent integration" role=CheckBox obj=QCheckBox(0x561d23e291f0, name = "enableSSHAgentCheckBox")"focusable|invisible")
atspi-check	Run accessibility tree check	2026-09-05T15:12:10.5661026Z qt.accessibility.cache: insert - id: 2147484003  iface: QAccessibleInterface(0x561d23e41f90 name="Use Pageant" role=RadioButton obj=QRadioButton(0x561d23be2ee0, name = "usePageantRadioButton")"focusable|invisible")
atspi-check	Run accessibility tree check	2026-09-05T15:12:10.5662449Z qt.accessibility.cache: insert - id: 2147484004  iface: QAccessibleInterface(0x561d23e47650 name="Use OpenSSH" role=RadioButton obj=QRadioButton(0x561d23c29370, name = "useOpenSSHRadioButton")"focusable|invisible")
atspi-check	Run accessibility tree check	2026-09-05T15:12:10.5663848Z qt.accessibility.cache: insert - id: 2147484005  iface: QAccessibleInterface(0x561d23e455e0 name="Use both agents" role=RadioButton obj=QRadioButton(0x561d23c293a0, name = "useBothRadioButton")"focusable|invisible")
atspi-check	Run accessibility tree check	2026-09-05T15:12:10.5665244Z qt.accessibility.cache: insert - id: 2147484006  iface: QAccessibleInterface(0x561d23e47a80 name="SSH_AUTH_SOCK override" role=StaticText obj=QLabel(0x561d23e206d0, name = "sshAuthSockOverrideLabel")"invisible")
atspi-check	Run accessibility tree check	2026-09-05T15:12:10.5666589Z qt.accessibility.cache: insert - id: 2147484007  iface: QAccessibleInterface(0x561d23e47c20 name="SSH_AUTH_SOCK value" role=StaticText obj=QLabel(0x561d23e32090, name = "sshAuthSockValueLabel")"invisible")
atspi-check	Run accessibility tree check	2026-09-05T15:12:10.5667911Z qt.accessibility.cache: insert - id: 2147484008  iface: QAccessibleInterface(0x561d23e4e440 name="(empty)" role=StaticText obj=QLabel(0x561d23e34ad0, name = "sshAuthSockLabel")"focusable|invisible")
atspi-check	Run accessibility tree check	2026-09-05T15:12:10.5669283Z qt.accessibility.cache: insert - id: 2147484009  iface: QAccessibleInterface(0x561d23e4e3e0 name="SSH_SK_PROVIDER value" role=StaticText obj=QLabel(0x561d23e3a6f0, name = "sshSecurityKeyProviderValueLabel")"invisible")
atspi-check	Run accessibility tree check	2026-09-05T15:12:10.5671249Z qt.accessibility.cache: insert - id: 2147484010  iface: QAccessibleInterface(0x561d23e4dc00 name="(empty)" role=StaticText obj=QLabel(0x561d23e3c310, name = "sshSecurityKeyProviderLabel")"focusable|invisible")
atspi-check	Run accessibility tree check	2026-09-05T15:12:10.5672685Z qt.accessibility.cache: insert - id: 2147484011  iface: QAccessibleInterface(0x561d23e4de00 name="SSH_SK_PROVIDER override" role=StaticText obj=QLabel(0x561d23e3a4c0, name = "sshSecurityKeyProviderOverrideLabel")"invisible")
atspi-check	Run accessibility tree check	2026-09-05T15:12:10.5675365Z qt.accessibility.cache: insert - id: 2147484012  iface: QAccessibleInterface(0x561d23e71e10 name="" role=CheckBox obj=QCheckBox(0x561d23e695a0, name = "quietSuccessCheckBox")"focusable|invisible")
atspi-check	Run accessibility tree check	2026-09-05T15:12:10.5677861Z qt.accessibility.cache: insert - id: 2147484013  iface: QAccessibleInterface(0x561d23e6a520 name="" role=EditableText obj=QLineEdit(0x561d23e7e760, name = "ownCertificateFingerprintEdit")"focusable|invisible")
atspi-check	Run accessibility tree check	2026-09-05T15:12:10.5680440Z qt.accessibility.cache: insert - id: 2147484014  iface: QAccessibleInterface(0x561d23e81c10 name="Active" role=Grouping childc=3 obj=QGroupBox(0x561d23e47770, name = "activeGroupBox")"invisible")
atspi-check	Run accessibility tree check	2026-09-05T15:12:10.5682909Z qt.accessibility.cache: insert - id: 2147484015  iface: QAccessibleInterface(0x561d23e82470 name="Allow KeeShare imports" role=CheckBox obj=QCheckBox(0x561d23e69e80, name = "enableImportCheckBox")"focusable|invisible")
atspi-check	Run accessibility tree check	2026-09-05T15:12:10.5684830Z qt.accessibility.cache: insert - id: 2147484016  iface: QAccessibleInterface(0x561d23e824a0 name="Allow KeeShare exports" role=CheckBox obj=QCheckBox(0x561d23e6a440, name = "enableExportCheckBox")"focusable|invisible")
atspi-check	Run accessibility tree check	2026-09-05T15:12:10.5686265Z qt.accessibility.cache: insert - id: 2147484017  iface: QAccessibleInterface(0x561d23e850c0 name="Personal certificate" role=Grouping childc=5 obj=QGroupBox(0x561d23e6e590, name = "ownCertificateGroupBox")"invisible")
atspi-check	Run accessibility tree check	2026-09-05T15:12:10.5687620Z qt.accessibility.cache: insert - id: 2147484018  iface: QAccessibleInterface(0x561d23e85910 name="Signer:" role=StaticText obj=QLabel(0x561d23e74180, name = "ownCertificateSignerLabel")"invisible")
atspi-check	Run accessibility tree check	2026-09-05T15:12:10.5689020Z qt.accessibility.cache: insert - id: 2147484019  iface: QAccessibleInterface(0x561d23e85c40 name="Generate new certificate" role=Button obj=QPushButton(0x561d23e774b0, name = "generateOwnCertificateButton")"focusable|invisible")
atspi-check	Run accessibility tree check	2026-09-05T15:12:10.5691009Z qt.accessibility.cache: insert - id: 2147484020  iface: QAccessibleInterface(0x561d23e85ed0 name="Fingerprint:" role=StaticText obj=QLabel(0x561d23e76b80, name = "ownCertificateFingerprintLabel")"invisible")
atspi-check	Run accessibility tree check	2026-09-05T15:12:10.5692463Z qt.accessibility.cache: insert - id: 2147484021  iface: QAccessibleInterface(0x561d23e85fb0 name="Signer name field" role=EditableText obj=QLineEdit(0x561d23e7b850, name = "ownCertificateSignerEdit")"focusable|invisible")
atspi-check	Run accessibility tree check	2026-09-05T15:12:10.5698647Z qt.accessibility.cache: insert - id: 2147484022  iface: QAccessibleInterface(0x561d23eaa370 name="Close" role=Button obj=QToolButton(0x561d23ea5af0)"focusable|invisible")
atspi-check	Run accessibility tree check	2026-09-05T15:12:10.5704540Z qt.accessibility.cache: insert - id: 2147484023  iface: QAccessibleInterface(0x561d23eb5730 name="Scroll Left" role=Button obj=QToolButton(0x561d23eb11d0, name = "ScrollLeftButton")"focusable|invisible")
atspi-check	Run accessibility tree check	2026-09-05T15:12:10.5706978Z qt.accessibility.cache: insert - id: 2147484024  iface: QAccessibleInterface(0x561d23eb47f0 name="Scroll Right" role=Button obj=QToolButton(0x561d23eb4940, name = "ScrollRightButton")"focusable|invisible")
atspi-check	Run accessibility tree check	2026-09-05T15:12:10.5709335Z qt.accessibility.cache: insert - id: 2147484025  iface: QAccessibleInterface(0x561d23ec24b0 name="" role=CheckBox obj=QCheckBox(0x561d23ebda50, name = "showNotification")"focusable|invisible")
atspi-check	Run accessibility tree check	2026-09-05T15:12:10.5711389Z qt.accessibility.cache: insert - id: 2147484026  iface: QAccessibleInterface(0x561d23ec2c60 name="" role=CheckBox obj=QCheckBox(0x561d23ec2150, name = "confirmAccessItem")"focusable|invisible")
atspi-check	Run accessibility tree check	2026-09-05T15:12:10.5712687Z qt.accessibility.cache: insert - id: 2147484027  iface: QAccessibleInterface(0x561d23ec5350 name="" role=CheckBox obj=QCheckBox(0x561d23ec2c30, name = "confirmDeleteItem")"focusable|invisible")
atspi-check	Run accessibility tree check	2026-09-05T15:12:10.5714306Z qt.accessibility.cache: insert - id: 2147484028  iface: QAccessibleInterface(0x561d23ecaeb0 name="" role=CheckBox obj=QCheckBox(0x561d23ec2530, name = "unlockBeforeSearch")"focusable|invisible")
atspi-check	Run accessibility tree check	2026-09-05T15:12:10.5728248Z qt.accessibility.cache: insert - id: 2147484029  iface: QAccessibleInterface(0x561d23f24440 name="Enable KeepassXC Freedesktop.org Secret Service integration" role=CheckBox obj=QCheckBox(0x561d23e1fe80, name = "enableFdoSecretService")"focusable|invisible")
atspi-check	Run accessibility tree check	2026-09-05T15:12:10.5731379Z qt.accessibility.cache: insert - id: 2147484030  iface: QAccessibleInterface(0x561d23f24aa0 name="Exposed database groups:" role=StaticText obj=QLabel(0x561d23ec7d00, name = "label_2")"invisible")
atspi-check	Run accessibility tree check	2026-09-05T15:12:10.5732748Z qt.accessibility.cache: insert - id: 2147484031  iface: QAccessibleInterface(0x561d23f2ac80 name="These applications are currently connected:" role=StaticText obj=QLabel(0x561d23f09080, name = "label")"invisible")
atspi-check	Run accessibility tree check	2026-09-05T15:12:10.5736701Z qt.accessibility.cache: insert - id: 2147484032  iface: QAccessibleInterface(0x561d23f3b2a0 name="" role=Client obj=QWidget(0x561d23f0a550, name = "qt_scrollarea_viewport")"invisible")
atspi-check	Run accessibility tree check	2026-09-05T15:12:10.5738717Z qt.accessibility.cache: insert - id: 2147484033  iface: QAccessibleInterface(0x561d23f3b4a0 name="" role=ScrollBar obj=QScrollBar(0x561d23f0ca40)"invisible")
atspi-check	Run accessibility tree check	2026-09-05T15:12:10.5740978Z qt.accessibility.cache: insert - id: 2147484034  iface: QAccessibleInterface(0x561d23f3b4d0 name="" role=Client childc=1 obj=QWidget(0x561d23f0cb00, name = "qt_scrollarea_hcontainer")"invisible")
atspi-check	Run accessibility tree check	2026-09-05T15:12:10.5743014Z qt.accessibility.cache: insert - id: 2147484035  iface: QAccessibleInterface(0x561d23f3ba80 name="" role=ScrollBar obj=QScrollBar(0x561d23f0a670)"invisible")
atspi-check	Run accessibility tree check	2026-09-05T15:12:10.5745057Z qt.accessibility.cache: insert - id: 2147484036  iface: QAccessibleInterface(0x561d23f3bab0 name="" role=Client childc=1 obj=QWidget(0x561d23f0f740, name = "qt_scrollarea_vcontainer")"invisible")
atspi-check	Run accessibility tree check	2026-09-05T15:12:10.5747278Z qt.accessibility.cache: insert - id: 2147484037  iface: QAccessibleInterface(0x561d23f3c900 name="" role=Client obj=QWidget(0x561d23f11470, name = "qt_scrollarea_viewport")"invisible")
atspi-check	Run accessibility tree check	2026-09-05T15:12:10.5748948Z qt.accessibility.cache: insert - id: 2147484038  iface: QAccessibleInterface(0x561d23f3cc10 name="" role=ScrollBar obj=QScrollBar(0x561d23f114f0)"invisible")
atspi-check	Run accessibility tree check	2026-09-05T15:12:10.5750411Z qt.accessibility.cache: insert - id: 2147484039  iface: QAccessibleInterface(0x561d23f3ccf0 name="" role=Client childc=1 obj=QWidget(0x561d23f16750, name = "qt_scrollarea_hcontainer")"invisible")
atspi-check	Run accessibility tree check	2026-09-05T15:12:10.5751604Z qt.accessibility.cache: insert - id: 2147484040  iface: QAccessibleInterface(0x561d23f3d1d0 name="" role=ScrollBar obj=QScrollBar(0x561d23f11020)"invisible")
atspi-check	Run accessibility tree check	2026-09-05T15:12:10.5752747Z qt.accessibility.cache: insert - id: 2147484041  iface: QAccessibleInterface(0x561d23f3d240 name="" role=Client childc=1 obj=QWidget(0x561d23f195f0, name = "qt_scrollarea_vcontainer")"invisible")
atspi-check	Run accessibility tree check	2026-09-05T15:12:10.5753934Z qt.accessibility.cache: insert - id: 2147484042  iface: QAccessibleInterface(0x561d23f3d5c0 name="" role=Client childc=1 obj=QHeaderView(0x561d23f11b00)"invisible")
atspi-check	Run accessibility tree check	2026-09-05T15:12:10.5755060Z qt.accessibility.cache: insert - id: 2147484043  iface: QAccessibleInterface(0x561d23f3d770 name="" role=Client obj=QWidget(0x561d23f20280, name = "qt_scrollarea_viewport")"invisible")
atspi-check	Run accessibility tree check	2026-09-05T15:12:10.5756184Z qt.accessibility.cache: insert - id: 2147484044  iface: QAccessibleInterface(0x561d23f3d9f0 name="" role=ScrollBar obj=QScrollBar(0x561d23f20ad0)"invisible")
atspi-check	Run accessibility tree check	2026-09-05T15:12:10.5757316Z qt.accessibility.cache: insert - id: 2147484045  iface: QAccessibleInterface(0x561d23f3da20 name="" role=Client childc=1 obj=QWidget(0x561d23f20b90, name = "qt_scrollarea_hcontainer")"invisible")
atspi-check	Run accessibility tree check	2026-09-05T15:12:10.5758434Z qt.accessibility.cache: insert - id: 2147484046  iface: QAccessibleInterface(0x561d23f3e130 name="" role=ScrollBar obj=QScrollBar(0x561d23f202b0)"invisible")
atspi-check	Run accessibility tree check	2026-09-05T15:12:10.5759921Z qt.accessibility.cache: insert - id: 2147484047  iface: QAccessibleInterface(0x561d23f3e240 name="" role=Client childc=1 obj=QWidget(0x561d23f239f0, name = "qt_scrollarea_vcontainer")"invisible")
atspi-check	Run accessibility tree check	2026-09-05T15:12:10.5761094Z qt.accessibility.cache: insert - id: 2147484048  iface: QAccessibleInterface(0x561d23f3d660 name="" role=Client childc=1 obj=QHeaderView(0x561d23f1a2f0)"invisible")
atspi-check	Run accessibility tree check	2026-09-05T15:12:10.5762281Z qt.accessibility.cache: insert - id: 2147484049  iface: QAccessibleInterface(0x561d23f3e590 name="" role=Button obj=QTableCornerButton(0x561d23f246e0)"invisible")
atspi-check	Run accessibility tree check	2026-09-05T15:12:10.5763391Z qt.accessibility.cache: insert - id: 2147484050  iface: QAccessibleInterface(0x561d23f3f2e8 name="" role=Table childc=5 obj=QTableView(0x561d23f0a6c0, name = "tableClients")"invisible")
atspi-check	Run accessibility tree check	2026-09-05T15:12:10.5764538Z qt.accessibility.cache: insert - id: 2147484051  iface: QAccessibleInterface(0x561d23f3f460 name="" role=Client childc=2 obj=QWidget(0x561d23f08b50, name = "tab_2")"invisible")
atspi-check	Run accessibility tree check	2026-09-05T15:12:10.5765688Z qt.accessibility.cache: insert - id: 2147484052  iface: QAccessibleInterface(0x561d23f3f680 name="" role=Client obj=QWidget(0x561d23ecda20, name = "qt_scrollarea_viewport")"invisible")
atspi-check	Run accessibility tree check	2026-09-05T15:12:10.5766784Z qt.accessibility.cache: insert - id: 2147484053  iface: QAccessibleInterface(0x561d23f3fa70 name="" role=ScrollBar obj=QScrollBar(0x561d23ed0160)"invisible")
atspi-check	Run accessibility tree check	2026-09-05T15:12:10.5767921Z qt.accessibility.cache: insert - id: 2147484054  iface: QAccessibleInterface(0x561d23f3faa0 name="" role=Client childc=1 obj=QWidget(0x561d23eca580, name = "qt_scrollarea_hcontainer")"invisible")
atspi-check	Run accessibility tree check	2026-09-05T15:12:10.5769049Z qt.accessibility.cache: insert - id: 2147484055  iface: QAccessibleInterface(0x561d23f401a0 name="" role=ScrollBar obj=QScrollBar(0x561d23ecf990)"invisible")
atspi-check	Run accessibility tree check	2026-09-05T15:12:10.5770320Z qt.accessibility.cache: insert - id: 2147484056  iface: QAccessibleInterface(0x561d23f40010 name="" role=Client childc=1 obj=QWidget(0x561d23ed30c0, name = "qt_scrollarea_vcontainer")"invisible")
atspi-check	Run accessibility tree check	2026-09-05T15:12:10.5771535Z qt.accessibility.cache: insert - id: 2147484057  iface: QAccessibleInterface(0x561d23f40720 name="" role=Client obj=QWidget(0x561d23ed4c90, name = "qt_scrollarea_viewport")"invisible")
atspi-check	Run accessibility tree check	2026-09-05T15:12:10.5772622Z qt.accessibility.cache: insert - id: 2147484058  iface: QAccessibleInterface(0x561d23f40ab0 name="" role=ScrollBar obj=QScrollBar(0x561d23eda000)"invisible")
atspi-check	Run accessibility tree check	2026-09-05T15:12:10.5773760Z qt.accessibility.cache: insert - id: 2147484059  iface: QAccessibleInterface(0x561d23f40ae0 name="" role=Client childc=1 obj=QWidget(0x561d23eda0c0, name = "qt_scrollarea_hcontainer")"invisible")
atspi-check	Run accessibility tree check	2026-09-05T15:12:10.5774876Z qt.accessibility.cache: insert - id: 2147484060  iface: QAccessibleInterface(0x561d23f40d00 name="" role=ScrollBar obj=QScrollBar(0x561d23ed5200)"invisible")
atspi-check	Run accessibility tree check	2026-09-05T15:12:10.5775993Z qt.accessibility.cache: insert - id: 2147484061  iface: QAccessibleInterface(0x561d23f40e30 name="" role=Client childc=1 obj=QWidget(0x561d23edcf00, name = "qt_scrollarea_vcontainer")"invisible")
atspi-check	Run accessibility tree check	2026-09-05T15:12:10.5777144Z qt.accessibility.cache: insert - id: 2147484062  iface: QAccessibleInterface(0x561d23f3f1e0 name="" role=Client childc=1 obj=QHeaderView(0x561d23ed3500)"invisible")
atspi-check	Run accessibility tree check	2026-09-05T15:12:10.5778259Z qt.accessibility.cache: insert - id: 2147484063  iface: QAccessibleInterface(0x561d23f411f0 name="" role=Client obj=QWidget(0x561d23edee90, name = "qt_scrollarea_viewport")"invisible")
atspi-check	Run accessibility tree check	2026-09-05T15:12:10.5779345Z qt.accessibility.cache: insert - id: 2147484064  iface: QAccessibleInterface(0x561d23f41a20 name="" role=ScrollBar obj=QScrollBar(0x561d23ee4280)"invisible")
atspi-check	Run accessibility tree check	2026-09-05T15:12:10.5780741Z qt.accessibility.cache: insert - id: 2147484065  iface: QAccessibleInterface(0x561d23f41a50 name="" role=Client childc=1 obj=QWidget(0x561d23ee4340, name = "qt_scrollarea_hcontainer")"invisible")
atspi-check	Run accessibility tree check	2026-09-05T15:12:10.5781872Z qt.accessibility.cache: insert - id: 2147484066  iface: QAccessibleInterface(0x561d23f41c50 name="" role=ScrollBar obj=QScrollBar(0x561d23edeaf0)"invisible")
atspi-check	Run accessibility tree check	2026-09-05T15:12:10.5783168Z qt.accessibility.cache: insert - id: 2147484067  iface: QAccessibleInterface(0x561d23f41d60 name="" role=Client childc=1 obj=QWidget(0x561d23ee70c0, name = "qt_scrollarea_vcontainer")"invisible")
atspi-check	Run accessibility tree check	2026-09-05T15:12:10.5784318Z qt.accessibility.cache: insert - id: 2147484068  iface: QAccessibleInterface(0x561d23f41180 name="" role=Client childc=1 obj=QHeaderView(0x561d23edda80)"invisible")
atspi-check	Run accessibility tree check	2026-09-05T15:12:10.5785485Z qt.accessibility.cache: insert - id: 2147484069  iface: QAccessibleInterface(0x561d23f420b0 name="" role=Button obj=QTableCornerButton(0x561d23eea6c0)"invisible")
atspi-check	Run accessibility tree check	2026-09-05T15:12:10.5786603Z qt.accessibility.cache: insert - id: 2147484070  iface: QAccessibleInterface(0x561d23ac5048 name="" role=Table childc=4 obj=QTableView(0x561d23ecd040, name = "tableDatabases")"invisible")
atspi-check	Run accessibility tree check	2026-09-05T15:12:10.5787763Z qt.accessibility.cache: insert - id: 2147484071  iface: QAccessibleInterface(0x561d23f42720 name="" role=Client childc=6 obj=QWidget(0x561d23ebfa20, name = "tab")"invisible")
atspi-check	Run accessibility tree check	2026-09-05T15:12:10.5789004Z qt.accessibility.cache: insert - id: 2147484072  iface: QAccessibleInterface(0x561d23ac4f40 name="" role=LayeredPane childc=2 obj=QStackedWidget(0x561d23eb8200, name = "qt_tabwidget_stackedwidget")"invisible")
atspi-check	Run accessibility tree check	2026-09-05T15:12:10.5790637Z qt.accessibility.cache: insert - id: 2147484073  iface: QAccessibleInterface(0x561d23aac3b0 name="General" role=PageTabList childc=4 obj=QTabBar(0x561d23eade40, name = "qt_tabwidget_tabbar")"focusable|invisible")
atspi-check	Run accessibility tree check	2026-09-05T15:12:10.5791969Z qt.accessibility.cache: insert - id: 2147484074  iface: QAccessibleInterface(0x561d23ad28c0 name="" role=Client childc=2 obj=QTabWidget(0x561d23e1ff30, name = "tabWidget")"focusable|invisible")
atspi-check	Run accessibility tree check	2026-09-05T15:12:10.5877791Z qt.accessibility.cache: insert - id: 2147484075  iface: QAccessibleInterface(0x561d23546750 name="WARNING: You are using a development snapshot build of KeePassXC.\nMaintain a backup of your databases in the event of unknown bugs.\nThis version is not meant for production use." role=StaticText obj=QLabel(0x561d235e31b0)"focusable|invisible")
atspi-check	Run accessibility tree check	2026-09-05T15:12:10.5880901Z qt.accessibility.cache: insert - id: 2147484076  iface: QAccessibleInterface(0x561d23efbae0 name="Don't show again for this version" role=Button obj=QToolButton(0x561d23f9b780)"focusable|invisible")
atspi-check	Run accessibility tree check	2026-09-05T15:12:10.5941217Z qt.accessibility.cache: insert - id: 2147484077  iface: QAccessibleInterface(0x561d23ffdbd0 name="" role=Border childc=1 obj=MessageWidget(0x561d235c4bf0, name = "globalMessageWidget")"invisible")
atspi-check	Run accessibility tree check	2026-09-05T15:12:10.5945588Z qt.accessibility.cache: insert - id: 2147484078  iface: QAccessibleInterface(0x561d240035b0 name="" role=PopupMenu childc=3 obj=QMenu(0x561d23cd0f80, name = "menuEntryCopyAttribute")"invisible")
atspi-check	Run accessibility tree check	2026-09-05T15:12:10.5948124Z qt.accessibility.cache: insert - id: 2147484079  iface: QAccessibleInterface(0x561d23fc8130 name="" role=PopupMenu childc=5 obj=QMenu(0x561d23cd3ac0, name = "menuEntryTotp")"invisible")
atspi-check	Run accessibility tree check	2026-09-05T15:12:10.5950621Z qt.accessibility.cache: insert - id: 2147484080  iface: QAccessibleInterface(0x561d24014370 name="" role=PopupMenu obj=QMenu(0x561d23cd5890, name = "menuTags")"invisible")
atspi-check	Run accessibility tree check	2026-09-05T15:12:10.5952461Z qt.accessibility.cache: insert - id: 2147484081  iface: QAccessibleInterface(0x561d24016330 name="" role=PopupMenu childc=9 obj=QMenu(0x561d23db6b80)"invisible")
atspi-check	Run accessibility tree check	2026-09-05T15:12:10.5953944Z qt.accessibility.cache: insert - id: 2147484082  iface: QAccessibleInterface(0x561d240164c0 name="" role=PopupMenu childc=1 obj=QMenu(0x561d23ccb0e0, name = "menuRemoteSync")"invisible")
atspi-check	Run accessibility tree check	2026-09-05T15:12:10.5955471Z qt.accessibility.cache: insert - id: 2147484083  iface: QAccessibleInterface(0x561d24016b40 name="" role=PopupMenu childc=3 obj=QMenu(0x561d23cc7050, name = "menuExport")"invisible")
atspi-check	Run accessibility tree check	2026-09-05T15:12:10.6021674Z qt.accessibility.cache: insert - id: 2147484084  iface: QAccessibleInterface(0x561d240328c0 name="" role=Border childc=4 obj=QFrame(0x561d23586d50)rect=QRect(0,-1 800x78))
atspi-check	Run accessibility tree check	2026-09-05T15:12:10.6024966Z qt.accessibility.cache: insert - id: 2147484085  iface: QAccessibleInterface(0x561d24019940 name="" role=Graphic obj=QLabel(0x561d23b12f70, name = "iconLabel")rect=QRect(369,224 64x64))
atspi-check	Run accessibility tree check	2026-09-05T15:12:10.6027799Z qt.accessibility.cache: insert - id: 2147484086  iface: QAccessibleInterface(0x561d23ffe870 name="" role=Client childc=8 obj=WelcomeWidget(0x561d23a6f4a0, name = "welcomeWidget")rect=QRect(166,215 469x222))
atspi-check	Run accessibility tree check	2026-09-05T15:12:10.6031089Z qt.accessibility.cache: insert - id: 2147484087  iface: QAccessibleInterface(0x561d24032780 name="" role=Client childc=1 obj=QWidget(0x561d239a8050, name = "pageWelcome")rect=QRect(0,77 800x499))
atspi-check	Run accessibility tree check	2026-09-05T15:12:10.6032948Z qt.accessibility.cache: insert - id: 2147484088  iface: QAccessibleInterface(0x561d2402da90 name="" role=LayeredPane childc=4 obj=QStackedWidget(0x561d235de740, name = "stackedWidget")rect=QRect(0,77 800x499))
atspi-check	Run accessibility tree check	2026-09-05T15:12:10.6034626Z qt.accessibility.cache: insert - id: 2147484089  iface: QAccessibleInterface(0x561d23e8de30 name="" role=Client childc=3 obj=QWidget(0x561d235c6290, name = "centralwidget")rect=QRect(0,77 800x499))
atspi-check	Run accessibility tree check	2026-09-05T15:12:10.6036751Z qt.accessibility.cache: insert - id: 2147484090  iface: QAccessibleInterface(0x561d23efebe0 name="" role=MenuBar childc=6 obj=QMenuBar(0x561d23585600, name = "menubar")rect=QRect(0,0 800x23))
atspi-check	Run accessibility tree check	2026-09-05T15:12:10.6039157Z qt.accessibility.cache: insert - id: 2147484091  iface: QAccessibleInterface(0x561d2402e1e0 name="" role=CheckBox obj=QToolBarExtension(0x561d23cd0ee0, name = "qt_toolbar_ext_button")rect=QRect(762,30 32x40))
atspi-check	Run accessibility tree check	2026-09-05T15:12:10.6042171Z qt.accessibility.cache: insert - id: 2147484092  iface: QAccessibleInterface(0x561d2402e210 name="" role=Client obj=QToolBarSeparator(0x561d23ce69a0)rect=QRect(145,30 9x40))
atspi-check	Run accessibility tree check	2026-09-05T15:12:10.6044526Z qt.accessibility.cache: insert - id: 2147484093  iface: QAccessibleInterface(0x561d235c54c0 name="" role=Client obj=QToolBarSeparator(0x561d23ccba20)rect=QRect(281,30 9x40))
atspi-check	Run accessibility tree check	2026-09-05T15:12:10.6046600Z qt.accessibility.cache: insert - id: 2147484094  iface: QAccessibleInterface(0x561d2401e850 name="" role=Client obj=QToolBarSeparator(0x561d23c7eb50)rect=QRect(471,30 9x40))
atspi-check	Run accessibility tree check	2026-09-05T15:12:10.6048795Z qt.accessibility.cache: insert - id: 2147484095  iface: QAccessibleInterface(0x561d2402c7a0 name="" role=Client obj=QToolBarSeparator(0x561d23c7b3a0)rect=QRect(565,30 9x40))
atspi-check	Run accessibility tree check	2026-09-05T15:12:10.6052113Z qt.accessibility.cache: insert - id: 2147484096  iface: QAccessibleInterface(0x561d240356a0 name="" role=Client obj=QToolBarSeparator(0x561d23d21e00)rect=QRect(659,30 9x40))
atspi-check	Run accessibility tree check	2026-09-05T15:12:10.6054271Z qt.accessibility.cache: insert - id: 2147484097  iface: QAccessibleInterface(0x561d24035970 name="" role=StaticText obj=QLabel(0x561d2400f3c0, name = "statusBarLabel")rect=QRect(793,579 6x19))
atspi-check	Run accessibility tree check	2026-09-05T15:12:10.6056157Z qt.accessibility.cache: insert - id: 2147484098  iface: QAccessibleInterface(0x561d2402d020 name="" role=Grip obj=QSizeGrip(0x561d23fc7f20)rect=QRect(0,576 100x30))
atspi-check	Run accessibility tree check	2026-09-05T15:12:10.6058078Z qt.accessibility.cache: insert - id: 2147484099  iface: QAccessibleInterface(0x561d2402d200 name="" role=StatusBar childc=4 obj=QStatusBar(0x561d23feff00)rect=QRect(0,576 800x24))
atspi-check	Run accessibility tree check	2026-09-05T15:12:10.6060565Z qt.accessibility.cache: insert - id: 2147484100  iface: QAccessibleInterface(0x7fb580003da0 name="KeePassXC" role=Window childc=4 obj=MainWindow(0x7ffcd7eaf8e0, name = "MainWindow")rect=QRect(0,0 800x600))
atspi-check	Run accessibility tree check	2026-09-05T15:12:13.2229015Z === KeePassXC process environment ===
atspi-check	Run accessibility tree check	2026-09-05T15:12:13.2253085Z AT_SPI_BUS_ADDRESS=unix:path=/run/user/1001/at-spi/bus_99,guid=61929cf5daef04a94a70b4cf6a9c30f2
atspi-check	Run accessibility tree check	2026-09-05T15:12:13.2254249Z DBUS_SESSION_BUS_ADDRESS=unix:path=/tmp/dbus-WVflRm3Cbc,guid=2d0b8bb4d78302d1bf04cd656a9c30f1
atspi-check	Run accessibility tree check	2026-09-05T15:12:13.2254763Z DISPLAY=:99
atspi-check	Run accessibility tree check	2026-09-05T15:12:13.2255052Z QT_ACCESSIBILITY=1
atspi-check	Run accessibility tree check	2026-09-05T15:12:13.2255392Z QT_LINUX_ACCESSIBILITY_ALWAYS_ON=1
atspi-check	Run accessibility tree check	2026-09-05T15:12:13.2255680Z QT_LOGGING_RULES=qt.accessibility.*=true
atspi-check	Run accessibility tree check	2026-09-05T15:12:13.2256599Z QT_QPA_PLATFORM=xcb
atspi-check	Run accessibility tree check	2026-09-05T15:12:13.2257151Z === AT-SPI services after app launch ===
atspi-check	Run accessibility tree check	2026-09-05T15:12:13.2309049Z :1.5                               8184 keepassxc       runner :1.5          hosted-compute-agent.service -       -
atspi-check	Run accessibility tree check	2026-09-05T15:12:13.2310270Z org.a11y.Bus                       8137 at-spi-bus-laun runner :1.2          hosted-compute-agent.service -       -
atspi-check	Run accessibility tree check	2026-09-05T15:12:13.2311248Z org.keepassxc.KeePassXC.MainWindow 8184 keepassxc       runner :1.5          hosted-compute-agent.service -       -
atspi-check	Run accessibility tree check	2026-09-05T15:12:13.2312179Z === KeePassXC process status ===
atspi-check	Run accessibility tree check	2026-09-05T15:12:13.2490147Z    8184 SLl  ./build-debug/src/keepassxc
atspi-check	Run accessibility tree check	2026-09-05T15:12:35.1654903Z FAILED: 'keepassxc' never appeared on the AT-SPI bus within 15s (child of [desktop frame | main]: "keepassxc" application).
atspi-check	Run accessibility tree check	2026-09-05T15:12:35.1656377Z Creating logfile at /tmp/dogtail-runner/logs/dump_tree_20260905-151213_debug ...
atspi-check	Run accessibility tree check	2026-09-05T15:12:35.1657647Z Warning: AT-SPI's desktop is visible but it has no children. Are you running any AT-SPI-aware applications?
atspi-check	Run accessibility tree check	2026-09-05T15:12:35.1658988Z searching for child of [desktop frame | main]: "keepassxc" application (attempt 3)
atspi-check	Run accessibility tree check	2026-09-05T15:12:35.1660896Z searching for child of [desktop frame | main]: "keepassxc" application (attempt 4)
atspi-check	Run accessibility tree check	2026-09-05T15:12:35.1662014Z searching for child of [desktop frame | main]: "keepassxc" application (attempt 5)
atspi-check	Run accessibility tree check	2026-09-05T15:12:35.1663082Z searching for child of [desktop frame | main]: "keepassxc" application (attempt 6)
atspi-check	Run accessibility tree check	2026-09-05T15:12:35.1664087Z searching for child of [desktop frame | main]: "keepassxc" application (attempt 7)
atspi-check	Run accessibility tree check	2026-09-05T15:12:35.1664856Z searching for child of [desktop frame | main]: "keepassxc" application (attempt 8)
atspi-check	Run accessibility tree check	2026-09-05T15:12:35.1665616Z searching for child of [desktop frame | main]: "keepassxc" application (attempt 9)
atspi-check	Run accessibility tree check	2026-09-05T15:12:35.1666382Z searching for child of [desktop frame | main]: "keepassxc" application (attempt 10)
atspi-check	Run accessibility tree check	2026-09-05T15:12:35.1667152Z searching for child of [desktop frame | main]: "keepassxc" application (attempt 11)
atspi-check	Run accessibility tree check	2026-09-05T15:12:35.1667921Z searching for child of [desktop frame | main]: "keepassxc" application (attempt 12)
atspi-check	Run accessibility tree check	2026-09-05T15:12:35.1668674Z searching for child of [desktop frame | main]: "keepassxc" application (attempt 13)
atspi-check	Run accessibility tree check	2026-09-05T15:12:35.1669615Z searching for child of [desktop frame | main]: "keepassxc" application (attempt 14)
atspi-check	Run accessibility tree check	2026-09-05T15:12:35.1670382Z searching for child of [desktop frame | main]: "keepassxc" application (attempt 15)
atspi-check	Run accessibility tree check	2026-09-05T15:12:35.1671157Z searching for child of [desktop frame | main]: "keepassxc" application (attempt 16)
atspi-check	Run accessibility tree check	2026-09-05T15:12:35.1671913Z searching for child of [desktop frame | main]: "keepassxc" application (attempt 17)
atspi-check	Run accessibility tree check	2026-09-05T15:12:35.1672672Z searching for child of [desktop frame | main]: "keepassxc" application (attempt 18)
atspi-check	Run accessibility tree check	2026-09-05T15:12:35.1673444Z searching for child of [desktop frame | main]: "keepassxc" application (attempt 19)
atspi-check	Run accessibility tree check	2026-09-05T15:12:35.1674252Z searching for child of [desktop frame | main]: "keepassxc" application (attempt 3)
atspi-check	Run accessibility tree check	2026-09-05T15:12:35.1674875Z searching for child of [desktop frame | main]: "keepassxc" application (attempt 4)
atspi-check	Run accessibility tree check	2026-09-05T15:12:35.1675473Z searching for child of [desktop frame | main]: "keepassxc" application (attempt 5)
atspi-check	Run accessibility tree check	2026-09-05T15:12:35.1676065Z searching for child of [desktop frame | main]: "keepassxc" application (attempt 6)
atspi-check	Run accessibility tree check	2026-09-05T15:12:35.1676655Z searching for child of [desktop frame | main]: "keepassxc" application (attempt 7)
atspi-check	Run accessibility tree check	2026-09-05T15:12:35.1677242Z searching for child of [desktop frame | main]: "keepassxc" application (attempt 8)
atspi-check	Run accessibility tree check	2026-09-05T15:12:35.1677822Z searching for child of [desktop frame | main]: "keepassxc" application (attempt 9)
atspi-check	Run accessibility tree check	2026-09-05T15:12:35.1678409Z searching for child of [desktop frame | main]: "keepassxc" application (attempt 10)
atspi-check	Run accessibility tree check	2026-09-05T15:12:35.1679002Z searching for child of [desktop frame | main]: "keepassxc" application (attempt 11)
atspi-check	Run accessibility tree check	2026-09-05T15:12:35.1679739Z searching for child of [desktop frame | main]: "keepassxc" application (attempt 12)
atspi-check	Run accessibility tree check	2026-09-05T15:12:35.1680821Z searching for child of [desktop frame | main]: "keepassxc" application (attempt 13)
atspi-check	Run accessibility tree check	2026-09-05T15:12:35.1681408Z searching for child of [desktop frame | main]: "keepassxc" application (attempt 14)
atspi-check	Run accessibility tree check	2026-09-05T15:12:35.1681990Z searching for child of [desktop frame | main]: "keepassxc" application (attempt 15)
atspi-check	Run accessibility tree check	2026-09-05T15:12:35.1682574Z searching for child of [desktop frame | main]: "keepassxc" application (attempt 16)
atspi-check	Run accessibility tree check	2026-09-05T15:12:35.1683310Z searching for child of [desktop frame | main]: "keepassxc" application (attempt 17)
atspi-check	Run accessibility tree check	2026-09-05T15:12:35.1683895Z searching for child of [desktop frame | main]: "keepassxc" application (attempt 18)
atspi-check	Run accessibility tree check	2026-09-05T15:12:35.1684448Z searching for child of [desktop frame | main]: "keepassxc" application (attempt 19)
atspi-check	Run accessibility tree check	2026-09-05T15:12:35.1685441Z This means either the app didn't launch, or it isn't registering with AT-SPI at all -- check that QT_LINUX_ACCESSIBILITY_ALWAYS_ON=1 is actually taking effect on this Qt6 build before assuming the widget code is at fault.
atspi-check	Run accessibility tree check	2026-09-05T15:12:40.3130641Z ##[error]Process completed with exit code 1.
atspi-check	Upload tree dump	﻿2026-09-05T15:12:40.3398608Z Node 20 is being deprecated. This workflow is running with Node 24 by default. If you need to temporarily use Node 20, you can set the ACTIONS_ALLOW_USE_UNSECURE_NODE_VERSION=true environment variable. For more information see: https://github.blog/changelog/2025-09-19-deprecation-of-node-20-on-github-actions-runners/
atspi-check	Upload tree dump	2026-09-05T15:12:40.3401023Z ##[group]Run actions/upload-artifact@v4
atspi-check	Upload tree dump	2026-09-05T15:12:40.3401317Z with:
atspi-check	Upload tree dump	2026-09-05T15:12:40.3401521Z   name: atspi-tree-dump
atspi-check	Upload tree dump	2026-09-05T15:12:40.3401766Z   path: atspi-tree-dump.txt
atspi-check	Upload tree dump	2026-09-05T15:12:40.3402015Z   if-no-files-found: ignore
atspi-check	Upload tree dump	2026-09-05T15:12:40.3402257Z   compression-level: 6
atspi-check	Upload tree dump	2026-09-05T15:12:40.3402486Z   overwrite: false
atspi-check	Upload tree dump	2026-09-05T15:12:40.3402719Z   include-hidden-files: false
atspi-check	Upload tree dump	2026-09-05T15:12:40.3402968Z ##[endgroup]
atspi-check	Upload tree dump	2026-09-05T15:12:40.5118420Z (node:8216) [DEP0040] DeprecationWarning: The `punycode` module is deprecated. Please use a userland alternative instead.
atspi-check	Upload tree dump	2026-09-05T15:12:40.5119763Z (Use `node --trace-deprecation ...` to show where the warning was created)
atspi-check	Upload tree dump	2026-09-05T15:12:40.5176232Z No files were found with the provided path: atspi-tree-dump.txt. No artifacts will be uploaded.
atspi-check	Post Checkout code	﻿2026-09-05T15:12:40.5881244Z Node 20 is being deprecated. This workflow is running with Node 24 by default. If you need to temporarily use Node 20, you can set the ACTIONS_ALLOW_USE_UNSECURE_NODE_VERSION=true environment variable. For more information see: https://github.blog/changelog/2025-09-19-deprecation-of-node-20-on-github-actions-runners/
atspi-check	Post Checkout code	2026-09-05T15:12:40.5882570Z Post job cleanup.
atspi-check	Post Checkout code	2026-09-05T15:12:40.6775626Z [command]/usr/bin/git version
atspi-check	Post Checkout code	2026-09-05T15:12:40.6822794Z git version 2.55.0
atspi-check	Post Checkout code	2026-09-05T15:12:40.6868896Z Temporarily overriding HOME='/home/runner/work/_temp/70b7de2a-f3cf-4023-9e94-16b93cd92801' before making global git config changes
atspi-check	Post Checkout code	2026-09-05T15:12:40.6870903Z Adding repository directory to the temporary git global config as a safe directory
atspi-check	Post Checkout code	2026-09-05T15:12:40.6875504Z [command]/usr/bin/git config --global --add safe.directory /home/runner/work/keepassxc/keepassxc
atspi-check	Post Checkout code	2026-09-05T15:12:40.6921025Z [command]/usr/bin/git config --local --name-only --get-regexp core\.sshCommand
atspi-check	Post Checkout code	2026-09-05T15:12:40.6972791Z [command]/usr/bin/git submodule foreach --recursive sh -c "git config --local --name-only --get-regexp 'core\.sshCommand' && git config --local --unset-all 'core.sshCommand' || :"
atspi-check	Post Checkout code	2026-09-05T15:12:40.7332596Z [command]/usr/bin/git config --local --name-only --get-regexp http\.https\:\/\/github\.com\/\.extraheader
atspi-check	Post Checkout code	2026-09-05T15:12:40.7373519Z http.https://github.com/.extraheader
atspi-check	Post Checkout code	2026-09-05T15:12:40.7387332Z [command]/usr/bin/git config --local --unset-all http.https://github.com/.extraheader
atspi-check	Post Checkout code	2026-09-05T15:12:40.7442616Z [command]/usr/bin/git submodule foreach --recursive sh -c "git config --local --name-only --get-regexp 'http\.https\:\/\/github\.com\/\.extraheader' && git config --local --unset-all 'http.https://github.com/.extraheader' || :"
atspi-check	Post Checkout code	2026-09-05T15:12:40.7739865Z [command]/usr/bin/git config --local --name-only --get-regexp ^includeIf\.gitdir:
atspi-check	Post Checkout code	2026-09-05T15:12:40.7788198Z [command]/usr/bin/git submodule foreach --recursive git config --local --show-origin --name-only --get-regexp remote.origin.url
atspi-check	Complete job	﻿2026-09-05T15:12:40.8206522Z Cleaning up orphan processes
atspi-check	Complete job	2026-09-05T15:12:40.8563880Z Terminate orphan process: pid (8109) (Xvfb)
atspi-check	Complete job	2026-09-05T15:12:40.8595774Z Terminate orphan process: pid (8118) (fluxbox)
atspi-check	Complete job	2026-09-05T15:12:40.8641073Z Terminate orphan process: pid (8184) (keepassxc)
atspi-check	Complete job	2026-09-05T15:12:40.8648637Z ##[warning]Node.js 20 is deprecated. The following actions target Node.js 20 but are being forced to run on Node.js 24: actions/checkout@v4, actions/upload-artifact@v4. For more information see: https://github.blog/changelog/2025-09-19-deprecation-of-node-20-on-github-actions-runners/
